algorithm_id,algorithm_label,seed,checkpoint_index,iteration,episode,nodes_touched,wall_clock_seconds,exploitability,average_policy_value,policy_value_error,average_policy_loss,regret_loss_player_0,regret_loss_player_1,baseline_loss_player_0,baseline_loss_player_1,checkpoint_kind,checkpoint_target_nodes,is_initial_policy_evaluation,is_final_policy_evaluation,result_source,calibration_loss,unbiased_estimator_sample_count,control_variate_beta_mean,control_variate_beta_min,control_variate_beta_max,predicted_residual_variance_mean,q_ensemble_disagreement_mean,q_residual_abs_mean,control_residual_abs_mean,importance_correction_abs_mean,policy_weighted_advantage_abs_mean,full_support_sampling_min_probability,calibration_target_version,q_ensemble_target_version_min,q_ensemble_target_version_max,prediction_gate_player_0,prediction_gate_player_1,prediction_gate_next_player_0,prediction_gate_next_player_1,predictor_relative_skill_player_0,predictor_relative_skill_player_1,predictor_holdout_mse_player_0,predictor_holdout_mse_player_1,predictor_zero_mse_player_0,predictor_zero_mse_player_1,q_fold_0_replay_size,q_fold_1_replay_size,q_fold_2_replay_size,rho_controller_loss,rho_controller_target_version,rho_controller_replay_size,fast_slow_rho_mean,fast_slow_rho_min,fast_slow_rho_max,fast_critic_disagreement_mean,slow_critic_disagreement_mean,fast_slow_prediction_gap_mean,fast_critic_sampled_mse,slow_critic_sampled_mse,mixture_critic_sampled_mse,fast_critic_loss,slow_critic_loss,fast_critic_target_version_min,fast_critic_target_version_max,slow_critic_target_version_min,slow_critic_target_version_max,slow_critic_lifetime_seen_count,fast_q_fold_0_replay_size,fast_q_fold_1_replay_size,fast_q_fold_2_replay_size
unbiased_control_variate_escher,Unbiased Control-Variate ESCHER (Experiment 6),0,0,0,0,0.0,0.746279530999999,2.373611111111111,-0.078125,0.007481424077999996,,,,,,initial_untrained_policy,,True,False,saved_experiment_6,,0.0,0.0,,,0.0,0.0,0.0,0.0,0.0,0.0,1.0,0.0,0.0,0.0,0.0,0.0,0.0,0.0,0.0,0.0,,,,,0.0,0.0,0.0,,,,,,,,,,,,,,,,,,,,,,
unbiased_control_variate_escher,Unbiased Control-Variate ESCHER (Experiment 6),0,1,1,1532,10000.0,32.16524031499998,1.0070352306486212,0.006773903845688753,0.09238032792368875,3.082966770762141e-08,,,,,early_node_threshold,10000,False,False,saved_experiment_6,,4624.0,1.0,1.0,1.0,1.0000100135803223,0.0,0.06983630556294954,0.06983630556294954,0.10475445834442328,0.0,0.5,0.0,0.0,0.0,0.0,0.0,0.0,0.0,0.0,0.0,,,,,1550.0,1526.0,1548.0,,,,,,,,,,,,,,,,,,,,,,
unbiased_control_variate_escher,Unbiased Control-Variate ESCHER (Experiment 6),0,2,1,20000,129605.0,439.972850213,3.9998844186791316,1.000007137070458,1.0856135611484579,1.9813386487044227e-08,0.007003729697316885,0.22124624252319336,8.560290728117556e-07,8.560290728117556e-07,outer_iteration,,False,False,saved_experiment_6,-2.64475154876709,61189.0,1.0,1.0,1.0,1.0000100135803223,0.0,0.13272999043319658,0.13272999043319658,0.25201990805294044,0.0,0.3333333333333333,1.0,1.0,1.0,0.0,0.0,0.0,0.0,0.0,0.0,0.01391579769551754,0.32613009214401245,0.01391579769551754,0.32613009214401245,20348.0,20381.0,20460.0,,,,,,,,,,,,,,,,,,,,,,
unbiased_control_variate_escher,Unbiased Control-Variate ESCHER (Experiment 6),0,3,2,40000,293559.0,889.310554778,6.255555470275516,1.568258279419163,1.653864703497163,0.1396484524011612,0.5866996645927429,2.5869553089141846,0.001185603051756819,0.001185603051756819,outer_iteration,,False,False,saved_experiment_6,-1.3126498460769653,91183.0,0.8654618773489169,0.0,2.0,0.037320418752820404,0.0015364687498144755,0.5186730297966303,0.5309875437072411,0.9171308905807483,8.579640275871779e-18,0.08785572729109063,2.0,2.0,2.0,0.0,0.0,0.0,0.0,-0.0021499096468049483,-0.019608988724577614,1.0356230735778809,3.4110679626464844,1.0331326723098755,3.289017915725708,50753.0,50784.0,50835.0,,,,,,,,,,,,,,,,,,,,,,
unbiased_control_variate_escher,Unbiased Control-Variate ESCHER (Experiment 6),0,4,3,60000,476766.0,1365.744700803,3.66283844916976,0.7180083811361535,0.8036148052141535,0.09110083431005478,5.475736141204834,0.544413149356842,0.000523475716666629,0.000523475716666629,outer_iteration,,False,False,saved_experiment_6,-0.922812819480896,105452.0,1.1228233092064384,0.0,2.0,2.927506859096627,0.0035812262645520117,0.37600906401999945,0.40512434486095217,0.7375921880652669,1.3224766245267837e-17,0.07763777708973843,3.0,3.0,3.0,0.0,0.0,0.0,0.0,-0.053161981581365314,-0.02746834105020013,5.507630825042725,1.520545482635498,5.179116725921631,1.437045931816101,85948.0,85936.0,85940.0,,,,,,,,,,,,,,,,,,,,,,
unbiased_control_variate_escher,Unbiased Control-Variate ESCHER (Experiment 6),0,5,4,80000,650484.0,1827.873066425,2.3712770719560874,0.04325793747852724,0.12886436155652725,0.06167125701904297,0.4775868356227875,0.10802028328180313,0.0020728932383159795,0.0020728932383159795,outer_iteration,,False,False,saved_experiment_6,-1.05873703956604,97993.0,0.9696237078505349,0.0,2.0,1.1934038497980846,0.0017317045948380485,0.18655733056581347,0.19728292030945063,0.39485282387427467,1.1187303500895663e-17,0.07329822315900848,4.0,4.0,4.0,0.0,0.0,0.0,0.0,-0.06830571664845841,-0.03293223749859253,0.792610228061676,0.28781425952911377,0.6625566482543945,0.24512821435928345,118632.0,118638.0,118547.0,,,,,,,,,,,,,,,,,,,,,,
unbiased_control_variate_escher,Unbiased Control-Variate ESCHER (Experiment 6),0,6,5,100000,818512.0,2279.748368688,1.270991201984699,0.045306421568854505,0.13091284564685451,0.05295078828930855,0.10711131244897842,0.07172229886054993,0.008885546742628017,0.008885546742628017,outer_iteration,,False,False,saved_experiment_6,-1.1408209800720215,92817.0,0.993631029904433,0.0,2.0,0.07356949570990175,0.001498702451132559,0.14437647997926037,0.1586918234273159,0.3073110763500893,1.026003944780304e-17,0.07886629320077554,5.0,5.0,5.0,0.0,0.0,0.0,0.0,-0.06392602277792969,-0.03152930861678738,0.16186808049678802,0.10514848679304123,0.17534239590168,0.10998883843421936,149686.0,149326.0,149622.0,,,,,,,,,,,,,,,,,,,,,,
unbiased_control_variate_escher,Unbiased Control-Variate ESCHER (Experiment 6),0,7,6,120000,988616.0,2746.205592353,0.7693591567928303,-0.03950698804033345,0.046099436037666544,0.04204413667321205,0.06905029714107513,0.053111638873815536,0.012248765677213669,0.012248765677213669,outer_iteration,,False,False,saved_experiment_6,-1.211709976196289,94445.0,1.0641219504140293,0.0,2.0,0.043765815221792494,0.0007430881381677287,0.12460008910589909,0.12846287801996997,0.25388290441452616,9.433011181447545e-18,0.07869482060534774,6.0,6.0,6.0,0.0,0.0,0.0,0.0,-0.06041608154574862,-0.029554686208941527,0.10252638906240463,0.0860154777765274,0.11399639397859573,0.09395847469568253,181143.0,180759.0,181177.0,,,,,,,,,,,,,,,,,,,,,,
unbiased_control_variate_escher,Unbiased Control-Variate ESCHER (Experiment 6),0,8,7,140000,1159338.0,3203.241365916,0.6442166684204687,-0.10585971694867033,0.020253292870670334,0.032132163643836975,0.057745207101106644,0.05541132017970085,0.013109961524605751,0.013109961524605751,outer_iteration,,False,False,saved_experiment_6,-1.3397340774536133,94939.0,1.0090271133167386,0.0,2.0,0.034209276140356064,0.0004434410510001262,0.11536061693937759,0.11936262161879468,0.2327635364964051,9.495989321419227e-18,0.08927164910585617,7.0,7.0,7.0,0.0,0.0,0.0,0.0,-0.05696680788524611,-0.027812205891064368,0.08303942531347275,0.0772082582116127,0.09425957500934601,0.08354569971561432,212676.0,212414.0,212928.0,,,,,,,,,,,,,,,,,,,,,,
unbiased_control_variate_escher,Unbiased Control-Variate ESCHER (Experiment 6),0,9,8,160000,1331712.0,3664.056300229,0.5663124095190947,-0.11177414639621774,0.026167722318217748,0.02672889269888401,0.05600196123123169,0.05058976635336876,0.013035004337628683,0.013035004337628683,outer_iteration,,False,False,saved_experiment_6,-1.4648844003677368,96497.0,1.0031780069518432,0.0,2.0,0.030817553379576486,0.0002916841632444894,0.11679608494686426,0.12015889778134908,0.2236782672532254,9.060290823719296e-18,0.09211749895434615,8.0,8.0,8.0,0.0,0.0,0.0,0.0,-0.053578734741346334,-0.025175687926696444,0.08315858244895935,0.07246655970811844,0.09312253445386887,0.08238507807254791,244749.0,244614.0,245152.0,,,,,,,,,,,,,,,,,,,,,,
unbiased_control_variate_escher,Unbiased Control-Variate ESCHER (Experiment 6),0,10,9,180000,1503203.0,4130.43310868,0.5478145935398657,-0.1367616569667263,0.051155232888726296,0.022829273715615273,0.05806936323642731,0.04093173146247864,0.0126491142436862,0.0126491142436862,outer_iteration,,False,False,saved_experiment_6,-1.5564109086990356,95600.0,1.0029429844503517,0.0,2.0,0.042138123068002055,0.00021173072377601062,0.11421910845434462,0.11601241846728971,0.22040655738709453,9.619172640477759e-18,0.08492212039544704,9.0,9.0,9.0,0.0,0.0,0.0,0.0,-0.05033474777139002,-0.022500994227466764,0.08669032901525497,0.06054616719484329,0.09506291151046753,0.07011643797159195,276635.0,276474.0,277006.0,,,,,,,,,,,,,,,,,,,,,,
unbiased_control_variate_escher,Unbiased Control-Variate ESCHER (Experiment 6),0,11,10,200000,1676092.0,4589.433253844,0.4535002147441739,-0.13952745251948723,0.05392102844148723,0.020543290302157402,0.059218067675828934,0.04913916811347008,0.011333171899120012,0.011333171899120012,outer_iteration,,False,False,saved_experiment_6,-1.5586919784545898,96606.0,0.9979626098901014,0.0,2.0,0.045024265986085735,0.00017464518761057355,0.1210672217043914,0.12244023052082721,0.2363870913233328,9.565096076279765e-18,0.08627970997551662,10.0,10.0,10.0,0.0,0.0,0.0,0.0,-0.046346832979411445,-0.020697821553618878,0.08738214522600174,0.07321322709321976,0.09775033593177795,0.07846688479185104,308856.0,308659.0,309206.0,,,,,,,,,,,,,,,,,,,,,,
unbiased_control_variate_escher,Unbiased Control-Variate ESCHER (Experiment 6),0,12,11,220000,1848609.0,5056.664725947,0.3856476536686587,-0.137261603742202,0.05165517966420201,0.017978256568312645,0.056903496384620667,0.04519153758883476,0.013203376283248266,0.013203376283248266,outer_iteration,,False,False,saved_experiment_6,-1.520211935043335,96384.0,1.0093047256515935,0.0,2.0,0.04944144397593484,0.00013468331139693433,0.12390990551643562,0.12394044851170324,0.23643382554551656,9.837953807451426e-18,0.08485478719251163,11.0,11.0,11.0,0.0,0.0,0.0,0.0,-0.042844462493847324,-0.017666865339551308,0.09176381677389145,0.06742174178361893,0.09958159923553467,0.07668573409318924,333333.0,333333.0,333333.0,,,,,,,,,,,,,,,,,,,,,,
unbiased_control_variate_escher,Unbiased Control-Variate ESCHER (Experiment 6),0,13,12,240000,2019373.0,5520.229128564,0.3326245080163851,-0.12184042456173005,0.03623400048373006,0.016562022268772125,0.058862894773483276,0.043270036578178406,0.013824580858151117,0.013824580858151117,outer_iteration,,False,False,saved_experiment_6,-1.6334742307662964,94681.0,0.9992098575349221,0.0,2.0,0.05250351116440888,0.00010490785033961969,0.11330098117392373,0.11338477555498847,0.223069453670204,9.706229605532365e-18,0.08509906758308106,12.0,12.0,12.0,0.0,0.0,0.0,0.0,-0.03877263118886409,-0.01399746849493222,0.0841820016503334,0.06217413768172264,0.09356344491243362,0.07297588884830475,333333.0,333333.0,333333.0,,,,,,,,,,,,,,,,,,,,,,
unbiased_control_variate_escher,Unbiased Control-Variate ESCHER (Experiment 6),0,14,13,260000,2188812.0,5969.936012576,0.2760450679764974,-0.1233382383742671,0.03773181429626711,0.013927971012890339,0.05306835472583771,0.04301438853144646,0.01657442810634772,0.01657442810634772,outer_iteration,,False,False,saved_experiment_6,-1.8130717277526855,93501.0,1.0018291001285995,0.06509918752652566,1.9612885906115713,0.05113592557743082,8.453923792189746e-05,0.10857099153473934,0.10867395135473813,0.200928035366811,8.845738026925876e-18,0.08350075398406771,13.0,13.0,13.0,0.0,0.0,0.0,0.0,-0.03466597593367449,-0.009906060838294373,0.08046219497919083,0.05969328060746193,0.08951330184936523,0.07112215459346771,333333.0,333333.0,333333.0,,,,,,,,,,,,,,,,,,,,,,
unbiased_control_variate_escher,Unbiased Control-Variate ESCHER (Experiment 6),0,15,14,280000,2358592.0,6417.214905754,0.2585520286196706,-0.12993437796540058,0.04432795388740059,0.015409465879201889,0.05582151189446449,0.05144882574677467,0.015115439891815186,0.015115439891815186,outer_iteration,,False,False,saved_experiment_6,-1.9220205545425415,93667.0,1.0049301554290266,0.09286436784828822,2.0,0.050643255763980495,9.710264214091548e-05,0.10768829005581082,0.107668803992688,0.20673721705592868,8.411075303215093e-18,0.08482718728527408,14.0,14.0,14.0,0.0,0.0,0.0,0.0,-0.029818396339321485,-0.006335259341353261,0.08310841768980026,0.07379723340272903,0.0936196893453598,0.0830303430557251,333333.0,333333.0,333333.0,,,,,,,,,,,,,,,,,,,,,,
unbiased_control_variate_escher,Unbiased Control-Variate ESCHER (Experiment 6),0,16,15,300000,2528397.0,6866.452003053,0.23791242328436196,-0.12376167446747596,0.03815525038947597,0.015141397714614868,0.05004960671067238,0.04975903034210205,0.016237868306537468,0.016237868306537468,outer_iteration,,False,False,saved_experiment_6,-1.99778151512146,93707.0,1.00876042316003,0.2677675444962244,2.0,0.047323483234465974,9.817855980397633e-05,0.10744138843726701,0.1078168155570795,0.2034931712569073,8.493597828812563e-18,0.08338322468647831,15.0,15.0,15.0,0.0,0.0,0.0,0.0,-0.02523570378012563,-0.0017094524848173531,0.0754043385386467,0.07202714681625366,0.08496467769145966,0.08360814303159714,333333.0,333333.0,333333.0,,,,,,,,,,,,,,,,,,,,,,
unbiased_control_variate_escher,Unbiased Control-Variate ESCHER (Experiment 6),0,17,16,320000,2699942.0,7324.197376762,0.2283017195230238,-0.11959227187758159,0.033985847799581595,0.014259218238294125,0.05712290108203888,0.0693407729268074,0.013891642292340597,0.013891642292340597,outer_iteration,,False,False,saved_experiment_6,-1.9582639932632446,95290.0,1.0048170408053583,0.0,1.9066995382558631,0.05058339556817346,0.00011305758630284269,0.11676824261767514,0.11673518020072397,0.22397132799215735,8.588683439071936e-18,0.0831527275439384,16.0,16.0,16.0,0.0,0.0,0.0,0.0,-0.019993821056601968,-0.00037834645643974874,0.07817786186933517,0.10651195794343948,0.08885150402784348,0.10960692167282104,333333.0,333333.0,333333.0,,,,,,,,,,,,,,,,,,,,,,
unbiased_control_variate_escher,Unbiased Control-Variate ESCHER (Experiment 6),0,18,17,340000,2870520.0,7784.302449529,0.20869159262940257,-0.11554836205256364,0.02994193797456364,0.01264728233218193,0.053269583731889725,0.06292698532342911,0.015974994127949078,0.015974994127949078,outer_iteration,,False,False,saved_experiment_6,-2.0348708629608154,94530.0,1.0020690848111506,0.4515895740481549,1.7594324270392305,0.054886109155760164,0.0001180435764979551,0.12453864813679147,0.12481017669100809,0.24228439058761686,1.0160807927353506e-17,0.08382887114600618,17.0,17.0,17.0,0.0,0.0,0.0,0.0014948699673661414,-0.015753226607868154,0.0014948699673661414,0.09117182344198227,0.08770130574703217,0.09901585429906845,0.09199602156877518,333333.0,333333.0,333333.0,,,,,,,,,,,,,,,,,,,,,,
unbiased_control_variate_escher,Unbiased Control-Variate ESCHER (Experiment 6),0,19,18,360000,3041430.0,8241.960858492,0.2001337674119068,-0.11364172327466335,0.028035299196663352,0.01184649858623743,0.054721761494874954,0.059112757444381714,0.017863359302282333,0.017863359302282333,outer_iteration,,False,False,saved_experiment_6,-2.007305145263672,94791.0,1.0015690831717274,0.33682911454915,1.7753280999810683,0.05286749370866097,0.00011832738160100681,0.12238985251658072,0.1224428712276977,0.23387419272888718,9.745546311136636e-18,0.08466350879572677,18.0,18.0,18.0,0.0,0.0014948699673661414,0.0,0.006524591185620987,-0.00947409047306591,0.006524591185620987,0.08480357378721237,0.07836256921291351,0.0969763994216919,0.0894084945321083,333333.0,333333.0,333333.0,,,,,,,,,,,,,,,,,,,,,,
unbiased_control_variate_escher,Unbiased Control-Variate ESCHER (Experiment 6),0,20,19,380000,3212662.0,8702.056512158,0.19576196957149844,-0.11889874264638547,0.03329231856838548,0.011807308532297611,0.058263182640075684,0.05701657757163048,0.016138139180839062,0.016138139180839062,outer_iteration,,False,False,saved_experiment_6,-2.047671318054199,95045.0,0.9999098817250257,0.4030401982592219,1.7164835973480805,0.05765175135456651,0.00013650153494171793,0.11658473525465657,0.11656189123423824,0.22514700585451347,9.357142513712238e-18,0.08363639474617174,19.0,19.0,19.0,0.0,0.006524591185620987,0.0,0.011903152247522253,-0.004085171335693971,0.011903152247522253,0.08217666298151016,0.075930155813694,0.09238159656524658,0.0874735563993454,333333.0,333333.0,333333.0,,,,,,,,,,,,,,,,,,,,,,
unbiased_control_variate_escher,Unbiased Control-Variate ESCHER (Experiment 6),0,21,20,400000,3381772.0,9160.202053859,0.15841936904290815,-0.11794749379649888,0.032341069718498885,0.011104290373623371,0.05169990658760071,0.052703846246004105,0.016424519009888172,0.016424519009888172,outer_iteration,,False,False,saved_experiment_6,-1.976194977760315,93072.0,0.9992086143250211,0.3393979554296742,2.0,0.048291269391527246,0.0001156919222046414,0.11186890770269248,0.11181707618125673,0.2107533884102194,8.962907039225575e-18,0.08462025257491926,20.0,20.0,20.0,0.0,0.011903152247522253,0.0021220147193806715,0.015987173180214254,0.0021220147193806715,0.015987173180214254,0.07828710228204727,0.07207727432250977,0.0899643525481224,0.0808686763048172,333333.0,333333.0,333333.0,,,,,,,,,,,,,,,,,,,,,,
unbiased_control_variate_escher,Unbiased Control-Variate ESCHER (Experiment 6),0,22,21,420000,3551005.0,9616.936456475,0.15822748420336563,-0.11209399871334319,0.026487574635343195,0.010857517831027508,0.05460289120674133,0.04986947402358055,0.015293164799610773,0.015293164799610773,outer_iteration,,False,False,saved_experiment_6,-2.099803924560547,93353.0,0.9989168520079811,0.45632085172004233,2.0,0.05280912816880705,0.00014663131403898886,0.11199571556244163,0.11190586887293835,0.21090955531738448,8.82169414594219e-18,0.08117903649802216,21.0,21.0,21.0,0.0021220147193806715,0.015987173180214254,0.008611469070450961,0.020788990031556986,0.008611469070450961,0.020788990031556986,0.08561480045318604,0.07159911096096039,0.09779016673564911,0.08157936483621597,333333.0,333333.0,333333.0,,,,,,,,,,,,,,,,,,,,,,
unbiased_control_variate_escher,Unbiased Control-Variate ESCHER (Experiment 6),0,23,22,440000,3720946.0,10068.546976658,0.1573987390204426,-0.11208335966342658,0.02647693558542659,0.012295164167881012,0.0595875084400177,0.05305105075240135,0.015494091436266899,0.015494091436266899,outer_iteration,,False,False,saved_experiment_6,-2.060020923614502,93815.0,0.9960187654603841,0.3728436438584236,1.5520707317673959,0.05510353770408,0.00010086213324455158,0.1070496874670249,0.1070343254803998,0.20957145490301873,8.4693054073417e-18,0.08392518271501673,22.0,22.0,22.0,0.008611469070450961,0.020788990031556986,0.014837578549852792,0.02475582444793778,0.014837578549852792,0.02475582444793778,0.07833783328533173,0.07163629680871964,0.09000729769468307,0.08006910234689713,333333.0,333333.0,333333.0,,,,,,,,,,,,,,,,,,,,,,
unbiased_control_variate_escher,Unbiased Control-Variate ESCHER (Experiment 6),0,24,23,460000,3889634.0,10516.44395356,0.14690113477679914,-0.1119304288173065,0.026324004739306503,0.012787234038114548,0.04870157316327095,0.05694887042045593,0.015291360827783743,0.015291360827783743,outer_iteration,,False,False,saved_experiment_6,-2.0606136322021484,92785.0,1.0038204906299604,0.4146377328746865,1.508737153578382,0.05342972827665731,0.0001015106633576516,0.10426631972829868,0.10416732581259477,0.19745089335650404,7.994561034012038e-18,0.08557398090037177,23.0,23.0,23.0,0.014837578549852792,0.02475582444793778,0.021809990668430923,0.02872986618029827,0.021809990668430923,0.02872986618029827,0.06969275325536728,0.08277756720781326,0.08247167617082596,0.09150910377502441,333333.0,333333.0,333333.0,,,,,,,,,,,,,,,,,,,,,,
unbiased_control_variate_escher,Unbiased Control-Variate ESCHER (Experiment 6),0,25,24,480000,4058877.0,10967.069396035,0.15319757823143093,-0.11302404268447566,0.027417618606475666,0.010500602424144745,0.0549076646566391,0.05574735999107361,0.015195020474493504,0.015195020474493504,outer_iteration,,False,False,saved_experiment_6,-2.0822904109954834,93372.0,1.0018977898679358,0.13901417432253016,1.6982752189040595,0.05641295549045013,0.00010610912608867353,0.11003135642569764,0.11009810155670541,0.21699351323317434,9.148938306177411e-18,0.08390831149055143,24.0,24.0,24.0,0.021809990668430923,0.02872986618029827,0.027377258835192042,0.032799818947384596,0.027377258835192042,0.032799818947384596,0.08228009194135666,0.0764172151684761,0.09313371032476425,0.08517079055309296,333333.0,333333.0,333333.0,,,,,,,,,,,,,,,,,,,,,,
unbiased_control_variate_escher,Unbiased Control-Variate ESCHER (Experiment 6),0,26,25,500000,4228583.0,11420.794929288,0.13870389209356992,-0.10608310574057717,0.02047668166257717,0.010916761122643948,0.05216090753674507,0.055525168776512146,0.014992818236351013,0.014992818236351013,outer_iteration,,False,False,saved_experiment_6,-2.0363893508911133,93727.0,1.0010645454276021,0.6384633108690008,1.4687622426501425,0.051184173261198916,8.78548743274566e-05,0.1087921252223196,0.10884821258596003,0.21184649142382356,9.287370378129452e-18,0.08448646277246699,25.0,25.0,25.0,0.027377258835192042,0.032799818947384596,0.03225189829201325,0.03730053992114912,0.03225189829201325,0.03730053992114912,0.07699721306562424,0.07505253702402115,0.08674727380275726,0.084480419754982,333333.0,333333.0,333333.0,,,,,,,,,,,,,,,,,,,,,,
unbiased_control_variate_escher,Unbiased Control-Variate ESCHER (Experiment 6),0,27,26,520000,4397928.0,11873.219786518,0.12492213983269582,-0.10894567205786537,0.023339247979865377,0.010681246407330036,0.05268620327115059,0.05500815436244011,0.017210907613237698,0.017210907613237698,outer_iteration,,False,False,saved_experiment_6,-2.0818591117858887,93496.0,0.999642215916083,0.591022413653951,1.4054546327365829,0.05349012117501843,8.250171663655953e-05,0.10794975943866993,0.10796414110064353,0.2083483649569849,9.20946305819955e-18,0.08296796650771814,26.0,26.0,26.0,0.03225189829201325,0.03730053992114912,0.03786402430151692,0.04300729218651911,0.03786402430151692,0.04300729218651911,0.0755542516708374,0.0740085244178772,0.08647021651268005,0.08527255058288574,333333.0,333333.0,333333.0,,,,,,,,,,,,,,,,,,,,,,
unbiased_control_variate_escher,Unbiased Control-Variate ESCHER (Experiment 6),0,28,27,540000,4566907.0,12327.53380599,0.13304885598134764,-0.10858386385065849,0.022977439772658495,0.010151711292564869,0.05334287881851196,0.05194109305739403,0.015218957016865412,0.015218957016865412,outer_iteration,,False,False,saved_experiment_6,-2.066107988357544,93096.0,1.0027665454875192,0.735539016970371,1.43176931474949,0.03949019436505656,8.066873711190826e-05,0.10833767142729192,0.1083920324068378,0.21060653554795536,9.001805655552213e-18,0.0875386624681401,27.0,27.0,27.0,0.03786402430151692,0.04300729218651911,0.04402166105440475,0.04857700158681533,0.04402166105440475,0.04857700158681533,0.07909833639860153,0.07079852372407913,0.09113568067550659,0.08187609910964966,333333.0,333333.0,333333.0,,,,,,,,,,,,,,,,,,,,,,
unbiased_control_variate_escher,Unbiased Control-Variate ESCHER (Experiment 6),0,29,28,560000,4735698.0,12781.636042229,0.13369995406975824,-0.10955117794131974,0.023944753863319748,0.00957552995532751,0.05839492008090019,0.056996896862983704,0.015206110042830309,0.015206110042830309,outer_iteration,,False,False,saved_experiment_6,-2.0040125846862793,92977.0,1.0002741922105578,0.0,1.6153509869233114,0.04760976132031138,9.445916438601263e-05,0.11064643984230965,0.1106982462766414,0.21694904235972834,9.176486781261472e-18,0.08428251274676415,28.0,28.0,28.0,0.04402166105440475,0.04857700158681533,0.04953231350039278,0.05189708711530783,0.04953231350039278,0.05189708711530783,0.07960674166679382,0.08017481863498688,0.09103170037269592,0.08883917331695557,333333.0,333333.0,333333.0,,,,,,,,,,,,,,,,,,,,,,
unbiased_control_variate_escher,Unbiased Control-Variate ESCHER (Experiment 6),1,0,0,0,0.0,0.7475763850015937,2.373611111111111,-0.078125,0.007481424077999996,,,,,,initial_untrained_policy,,True,False,saved_experiment_6,,0.0,0.0,,,0.0,0.0,0.0,0.0,0.0,0.0,1.0,0.0,0.0,0.0,0.0,0.0,0.0,0.0,0.0,0.0,,,,,0.0,0.0,0.0,,,,,,,,,,,,,,,,,,,,,,
unbiased_control_variate_escher,Unbiased Control-Variate ESCHER (Experiment 6),1,1,1,1521,10002.0,31.890324838001106,1.010165790584539,0.009847349844433043,0.09545377392243304,7.2373631532229865e-09,,,,,early_node_threshold,10000,False,False,saved_experiment_6,,4640.0,1.0,1.0,1.0,1.0000100135803223,0.0,0.06863395225464193,0.06863395225464193,0.1029509283819624,0.0,0.5,0.0,0.0,0.0,0.0,0.0,0.0,0.0,0.0,0.0,,,,,1568.0,1536.0,1536.0,,,,,,,,,,,,,,,,,,,,,,
unbiased_control_variate_escher,Unbiased Control-Variate ESCHER (Experiment 6),1,2,1,20000,129314.0,432.45374180399995,4.000027005404661,1.000113262165907,1.085719686243907,6.618522263579507e-08,0.006819839123636484,0.22579024732112885,9.907118532955413e-08,9.907118532955413e-08,outer_iteration,,False,False,saved_experiment_6,-2.4463610649108887,61024.0,1.0,1.0,1.0,1.0000100135803223,0.0,0.13275861199631267,0.13275861199631267,0.2520130793433976,0.0,0.3333333333333333,1.0,1.0,1.0,0.0,0.0,0.0,0.0,0.0,0.0,0.01379765197634697,0.325692743062973,0.01379765197634697,0.325692743062973,20431.0,20239.0,20354.0,,,,,,,,,,,,,,,,,,,,,,
unbiased_control_variate_escher,Unbiased Control-Variate ESCHER (Experiment 6),1,3,2,40000,296803.0,879.3311366610014,2.581649386708704,-0.8194513389924473,0.7338449149144473,0.09424296766519547,1.6422897577285767,0.43969032168388367,0.0007453938208830854,0.0007453938208830854,outer_iteration,,False,False,saved_experiment_6,-1.1171047687530518,91780.0,1.0109531567554053,0.0,2.0,0.044080632366700144,0.002044247630584063,0.3948885729266125,0.4139070242652683,0.7794249529851435,7.97025606840955e-18,0.10478152322531456,2.0,2.0,2.0,0.0,0.0,0.0,0.0,-0.0010197832469851509,-0.02861544276366379,2.4548516273498535,0.8565772175788879,2.4522242546081543,0.7512026429176331,51111.0,50942.0,50751.0,,,,,,,,,,,,,,,,,,,,,,
unbiased_control_variate_escher,Unbiased Control-Variate ESCHER (Experiment 6),1,4,3,60000,475872.0,1351.3439076170016,3.415374838483622,-0.16814636807554134,0.08253994399754135,0.09216108173131943,0.7141060829162598,0.15632309019565582,0.0005710663778396944,0.0005710663778396944,outer_iteration,,False,False,saved_experiment_6,-0.7939375042915344,103372.0,1.064079656703279,0.0,2.0,2.82929261293034,0.0020477286567609277,0.33851023213530523,0.3623278654246326,0.6652653933160709,1.2136877043281392e-17,0.06978460666711613,3.0,3.0,3.0,0.0,0.0,0.0,0.0,-0.029271921346830876,-0.039939256954586444,1.1076611280441284,0.3821575343608856,1.0125129222869873,0.33139264583587646,85510.0,85415.0,85251.0,,,,,,,,,,,,,,,,,,,,,,
unbiased_control_variate_escher,Unbiased Control-Variate ESCHER (Experiment 6),1,5,4,80000,650116.0,1810.2601583150008,2.1425245678354266,0.7495863628430791,0.8351927869210791,0.08386507630348206,0.32330790162086487,0.2211519330739975,0.005547236340741317,0.005547236340741317,outer_iteration,,False,False,saved_experiment_6,-1.0110692977905273,98192.0,1.0612380727586843,0.0,2.0,0.9037533582555267,0.002064723827708889,0.25625458913743654,0.27573462575852686,0.48358213536925276,1.028662279489574e-17,0.07311214533984287,4.0,4.0,4.0,0.0,0.0,0.0,0.0,-0.030161996330834828,-0.06916653567503617,0.4872784912586212,0.4673117697238922,0.47042107582092285,0.3473885953426361,118252.0,118156.0,117960.0,,,,,,,,,,,,,,,,,,,,,,
unbiased_control_variate_escher,Unbiased Control-Variate ESCHER (Experiment 6),1,6,5,100000,815184.0,2255.737774176001,1.119183609810011,0.3553713775985654,0.4409778016765654,0.06903042644262314,0.06831793487071991,0.0947783961892128,0.012059373160203299,0.012059373160203299,outer_iteration,,False,False,saved_experiment_6,-1.1476019620895386,90352.0,1.0035273175058568,0.0,2.0,0.10314551749697136,0.0012453532563493107,0.14740175391855664,0.15243398456837529,0.3010247101820369,1.0783716334684167e-17,0.07570082037208554,5.0,5.0,5.0,0.0,0.0,0.0,0.0,-0.03150840091212381,-0.0619510259043512,0.13913798332214355,0.14105060696601868,0.13081318140029907,0.15501034259796143,148420.0,148213.0,148087.0,,,,,,,,,,,,,,,,,,,,,,
unbiased_control_variate_escher,Unbiased Control-Variate ESCHER (Experiment 6),1,7,6,120000,977712.0,2699.899805938001,0.8528015606884698,0.24451628005738713,0.33012270413538713,0.05423170328140259,0.06214490160346031,0.07790064811706543,0.017491513242324192,0.017491513242324192,outer_iteration,,False,False,saved_experiment_6,-1.3765032291412354,88147.0,1.0301967711892115,0.0,2.0,0.03197253677966218,0.0006337939114832415,0.11883418156626513,0.11995647854385005,0.23860201005483786,9.675679382124672e-18,0.08261411133391477,6.0,6.0,6.0,0.0,0.0,0.0,0.0,-0.026113915041963143,-0.0534376272275896,0.08528762310743332,0.10236581414937973,0.0985063686966896,0.12205234915018082,177833.0,177622.0,177412.0,,,,,,,,,,,,,,,,,,,,,,
unbiased_control_variate_escher,Unbiased Control-Variate ESCHER (Experiment 6),1,8,7,140000,1141588.0,3139.815284419001,0.6429614742467827,0.09759298827862195,0.18319941235662196,0.041643284261226654,0.06781121343374252,0.08588596433401108,0.015595879405736923,0.015595879405736923,outer_iteration,,False,False,saved_experiment_6,-1.292961835861206,89028.0,1.0132980129175533,0.0,2.0,0.0232364566329875,0.0004091132515183567,0.11126445875983426,0.11115483512298889,0.21844485438032865,9.069539226979929e-18,0.08906163413843621,7.0,7.0,7.0,0.0,0.0,0.0,0.0,-0.02050784067381639,-0.044752649265829,0.08489430695772171,0.10012990236282349,0.09814797341823578,0.11978640407323837,207686.0,207216.0,206993.0,,,,,,,,,,,,,,,,,,,,,,
unbiased_control_variate_escher,Unbiased Control-Variate ESCHER (Experiment 6),1,9,8,160000,1307654.0,3580.780839571,0.5357061648599258,0.04656157899946117,0.13216800307746118,0.03399648144841194,0.06323166936635971,0.08115880191326141,0.015280539480348429,0.015280539480348429,outer_iteration,,False,False,saved_experiment_6,-1.527633547782898,90706.0,1.006235468782878,0.0,2.0,0.025114247021164975,0.00023174308601474754,0.11514911024505248,0.11498971935681933,0.21693578276629813,9.102805111872851e-18,0.09105020264301794,8.0,8.0,8.0,0.0,0.0,0.0,0.0,-0.016154642530507468,-0.036818797741775544,0.1040196493268013,0.09313487261533737,0.1132439374923706,0.1104903444647789,237795.0,237535.0,237271.0,,,,,,,,,,,,,,,,,,,,,,
unbiased_control_variate_escher,Unbiased Control-Variate ESCHER (Experiment 6),1,10,9,180000,1477020.0,4027.7876733409994,0.5348536225908164,0.013206936934324703,0.0988133610123247,0.03031686693429947,0.07772226631641388,0.07739243656396866,0.015832214926679928,0.015832214926679928,outer_iteration,,False,False,saved_experiment_6,-1.6315858364105225,93478.0,1.0046435589981826,0.0,2.0,0.03138356274300574,0.0002417003755740532,0.12481563752057584,0.12543860953758024,0.23445948468986844,9.963880270442525e-18,0.09088858814228215,9.0,9.0,9.0,0.0,0.0,0.0,0.0,-0.013153766493516628,-0.03080282614276597,0.11298530548810959,0.0978788211941719,0.1185891404747963,0.10971774905920029,269082.0,268748.0,268249.0,,,,,,,,,,,,,,,,,,,,,,
unbiased_control_variate_escher,Unbiased Control-Variate ESCHER (Experiment 6),1,11,10,200000,1649333.0,4475.2916880890025,0.4801044624374041,-0.011189961984622299,0.0744164620933777,0.026232397183775902,0.07114837318658829,0.06838031858205795,0.017760215948025387,0.017760215948025387,outer_iteration,,False,False,saved_experiment_6,-1.5342113971710205,95692.0,0.9961072783375876,0.0,2.0,0.0377307909207986,0.00019590970521394523,0.13205481545918385,0.13240148154184797,0.2382790397003544,1.000672167122725e-17,0.08747741493039941,10.0,10.0,10.0,0.0,0.0,0.0,0.0,-0.008164236253093371,-0.024353833153550664,0.10525324940681458,0.09670785069465637,0.11556226760149002,0.10936379432678223,300999.0,300579.0,300193.0,,,,,,,,,,,,,,,,,,,,,,
unbiased_control_variate_escher,Unbiased Control-Variate ESCHER (Experiment 6),1,12,11,220000,1821228.0,4917.497680311002,0.4211352710406516,-0.019389417166607692,0.0662170069113923,0.02372928149998188,0.07962184399366379,0.07318838685750961,0.014857340914507708,0.014857340914507708,outer_iteration,,False,False,saved_experiment_6,-1.6128185987472534,95079.0,0.9986202890012802,0.0,2.0,0.04435690297666547,0.0001736129257606196,0.12993380842597252,0.12998614059870367,0.24269517341325694,1.005418590656253e-17,0.08616216700819727,11.0,11.0,11.0,0.0,0.0,0.0,0.0,-0.0037284366473788744,-0.01726764793209523,0.10544169694185257,0.0914914533495903,0.11447955667972565,0.10551660507917404,332568.0,332370.0,331912.0,,,,,,,,,,,,,,,,,,,,,,
unbiased_control_variate_escher,Unbiased Control-Variate ESCHER (Experiment 6),1,13,12,240000,1991661.0,5362.164250856002,0.3488766600947319,-0.04693666046034789,0.038669763617652106,0.02310105971992016,0.061181288212537766,0.07548198848962784,0.017791736871004105,0.017791736871004105,outer_iteration,,False,False,saved_experiment_6,-1.5900099277496338,93948.0,0.9856273567564476,0.0,2.0,0.040861349453085366,0.00015421654257453455,0.12604451632397504,0.12670395270505194,0.2420230670867524,1.0387020172416065e-17,0.08529988081146019,12.0,12.0,12.0,0.0,0.0,0.00145359984772786,0.0,0.00145359984772786,-0.011210724898250035,0.0909557193517685,0.09658258408308029,0.10158854722976685,0.10813634097576141,333333.0,333333.0,333333.0,,,,,,,,,,,,,,,,,,,,,,
unbiased_control_variate_escher,Unbiased Control-Variate ESCHER (Experiment 6),1,14,13,260000,2161577.0,5807.762263793002,0.2780589716545694,-0.057466450558034676,0.02813997351996532,0.021887391805648804,0.05713510140776634,0.08249247074127197,0.01761990909775098,0.01761990909775098,outer_iteration,,False,False,saved_experiment_6,-1.7971595525741577,93556.0,0.9941831327937364,0.0,2.0,0.05922792274009012,0.00013654513031525678,0.12492438597014625,0.12526931370975544,0.2375406144420706,9.917221339153541e-18,0.08209671431936669,13.0,13.0,13.0,0.00145359984772786,0.0,0.006344621507427983,0.0,0.006344621507427983,-0.0022279314514521698,0.08914502710103989,0.1086876392364502,0.09912783652544022,0.1263199895620346,333333.0,333333.0,333333.0,,,,,,,,,,,,,,,,,,,,,,
unbiased_control_variate_escher,Unbiased Control-Variate ESCHER (Experiment 6),1,15,14,280000,2331777.0,6261.875395049001,0.23858626337961703,-0.08134461873149176,0.004261805346508232,0.020412137731909752,0.0831504687666893,0.08696619421243668,0.019142330934604008,0.019142330934604008,outer_iteration,,False,False,saved_experiment_6,-1.8693819046020508,93919.0,1.010674186497859,0.0,2.0,0.060999245338525736,0.00013180354311596824,0.1288195613562776,0.12878555344767367,0.23461975427059828,9.595927776811e-18,0.0821978545113064,14.0,14.0,14.0,0.006344621507427983,0.0,0.011202605436410273,0.003910093380505297,0.011202605436410273,0.003910093380505297,0.11211568862199783,0.11183182895183563,0.12228058278560638,0.12403120845556259,333333.0,333333.0,333333.0,,,,,,,,,,,,,,,,,,,,,,
unbiased_control_variate_escher,Unbiased Control-Variate ESCHER (Experiment 6),1,16,15,300000,2502633.0,6717.2550875510005,0.27751802392545055,-0.07617895858447565,0.009427465493524342,0.019075749441981316,0.06307113170623779,0.06959959119558334,0.020168403784434002,0.020168403784434002,outer_iteration,,False,False,saved_experiment_6,-1.8856213092803955,94562.0,1.004492664857999,0.0,2.0,0.0670277271963159,0.00013713883068551845,0.12277828746661491,0.12381598393317995,0.23223194850792314,9.495967185546456e-18,0.08135696184540035,15.0,15.0,15.0,0.011202605436410273,0.003910093380505297,0.01631942157866384,0.010056859320552114,0.01631942157866384,0.010056859320552114,0.10125010460615158,0.0901002585887909,0.11197790503501892,0.10237395018339157,333333.0,333333.0,333333.0,,,,,,,,,,,,,,,,,,,,,,
unbiased_control_variate_escher,Unbiased Control-Variate ESCHER (Experiment 6),1,17,16,320000,2672413.0,7173.947682106,0.24168254332425526,-0.08772830084865696,0.0021218767706569636,0.01792978309094906,0.06796685606241226,0.06769372522830963,0.01780954748392105,0.01780954748392105,outer_iteration,,False,False,saved_experiment_6,-1.9244215488433838,93765.0,0.9962890372295244,0.0,2.0,0.0615595007206815,0.0001348379377520126,0.1199821637338266,0.12084673322465134,0.22861970744600957,9.704422809098573e-18,0.0816528733234968,16.0,16.0,16.0,0.01631942157866384,0.010056859320552114,0.020990743462698136,0.01846337725690994,0.020990743462698136,0.01846337725690994,0.10841627418994904,0.08986279368400574,0.11869139969348907,0.10644268989562988,333333.0,333333.0,333333.0,,,,,,,,,,,,,,,,,,,,,,
unbiased_control_variate_escher,Unbiased Control-Variate ESCHER (Experiment 6),1,18,17,340000,2842163.0,7625.83664335,0.19040460072278492,-0.08893535781537407,0.0033289337373740707,0.017719175666570663,0.08315294235944748,0.05909344181418419,0.018346535973250866,0.018346535973250866,outer_iteration,,False,False,saved_experiment_6,-1.9645754098892212,93779.0,1.0050024177368866,0.0,2.0,0.06142749991427921,0.00013301407665109146,0.11590586729248645,0.11643330505841983,0.21424296439314416,9.15153752738275e-18,0.08264707916040909,17.0,17.0,17.0,0.020990743462698136,0.01846337725690994,0.027060108580916897,0.02719176392589595,0.027060108580916897,0.02719176392589595,0.10518740117549896,0.08044915646314621,0.11813437938690186,0.09759587794542313,333333.0,333333.0,333333.0,,,,,,,,,,,,,,,,,,,,,,
unbiased_control_variate_escher,Unbiased Control-Variate ESCHER (Experiment 6),1,19,18,360000,3013836.0,8074.928239228002,0.21987722901330303,-0.10044033513738901,0.014833911059389013,0.017218301072716713,0.06658222526311874,0.06670033186674118,0.017270103717843693,0.017270103717843693,outer_iteration,,False,False,saved_experiment_6,-1.9851324558258057,95399.0,1.009709585922059,0.0,2.0,0.06084413568036869,0.0001296297907944484,0.11519736822394325,0.11520131693938296,0.2181368701269706,8.9425518169662e-18,0.08299344877191096,18.0,18.0,18.0,0.027060108580916897,0.02719176392589595,0.0339093695212922,0.03142087691215001,0.0339093695212922,0.03142087691215001,0.09612766653299332,0.09077213704586029,0.11050588637590408,0.10062529146671295,333333.0,333333.0,333333.0,,,,,,,,,,,,,,,,,,,,,,
unbiased_control_variate_escher,Unbiased Control-Variate ESCHER (Experiment 6),1,20,19,380000,3185567.0,8526.319857803,0.1840908553271603,-0.09452359606160271,0.008917171983602715,0.01662200503051281,0.06744968146085739,0.0714125707745552,0.01871725171804428,0.01871725171804428,outer_iteration,,False,False,saved_experiment_6,-2.0363824367523193,95361.0,1.0068814358613447,0.18065455854682466,2.0,0.055921763627619796,0.0001330320597060016,0.11733159002195567,0.11744305041422741,0.2219269862669488,9.700598576722927e-18,0.08276008883691073,19.0,19.0,19.0,0.0339093695212922,0.03142087691215001,0.040250302309856156,0.03643607472369115,0.040250302309856156,0.03643607472369115,0.09749463945627213,0.08804702013731003,0.1114698052406311,0.09925950318574905,333333.0,333333.0,333333.0,,,,,,,,,,,,,,,,,,,,,,
unbiased_control_variate_escher,Unbiased Control-Variate ESCHER (Experiment 6),1,21,20,400000,3355393.0,8979.524259368,0.19940178797269073,-0.09173611373698906,0.006129689658989065,0.015046711079776287,0.06393426656723022,0.062150225043296814,0.018133962526917458,0.018133962526917458,outer_iteration,,False,False,saved_experiment_6,-2.0025691986083984,93821.0,0.9981700882530995,0.1187043989331883,1.9692686227177247,0.04858201980351921,0.00012025042479338083,0.11604758208152673,0.11637932404637114,0.22358862603736196,9.690293355207292e-18,0.08207947353530753,20.0,20.0,20.0,0.040250302309856156,0.03643607472369115,0.045378362452490495,0.040913959151001045,0.045378362452490495,0.040913959151001045,0.08348365128040314,0.08954416215419769,0.09522548317909241,0.1001453846693039,333333.0,333333.0,333333.0,,,,,,,,,,,,,,,,,,,,,,
unbiased_control_variate_escher,Unbiased Control-Variate ESCHER (Experiment 6),1,22,21,420000,3524593.0,9433.925092053001,0.16239689537887358,-0.09358717957216026,0.00798075549416026,0.013829554431140423,0.06417761743068695,0.06314762681722641,0.017961719383796055,0.017961719383796055,outer_iteration,,False,False,saved_experiment_6,-2.0540871620178223,93415.0,1.0023461553984587,0.11082750466627334,2.0,0.05563266486564274,0.00011081081888586613,0.11685568521455303,0.11748365404815136,0.2249883094889156,9.732151165232442e-18,0.08352116936861367,21.0,21.0,21.0,0.045378362452490495,0.040913959151001045,0.05033861455064714,0.04666746171449254,0.05033861455064714,0.04666746171449254,0.09087026119232178,0.08526443690061569,0.10293712466955185,0.09787139296531677,333333.0,333333.0,333333.0,,,,,,,,,,,,,,,,,,,,,,
unbiased_control_variate_escher,Unbiased Control-Variate ESCHER (Experiment 6),1,23,22,440000,3693514.0,9885.972760808001,0.18370816788644975,-0.08955868434595038,0.003952260267950383,0.013464908115565777,0.06160523369908333,0.05657379701733589,0.016458304598927498,0.016458304598927498,outer_iteration,,False,False,saved_experiment_6,-1.9754843711853027,93158.0,0.9979549478453243,0.22419179015073043,1.9638735419884272,0.05788123627300156,9.966166381296782e-05,0.11587280860822728,0.11622801882683167,0.2198616963439011,9.326455143722048e-18,0.08268156851297173,22.0,22.0,22.0,0.05033861455064714,0.04666746171449254,0.05621491286422542,0.05049547208465366,0.05621491286422542,0.05049547208465366,0.08815759420394897,0.08390317857265472,0.10176364332437515,0.0937904566526413,333333.0,333333.0,333333.0,,,,,,,,,,,,,,,,,,,,,,
unbiased_control_variate_escher,Unbiased Control-Variate ESCHER (Experiment 6),1,24,23,460000,3863290.0,10343.266186653002,0.16504833726584822,-0.08781529459868487,0.002208870520684872,0.013947914354503155,0.06287151575088501,0.06398555636405945,0.017968292037645977,0.017968292037645977,outer_iteration,,False,False,saved_experiment_6,-1.9740616083145142,93764.0,1.0016008075645977,0.1013661904813008,1.605890854448671,0.06048866013769251,9.72569191558274e-05,0.11583571175771958,0.11645472669083913,0.2135558563129534,9.15823671673237e-18,0.08209700595816158,23.0,23.0,23.0,0.05621491286422542,0.05049547208465366,0.0612652768937616,0.05590050574682004,0.0612652768937616,0.05590050574682004,0.08997420966625214,0.08324060589075089,0.10283644497394562,0.09558628499507904,333333.0,333333.0,333333.0,,,,,,,,,,,,,,,,,,,,,,
unbiased_control_variate_escher,Unbiased Control-Variate ESCHER (Experiment 6),1,25,24,480000,4033173.0,10798.366168412,0.142832152093341,-0.08467008486613503,0.0009363392118649644,0.01410750299692154,0.0635504350066185,0.06418681889772415,0.01780000018576781,0.01780000018576781,outer_iteration,,False,False,saved_experiment_6,-1.7703607082366943,93798.0,0.9960251364965722,0.3753028256697749,1.5200309248987292,0.05089088835222253,8.685956173436474e-05,0.11702350262464603,0.11700974972511917,0.22101271747503967,9.364767606300564e-18,0.08504867314811915,24.0,24.0,24.0,0.0612652768937616,0.05590050574682004,0.06438822220760387,0.059208605287181415,0.06438822220760387,0.059208605287181415,0.08882123976945877,0.09126750379800797,0.09914598613977432,0.10141381621360779,333333.0,333333.0,333333.0,,,,,,,,,,,,,,,,,,,,,,
unbiased_control_variate_escher,Unbiased Control-Variate ESCHER (Experiment 6),1,26,25,500000,4201999.0,11244.801274880001,0.14560977430076158,-0.08325736336577372,0.002349060712226278,0.013245753012597561,0.05422205105423927,0.05877736210823059,0.017152329285939533,0.017152329285939533,outer_iteration,,False,False,saved_experiment_6,-2.0396535396575928,93078.0,0.9954600681007595,0.5156964636897832,1.510173049233646,0.05732566887222854,8.169478097972222e-05,0.11643543178465815,0.11666405097664911,0.21657969407736874,9.072732169433008e-18,0.08385974090074623,25.0,25.0,25.0,0.06438822220760387,0.059208605287181415,0.06796711066990424,0.06439135569384091,0.06796711066990424,0.06439135569384091,0.09001044183969498,0.07774841040372849,0.10127801448106766,0.08984673023223877,333333.0,333333.0,333333.0,,,,,,,,,,,,,,,,,,,,,,
unbiased_control_variate_escher,Unbiased Control-Variate ESCHER (Experiment 6),1,27,26,520000,4370400.0,11693.931087343002,0.1393257691761562,-0.08346604516654585,0.0021403789114541466,0.01142823789268732,0.06523772329092026,0.0634877160191536,0.019223871330420177,0.019223871330420177,outer_iteration,,False,False,saved_experiment_6,-1.8795723915100098,92808.0,0.9923567819932292,0.35752473688291087,1.597075202975493,0.059128442245816995,8.022140965158403e-05,0.11869563147930065,0.11916311389438766,0.2276426520654015,9.37522184310703e-18,0.0807756186608767,26.0,26.0,26.0,0.06796711066990424,0.06439135569384091,0.07183746962410842,0.06795466450736287,0.07183746962410842,0.06795466450736287,0.0903586819767952,0.0822952538728714,0.10232949256896973,0.09279561787843704,333333.0,333333.0,333333.0,,,,,,,,,,,,,,,,,,,,,,
unbiased_control_variate_escher,Unbiased Control-Variate ESCHER (Experiment 6),1,28,27,540000,4540026.0,12148.65284103,0.14149387646980435,-0.08492600619280766,0.0006804178851923387,0.012284111231565475,0.06507788598537445,0.0592888779938221,0.01647260660926501,0.01647260660926501,outer_iteration,,False,False,saved_experiment_6,-2.0898935794830322,93760.0,0.9967075894856889,0.5605935619848181,1.4763316399382242,0.055862935592069875,7.790166752628338e-05,0.11695167592165602,0.11702074282858872,0.22259739932430267,9.717310990921304e-18,0.08340806976949544,27.0,27.0,27.0,0.07183746962410842,0.06795466450736287,0.07539853127645357,0.07289673914537009,0.07539853127645357,0.07289673914537009,0.08695542067289352,0.08307332545518875,0.09853852540254593,0.09569783508777618,333333.0,333333.0,333333.0,,,,,,,,,,,,,,,,,,,,,,
unbiased_control_variate_escher,Unbiased Control-Variate ESCHER (Experiment 6),1,29,28,560000,4708660.0,12608.921501611001,0.1424450448348712,-0.08358161251893176,0.0020248115590682375,0.010825292207300663,0.05474298074841499,0.05574226379394531,0.016016370927294094,0.016016370927294094,outer_iteration,,False,False,saved_experiment_6,-2.1063039302825928,92982.0,0.9996114035562427,0.5514196897248489,1.4825209656419291,0.05706297434546167,7.551495367575784e-05,0.11271449291436064,0.11267385323683643,0.2166292125782416,9.202622786115986e-18,0.08404028355401882,28.0,28.0,28.0,0.07539853127645357,0.07289673914537009,0.07961762747993284,0.07545150811476053,0.07961762747993284,0.07545150811476053,0.0826360285282135,0.07475347816944122,0.09500295668840408,0.08393442630767822,333333.0,333333.0,333333.0,,,,,,,,,,,,,,,,,,,,,,
unbiased_control_variate_escher,Unbiased Control-Variate ESCHER (Experiment 6),2,0,0,0,0.0,0.7451869279975654,2.373611111111111,-0.078125,0.007481424077999996,,,,,,initial_untrained_policy,,True,False,saved_experiment_6,,0.0,0.0,,,0.0,0.0,0.0,0.0,0.0,0.0,1.0,0.0,0.0,0.0,0.0,0.0,0.0,0.0,0.0,0.0,,,,,0.0,0.0,0.0,,,,,,,,,,,,,,,,,,,,,,
unbiased_control_variate_escher,Unbiased Control-Variate ESCHER (Experiment 6),2,1,1,1544,10000.0,32.4649543159976,1.0006354428610358,0.0005899473021650087,0.086196371380165,2.0198466510468194e-10,,,,,early_node_threshold,10000,False,False,saved_experiment_6,,4608.0,1.0,1.0,1.0,1.0000100135803223,0.0,0.06807558760683745,0.06807558760683745,0.10211338141025597,0.0,0.5,0.0,0.0,0.0,0.0,0.0,0.0,0.0,0.0,0.0,,,,,1560.0,1492.0,1556.0,,,,,,,,,,,,,,,,,,,,,,
unbiased_control_variate_escher,Unbiased Control-Variate ESCHER (Experiment 6),2,2,1,20000,129308.0,440.77030255099817,3.9998405472017664,1.000071763890446,1.0856781879684458,3.776199264393654e-08,0.006485510617494583,0.21406768262386322,3.3871414496881394e-06,3.3871414496881394e-06,outer_iteration,,False,False,saved_experiment_6,-2.678778886795044,61017.0,1.0,1.0,1.0,1.0000100135803223,0.0,0.13185354396822496,0.13185354396822496,0.2503703255461801,0.0,0.3333333333333333,1.0,1.0,1.0,0.0,0.0,0.0,0.0,0.0,0.0,0.013715602457523346,0.32219040393829346,0.013715602457523346,0.32219040393829346,20270.0,20245.0,20502.0,,,,,,,,,,,,,,,,,,,,,,
unbiased_control_variate_escher,Unbiased Control-Variate ESCHER (Experiment 6),2,3,2,40000,294369.0,897.0103180599981,3.9236865496549207,0.6901555639008614,0.7757619879788614,0.1287565380334854,1.0940788984298706,2.0019471645355225,0.0010974517014498513,0.0010974517014498513,outer_iteration,,False,False,saved_experiment_6,-1.0492267608642578,91175.0,0.8807899354473618,0.0,2.0,0.0661817797369326,0.0019050206027460344,0.42195208292716146,0.4330777356548622,0.8068385512823334,9.459078270061154e-18,0.09762677131563184,2.0,2.0,2.0,0.0,0.0,0.0,0.0,-0.0015271437957931067,-0.03490638844264504,1.5758692026138306,2.861416816711426,1.5732780694961548,2.6670994758605957,50776.0,50437.0,50979.0,,,,,,,,,,,,,,,,,,,,,,
unbiased_control_variate_escher,Unbiased Control-Variate ESCHER (Experiment 6),2,4,3,60000,477524.0,1371.8065110809985,2.916452847377772,0.3724561014090896,0.4580625254870896,0.09510193020105362,0.4592994749546051,0.1589227169752121,0.0004945513016233841,0.0004945513016233841,outer_iteration,,False,False,saved_experiment_6,-0.9905931949615479,105213.0,1.0558215075422175,0.0,2.0,8.218017018075601,0.002454410852725998,0.3207934567241026,0.34021601952846825,0.6009608694108963,1.2889283584332891e-17,0.0752351569484762,3.0,3.0,3.0,0.0,0.0,0.0,0.0,-0.05609029974398494,-0.04952491738004938,0.9515166282653809,0.3727845549583435,0.8220851421356201,0.28540894389152527,85941.0,85467.0,85997.0,,,,,,,,,,,,,,,,,,,,,,
unbiased_control_variate_escher,Unbiased Control-Variate ESCHER (Experiment 6),2,5,4,80000,652023.0,1835.2592305340004,1.7880052245460587,0.46295930019387843,0.5485657242718784,0.08297282457351685,0.3170944154262543,0.3255446255207062,0.004564683263500531,0.004564683263500531,outer_iteration,,False,False,saved_experiment_6,-0.9710246324539185,97912.0,0.9871780682337955,0.0,2.0,0.5704955403774045,0.003368005012497279,0.2448412607096902,0.265700911818532,0.4610241438988271,1.0757505755664431e-17,0.07957886022357015,4.0,4.0,4.0,0.0,0.0,0.0,0.0,-0.05209517597868163,-0.04883397228947395,0.5311262011528015,0.5363283157348633,0.5128554701805115,0.5144964456558228,118620.0,118017.0,118680.0,,,,,,,,,,,,,,,,,,,,,,
unbiased_control_variate_escher,Unbiased Control-Variate ESCHER (Experiment 6),2,6,5,100000,821885.0,2288.4229176549998,1.258429679168781,0.24735968380425566,0.33296610788225567,0.06838473677635193,0.11692590266466141,0.07785181701183319,0.010466484352946281,0.010466484352946281,outer_iteration,,False,False,saved_experiment_6,-1.0047482252120972,94302.0,1.0452793794923334,0.0,2.0,0.16934664747819506,0.0018944014236658472,0.17670550619821074,0.17920385454855842,0.3159271131683383,1.1473842808703319e-17,0.08054247156638399,5.0,5.0,5.0,0.0,0.0,0.0,0.0,-0.05374583131040067,-0.04742250152085625,0.20218901336193085,0.14144296944141388,0.18817275762557983,0.14144329726696014,150147.0,149423.0,150049.0,,,,,,,,,,,,,,,,,,,,,,
unbiased_control_variate_escher,Unbiased Control-Variate ESCHER (Experiment 6),2,7,6,120000,989769.0,2738.533026115998,0.9359502557165,0.09881577498317426,0.18442219906117424,0.056458767503499985,0.05312622711062431,0.06186038628220558,0.014558587844173113,0.014558587844173113,outer_iteration,,False,False,saved_experiment_6,-1.2017709016799927,92061.0,1.0368417257107687,0.0,2.0,0.08114029417275755,0.0010358127533529246,0.1367142296642105,0.1382649708171878,0.26337522407571823,1.0834439694463673e-17,0.0873936664313071,6.0,6.0,6.0,0.0,0.0,0.0,0.0,-0.04878839575805993,-0.04365759251480528,0.0899994894862175,0.08899740874767303,0.0966716781258583,0.1011633649468422,180948.0,180139.0,180593.0,,,,,,,,,,,,,,,,,,,,,,
unbiased_control_variate_escher,Unbiased Control-Variate ESCHER (Experiment 6),2,8,7,140000,1156165.0,3183.1248600910003,0.6693759491248494,0.008619009889580698,0.0942254339675807,0.04798249900341034,0.044358741492033005,0.05386398732662201,0.015052529983222485,0.015052529983222485,outer_iteration,,False,False,saved_experiment_6,-1.274737000465393,90843.0,0.9836052119347626,0.0,2.0,0.02851093814305726,0.00047753121859116563,0.11475259492045714,0.11581460001032234,0.2176215082068002,9.104146141113995e-18,0.08597463593450093,7.0,7.0,7.0,0.0,0.0,0.0,0.0,-0.041290751130115044,-0.038892988359008784,0.0667155385017395,0.07595798373222351,0.07958360761404037,0.09171192348003387,211273.0,210358.0,210892.0,,,,,,,,,,,,,,,,,,,,,,
unbiased_control_variate_escher,Unbiased Control-Variate ESCHER (Experiment 6),2,9,8,160000,1323221.0,3634.8721086339974,0.5689982451380734,-0.053367189033591944,0.03223923504440805,0.03954464569687843,0.05422482267022133,0.0559345968067646,0.017146156479914982,0.017146156479914982,outer_iteration,,False,False,saved_experiment_6,-1.4219248294830322,91187.0,0.995968158992415,0.0,2.0,0.02815757439446747,0.0002319411140280376,0.1085345058708621,0.10919905454508583,0.21353250853594427,9.185518305639158e-18,0.08528678078788846,8.0,8.0,8.0,0.0,0.0,0.0,0.0,-0.03425002135283717,-0.03386961167983982,0.07331938296556473,0.07876667380332947,0.08457954227924347,0.09431993961334229,241797.0,240735.0,241178.0,,,,,,,,,,,,,,,,,,,,,,
unbiased_control_variate_escher,Unbiased Control-Variate ESCHER (Experiment 6),2,10,9,180000,1491387.0,4086.9934755510003,0.500680049409575,-0.07062193725560412,0.014984486822395879,0.034339576959609985,0.05162272974848747,0.06207074597477913,0.013118168339133263,0.013118168339133263,outer_iteration,,False,False,saved_experiment_6,-1.4327449798583984,92160.0,1.0066792982292756,0.0,2.0,0.033926853016101356,0.0001921210490731463,0.11205840700117048,0.11285931192690035,0.2109630107575687,8.805597190492935e-18,0.08629928099951219,9.0,9.0,9.0,0.0,0.0,0.0,0.0,-0.027697166416961627,-0.02840909641250855,0.08063994348049164,0.08494242280721664,0.09049084037542343,0.10088137537240982,272644.0,271445.0,271781.0,,,,,,,,,,,,,,,,,,,,,,
unbiased_control_variate_escher,Unbiased Control-Variate ESCHER (Experiment 6),2,11,10,200000,1661606.0,4540.727362616999,0.4422802146333356,-0.06678822177321819,0.018818202304781803,0.025786206126213074,0.0667780265212059,0.06574074178934097,0.014904772552351156,0.014904772552351156,outer_iteration,,False,False,saved_experiment_6,-1.4500454664230347,94061.0,0.9906581420207662,0.0,2.0,0.03822506488410694,0.00019109775312455037,0.11804275855423488,0.11859033759878963,0.22463517404192926,9.089907941496749e-18,0.08644179026233484,10.0,10.0,10.0,0.0,0.0,0.0,0.0,-0.02031427216068371,-0.02253300498503985,0.09391549229621887,0.09178301692008972,0.10491573810577393,0.10809331387281418,304014.0,302737.0,303180.0,,,,,,,,,,,,,,,,,,,,,,
unbiased_control_variate_escher,Unbiased Control-Variate ESCHER (Experiment 6),2,12,11,220000,1832280.0,4996.495008616999,0.42482342658724764,-0.09373285514973617,0.008126431071736176,0.025610869750380516,0.0742424875497818,0.07094172388315201,0.013932893052697182,0.013932893052697182,outer_iteration,,False,False,saved_experiment_6,-1.60280179977417,94408.0,0.9829445724802198,0.0,2.0,0.04304389352258338,0.00015826455655950413,0.12519274093208818,0.12548346972087424,0.2468130115209867,9.527078497751401e-18,0.08604742318973868,11.0,11.0,11.0,0.0,0.0,0.0,0.0,-0.013999059635270594,-0.017358058283434286,0.11047787964344025,0.09042081981897354,0.11951041221618652,0.10397765785455704,333333.0,333333.0,333333.0,,,,,,,,,,,,,,,,,,,,,,
unbiased_control_variate_escher,Unbiased Control-Variate ESCHER (Experiment 6),2,13,12,240000,2001397.0,5454.896898437,0.3591155399355671,-0.09400851918998515,0.008402095111985156,0.02456897497177124,0.06688046455383301,0.07683325558900833,0.016033052777250607,0.016033052777250607,outer_iteration,,False,False,saved_experiment_6,-1.639083743095398,93261.0,0.9874150288739534,0.0,2.0,0.04399312581679822,0.00016486482634441152,0.1234351054117443,0.12352460638494413,0.2401772047930572,9.592315550397099e-18,0.08684416150739646,12.0,12.0,12.0,0.0,0.0,0.0,0.0,-0.00819812397127695,-0.010732383550544622,0.10589930415153503,0.10538799315690994,0.11443547904491425,0.12239574640989304,333333.0,333333.0,333333.0,,,,,,,,,,,,,,,,,,,,,,
unbiased_control_variate_escher,Unbiased Control-Variate ESCHER (Experiment 6),2,14,13,260000,2173359.0,5913.7186445419975,0.321354112135443,-0.09267672925783171,0.007070305179831718,0.02450651489198208,0.07047265022993088,0.06723474711179733,0.01789676398038864,0.01789676398038864,outer_iteration,,False,False,saved_experiment_6,-1.7550045251846313,95598.0,0.990496404755529,0.0,2.0,0.061914175202274754,0.00017145636433217536,0.12875436083868488,0.12890864704075314,0.2496887677284511,1.0239728013884668e-17,0.08274484595746952,13.0,13.0,13.0,0.0,0.0,0.0,0.0,-0.002700471345577604,-0.007130883689921097,0.10805345326662064,0.09470277279615402,0.11638646572828293,0.10332569479942322,333333.0,333333.0,333333.0,,,,,,,,,,,,,,,,,,,,,,
unbiased_control_variate_escher,Unbiased Control-Variate ESCHER (Experiment 6),2,15,14,280000,2344519.0,6371.949698929999,0.2928361160206297,-0.09379057230315715,0.008184148225157159,0.02164321392774582,0.0705188661813736,0.05561879649758339,0.01575676134477059,0.01575676134477059,outer_iteration,,False,False,saved_experiment_6,-1.8933384418487549,94902.0,0.9960106955199629,0.0,2.0,0.06949982087972885,0.00014449607647153877,0.12754710683470052,0.12760767298212594,0.23789656211659835,9.691694856529747e-18,0.08001313979214857,14.0,14.0,14.0,0.0,0.0,0.004145447388984591,0.0,0.004145447388984591,-0.0023720510349796164,0.10386573523283005,0.08159974962472916,0.1147497296333313,0.09295250475406647,333333.0,333333.0,333333.0,,,,,,,,,,,,,,,,,,,,,,
unbiased_control_variate_escher,Unbiased Control-Variate ESCHER (Experiment 6),2,16,15,300000,2514124.0,6828.005832082999,0.2891249606843686,-0.09234038695604704,0.006733962878047048,0.020722564309835434,0.06058530882000923,0.06265731155872345,0.017753781750798225,0.017753781750798225,outer_iteration,,False,False,saved_experiment_6,-1.8443244695663452,93479.0,0.9979315406427935,0.0,2.0,0.057736328427868876,0.00013957384464589252,0.11568934269474453,0.11557216716649252,0.21288076880212717,8.904141194130856e-18,0.08496644236331366,15.0,15.0,15.0,0.004145447388984591,0.0,0.01095325415971371,0.004636205210356792,0.01095325415971371,0.004636205210356792,0.08784621953964233,0.08252248913049698,0.09894842654466629,0.09890668839216232,333333.0,333333.0,333333.0,,,,,,,,,,,,,,,,,,,,,,
unbiased_control_variate_escher,Unbiased Control-Variate ESCHER (Experiment 6),2,17,16,320000,2684593.0,7282.890515491003,0.24194605733118837,-0.08784642047099417,0.002239996392994173,0.0191386379301548,0.06039321795105934,0.0482054203748703,0.016156384410957497,0.016156384410957497,outer_iteration,,False,False,saved_experiment_6,-2.015669584274292,94322.0,0.9921774026810315,0.24429270789795066,1.761549799868115,0.0640194138803622,0.00015324529881565913,0.11216539868359877,0.11216820154002329,0.2065944131702749,8.99228641933726e-18,0.0816722503412384,16.0,16.0,16.0,0.01095325415971371,0.004636205210356792,0.017395731725387997,0.011470911078764745,0.017395731725387997,0.011470911078764745,0.08746363967657089,0.06959936767816544,0.09827971458435059,0.08516280353069305,333333.0,333333.0,333333.0,,,,,,,,,,,,,,,,,,,,,,
unbiased_control_variate_escher,Unbiased Control-Variate ESCHER (Experiment 6),2,18,17,340000,2855626.0,7734.360386661996,0.23383854062299397,-0.08471780739437373,0.0008886166836262616,0.018683984875679016,0.05762188509106636,0.0588950514793396,0.015101579949259758,0.015101579949259758,outer_iteration,,False,False,saved_experiment_6,-1.9640482664108276,94656.0,0.998074695296196,0.02499814583247495,2.0,0.05503484316187066,0.000134173015830912,0.11253441101093764,0.11262142022379583,0.2178856901356259,9.905043705111271e-18,0.08234349840023612,17.0,17.0,17.0,0.017395731725387997,0.011470911078764745,0.025717283045943562,0.016768945913375632,0.025717283045943562,0.016768945913375632,0.08394189924001694,0.0799073800444603,0.0977788046002388,0.09203305095434189,333333.0,333333.0,333333.0,,,,,,,,,,,,,,,,,,,,,,
unbiased_control_variate_escher,Unbiased Control-Variate ESCHER (Experiment 6),2,19,18,360000,3027261.0,8194.453533013002,0.20928517000698724,-0.09443836360380128,0.008831939525801288,0.01651531644165516,0.05720394849777222,0.06710901111364365,0.01827900732556979,0.01827900732556979,outer_iteration,,False,False,saved_experiment_6,-1.9871305227279663,95156.0,0.9967734952708555,0.257120579271512,1.601587121978704,0.057286636433638134,0.0001232458705074088,0.11634735307172209,0.1163379895284281,0.22858645753210224,1.0165305600611063e-17,0.08436306855488014,18.0,18.0,18.0,0.025717283045943562,0.016768945913375632,0.03183977972473773,0.02060824008738471,0.03183977972473773,0.02060824008738471,0.08365757018327713,0.0928892269730568,0.094709113240242,0.10221551358699799,333333.0,333333.0,333333.0,,,,,,,,,,,,,,,,,,,,,,
unbiased_control_variate_escher,Unbiased Control-Variate ESCHER (Experiment 6),2,20,19,380000,3197087.0,8651.538478342001,0.16576843031627583,-0.09431239920104503,0.008705975123045037,0.01579275168478489,0.06354773789644241,0.05937499925494194,0.015194409837325415,0.015194409837325415,outer_iteration,,False,False,saved_experiment_6,-1.9761390686035156,93707.0,1.0003605899425674,0.1698561669075307,1.845789153482873,0.06050089706592145,9.91026181118927e-05,0.11717872384723167,0.11734272594867899,0.22846595058024502,1.0298650508720578e-17,0.08207091727686135,19.0,19.0,19.0,0.03183977972473773,0.02060824008738471,0.035993209458974995,0.024978434607076494,0.035993209458974995,0.024978434607076494,0.09718149900436401,0.08202189207077026,0.1062668040394783,0.09212131798267365,333333.0,333333.0,333333.0,,,,,,,,,,,,,,,,,,,,,,
unbiased_control_variate_escher,Unbiased Control-Variate ESCHER (Experiment 6),2,21,20,400000,3366017.0,9104.496743470998,0.16701666979406152,-0.09098606308140586,0.005379639003405864,0.015526939183473587,0.059976667165756226,0.05734311416745186,0.017704244703054428,0.017704244703054428,outer_iteration,,False,False,saved_experiment_6,-2.0032804012298584,93089.0,1.0042635018540482,0.3033371197977037,1.5648900194261182,0.05485193269829314,0.00010069320151618642,0.11372991574171464,0.11400969669089746,0.22769397065362504,9.763251381799164e-18,0.08395676224962094,20.0,20.0,20.0,0.035993209458974995,0.024978434607076494,0.04173194662684565,0.03053615779000385,0.04173194662684565,0.03053615779000385,0.08131198585033417,0.08350549638271332,0.09225212782621384,0.09581790864467621,333333.0,333333.0,333333.0,,,,,,,,,,,,,,,,,,,,,,
unbiased_control_variate_escher,Unbiased Control-Variate ESCHER (Experiment 6),2,22,21,420000,3534808.0,9550.82737608,0.1616958442130767,-0.08793946926620355,0.0023330451882035558,0.015828294679522514,0.056296348571777344,0.061242569237947464,0.015327113990982374,0.015327113990982374,outer_iteration,,False,False,saved_experiment_6,-2.0113606452941895,92924.0,1.0035891374051984,0.1833095418814925,1.7420734923354644,0.05521754390181335,0.00010930114075776841,0.10960809286008574,0.10947754249683693,0.2166227452846551,9.339259789114499e-18,0.08265715904673697,21.0,21.0,21.0,0.04173194662684565,0.03053615779000385,0.04874839417734711,0.0370729555429169,0.04874839417734711,0.0370729555429169,0.07649517804384232,0.07636184245347977,0.08922954648733139,0.09020581096410751,333333.0,333333.0,333333.0,,,,,,,,,,,,,,,,,,,,,,
unbiased_control_variate_escher,Unbiased Control-Variate ESCHER (Experiment 6),2,23,22,440000,3701941.0,10001.320770430997,0.1533272691177771,-0.08819449525983347,0.002588071181833476,0.015807978808879852,0.05438316985964775,0.05814378336071968,0.01703003980219364,0.01703003980219364,outer_iteration,,False,False,saved_experiment_6,-2.096703052520752,91666.0,0.9991778637666872,0.4359923851675298,1.5164768473270356,0.05791921346175728,0.0001026028463799738,0.10470795820400468,0.10457845948744883,0.20160690025450967,8.938951233470465e-18,0.08252058454418776,22.0,22.0,22.0,0.04874839417734711,0.0370729555429169,0.05341358469230262,0.04356903229591802,0.05341358469230262,0.04356903229591802,0.07454901933670044,0.07499060034751892,0.08445190638303757,0.0887768343091011,333333.0,333333.0,333333.0,,,,,,,,,,,,,,,,,,,,,,
unbiased_control_variate_escher,Unbiased Control-Variate ESCHER (Experiment 6),2,24,23,460000,3869997.0,10452.905128819002,0.1651877693320549,-0.08569564423455575,8.922015655575544e-05,0.01429800596088171,0.05357131361961365,0.06678550690412521,0.017274648882448673,0.017274648882448673,outer_iteration,,False,False,saved_experiment_6,-2.044290781021118,92285.0,1.0034130432273085,0.5403525944138416,1.699826863124888,0.053034317469264736,0.00010288186929646784,0.10870564065789004,0.10878238934460513,0.20945287676010407,9.247362303092332e-18,0.08141656847383946,23.0,23.0,23.0,0.05341358469230262,0.04356903229591802,0.05865424493248306,0.048409423908469584,0.05865424493248306,0.048409423908469584,0.07549934834241867,0.09189898520708084,0.08641786873340607,0.10397021472454071,333333.0,333333.0,333333.0,,,,,,,,,,,,,,,,,,,,,,
unbiased_control_variate_escher,Unbiased Control-Variate ESCHER (Experiment 6),2,25,24,480000,4039530.0,10910.419811849999,0.14098756604643584,-0.08734961898453941,0.0017431949065394164,0.012961921282112598,0.05999467894434929,0.06529566645622253,0.01676232336709897,0.01676232336709897,outer_iteration,,False,False,saved_experiment_6,-2.085958480834961,93440.0,0.9988010988897263,0.3839151541895022,1.4970404225305887,0.048204758808562835,9.439318653258747e-05,0.1129606189250216,0.11316674924083374,0.2208656111520968,9.809352683271516e-18,0.08396100241933548,24.0,24.0,24.0,0.05865424493248306,0.048409423908469584,0.06312360211952817,0.05053277784103716,0.06312360211952817,0.05053277784103716,0.07708166539669037,0.08719823509454727,0.08743863552808762,0.09497495740652084,333333.0,333333.0,333333.0,,,,,,,,,,,,,,,,,,,,,,
unbiased_control_variate_escher,Unbiased Control-Variate ESCHER (Experiment 6),2,26,25,500000,4208962.0,11368.638926786996,0.15424901614001574,-0.08595453325364591,0.0003481091756459137,0.015132023952901363,0.04915432259440422,0.0617731548845768,0.015104790528615316,0.015104790528615316,outer_iteration,,False,False,saved_experiment_6,-2.0421810150146484,93388.0,1.002781673475032,0.11988436262692082,1.8131237647754754,0.05062844406163509,9.099146423800462e-05,0.11631157005220809,0.11639607032446579,0.2237748056029961,9.991279109675821e-18,0.08359705724674246,25.0,25.0,25.0,0.06312360211952817,0.05053277784103716,0.06592169907648504,0.05567991101764391,0.06592169907648504,0.05567991101764391,0.08038774877786636,0.07996208965778351,0.08921487629413605,0.0920213907957077,333333.0,333333.0,333333.0,,,,,,,,,,,,,,,,,,,,,,
unbiased_control_variate_escher,Unbiased Control-Variate ESCHER (Experiment 6),2,27,26,520000,4378337.0,11824.122914150998,0.14319404290524165,-0.08367754927530804,0.0019288748026919517,0.012887340970337391,0.050249069929122925,0.05938424542546272,0.016013746460278828,0.016013746460278828,outer_iteration,,False,False,saved_experiment_6,-1.5506622791290283,93398.0,1.0003957205461713,0.24465084497231782,1.7101972130642815,0.050718697792646594,8.813720300322213e-05,0.11509603926495557,0.11536903974569052,0.22381058442748558,9.976312102894948e-18,0.08523822283223251,26.0,26.0,26.0,0.06592169907648504,0.05567991101764391,0.07109138492795963,0.060656480749834873,0.07109138492795963,0.060656480749834873,0.07633199542760849,0.0749843493103981,0.08789414167404175,0.08668997138738632,333333.0,333333.0,333333.0,,,,,,,,,,,,,,,,,,,,,,
unbiased_control_variate_escher,Unbiased Control-Variate ESCHER (Experiment 6),2,28,27,540000,4547206.0,12279.074053033,0.14149191059300636,-0.08171337474974044,0.003893049328259554,0.012885558418929577,0.06091807410120964,0.05441698431968689,0.017644592250386875,0.017644592250386875,outer_iteration,,False,False,saved_experiment_6,-2.1086018085479736,93110.0,1.0026247375528827,0.4488570207875233,1.5479508357104335,0.050512063094063524,8.849108102688676e-05,0.11591220834579131,0.11634505381665597,0.21871049513714969,9.550757817700291e-18,0.08524135291034869,27.0,27.0,27.0,0.07109138492795963,0.060656480749834873,0.0761359928151033,0.06533685508069265,0.0761359928151033,0.06533685508069265,0.08025462925434113,0.07264574617147446,0.0923515185713768,0.0839533880352974,333333.0,333333.0,333333.0,,,,,,,,,,,,,,,,,,,,,,
unbiased_control_variate_escher,Unbiased Control-Variate ESCHER (Experiment 6),2,29,28,560000,4715721.0,12731.393570187996,0.12884357447903388,-0.08793320121009468,0.0023267771320946845,0.012094610370695591,0.05761567875742912,0.06081753969192505,0.017979454870025318,0.017979454870025318,outer_iteration,,False,False,saved_experiment_6,-2.03676176071167,92683.0,1.0023152242357574,0.0,1.4872979087588334,0.0494361219959548,9.307932914144004e-05,0.11175717021345499,0.11186531635186414,0.21834848565253803,9.579696153393766e-18,0.0860613496452234,28.0,28.0,28.0,0.0761359928151033,0.06533685508069265,0.08041919410517173,0.06838639938666624,0.08041919410517173,0.06838639938666624,0.07735048234462738,0.08308528363704681,0.08871152997016907,0.09309650957584381,333333.0,333333.0,333333.0,,,,,,,,,,,,,,,,,,,,,,
fast_slow_control_critic_escher,Fast/Slow Control-Critic ESCHER,0,0,0,0,0.0,0.7591558780000014,2.373611111111111,-0.078125,0.007481424077999996,,,,,,initial_untrained_policy,,True,False,experiment_9_new_run,,0.0,0.0,,,0.0,0.0,0.0,0.0,0.0,0.0,1.0,0.0,0.0,0.0,0.0,0.0,0.0,0.0,0.0,0.0,,,,,0.0,0.0,0.0,,0.0,0.0,0.0,,,0.0,0.0,0.0,0.0,0.0,0.0,,,0.0,0.0,0.0,0.0,0.0,0.0,0.0,0.0
fast_slow_control_critic_escher,Fast/Slow Control-Critic ESCHER,0,1,1,1534,10007.0,33.90457000699999,1.0005551634167915,0.0005217513678739683,0.08612817544587396,7.239115973334265e-10,,,,,early_node_threshold,10000,False,False,experiment_9_new_run,,4626.0,1.0,1.0,1.0,1.0000100135803223,0.0,0.07030496524659946,0.07030496524659946,0.10545744786989877,0.0,0.5,0.0,0.0,0.0,0.0,0.0,0.0,0.0,0.0,0.0,,,,,1554.0,1528.0,1544.0,,0.0,4626.0,0.5,0.5,0.5,0.0,0.0,0.0,0.007086265691473895,0.007086265691473895,0.007086265691473895,,,0.0,0.0,0.0,0.0,4626.0,1554.0,1528.0,1544.0
fast_slow_control_critic_escher,Fast/Slow Control-Critic ESCHER,0,2,1,20000,129703.0,619.170788549,4.00010376941737,0.9999184267078037,1.0855248507858037,1.294163354259581e-07,0.006651122123003006,0.23002029955387115,1.193552246074129e-06,1.193552246074129e-06,outer_iteration,,False,False,experiment_9_new_run,-2.552003860473633,61287.0,1.0,1.0,1.0,1.0000100135803223,0.0,0.13255916990806133,0.13255916990806133,0.2517110542957006,0.0,0.3333333333333333,1.0,1.0,1.0,0.0,0.0,0.0,0.0,0.0,0.0,0.01390725839883089,0.3248520493507385,0.01390725839883089,0.3248520493507385,20353.0,20421.0,20513.0,0.042116425931453705,1.0,61287.0,0.5,0.5,0.5,0.0,0.0,0.0,0.0455770082808525,0.0455770082808525,0.0455770082808525,8.819675372251368e-07,1.5051369549231215e-06,1.0,1.0,1.0,1.0,61287.0,20353.0,20421.0,20513.0
fast_slow_control_critic_escher,Fast/Slow Control-Critic ESCHER,0,3,2,40000,294166.0,1264.2236363220002,5.99928033251992,1.5187700558100437,1.6043764798880435,0.14698652923107147,0.554481029510498,4.354494571685791,0.0006758804835650759,0.0006758804835650759,outer_iteration,,False,False,experiment_9_new_run,-0.9619113802909851,91670.0,0.835920964967219,0.0,2.0,0.048467178803331054,0.0033086399373082366,0.5749188966662516,0.5851514616568348,1.0211472896437805,1.0606435533856659e-17,0.08599813987697291,2.0,2.0,2.0,0.0,0.0,0.0,0.0,-0.003427795211668805,-0.011157451922994222,1.0551027059555054,6.735597610473633,1.0510708093643188,6.629014015197754,50965.0,51017.0,50975.0,2.539963722229004,2.0,152957.0,0.5,0.5,0.5,0.0037281548762736066,0.002394189342456828,0.023552737809034743,3.035311230903445,3.027199006837137,3.0305180199371438,0.000224948021544454,0.0011268129455856979,2.0,2.0,2.0,2.0,152957.0,30612.0,30596.0,30462.0
fast_slow_control_critic_escher,Fast/Slow Control-Critic ESCHER,0,4,3,60000,476090.0,1924.0266792130003,4.0595352028742155,0.6873285778343345,0.7729350019123346,0.09265420585870743,5.28957986831665,0.2834432125091553,0.0005471677868627012,0.0005471677868627012,outer_iteration,,False,False,experiment_9_new_run,-0.829180896282196,103778.0,1.135654831199044,0.0,2.0,7.7244952620458225,0.002793042444572059,0.30752051876087294,0.3304974164124254,0.6389271561490117,1.1568992894517983e-17,0.0700616252576163,3.0,3.0,3.0,0.0,0.0,0.0,0.0,-0.0560082656964469,-0.021324182715165785,5.517666339874268,0.8179575204849243,5.172311782836914,0.7152968049049377,85551.0,85717.0,85467.0,1.329633355140686,3.0,250000.0,7.218130940669251e-13,0.0,9.469369038894726e-11,0.004605089696822792,0.002688095035476607,0.02720037387835774,1.627157353867529,1.6129618935766934,1.6129618935766934,0.0004877949443956216,0.0006065406293297807,3.0,3.0,3.0,3.0,256735.0,34586.0,34700.0,34492.0
fast_slow_control_critic_escher,Fast/Slow Control-Critic ESCHER,0,5,4,80000,655406.0,2588.2380777979997,2.4559963289971165,0.1808128352230235,0.2664192593010235,0.0769895538687706,0.36934694647789,0.09205827116966248,0.002017775977340837,0.002017775977340837,outer_iteration,,False,False,experiment_9_new_run,-1.09922194480896,101419.0,1.0959191159993338,0.0,2.0,3.8768657566621085,0.002550251890306775,0.18618468118626125,0.20277220952689848,0.3942882741673829,9.200091620238832e-18,0.07024445009347323,4.0,4.0,4.0,0.0,0.0,0.0,0.0,-0.06237622871357518,-0.025834149624431424,0.7407792210578918,0.19914405047893524,0.6636714339256287,0.1572808176279068,119433.0,119457.0,119264.0,1.0855995416641235,4.0,250000.0,4.340097086128123e-13,0.0,6.729596740973065e-11,0.004612743207573468,0.0024512230660119587,0.03620808208047842,0.17514306362391965,0.16904634041221206,0.1690463404122118,0.002079236088320613,0.0019563158663610616,4.0,4.0,4.0,4.0,358154.0,33882.0,33740.0,33797.0
fast_slow_control_critic_escher,Fast/Slow Control-Critic ESCHER,0,6,5,100000,822465.0,3227.903192057,1.3368190637355293,0.2611996817549259,0.3468061058329259,0.0618751086294651,0.08558424562215805,0.05450461804866791,0.008775027235969901,0.008775027235969901,outer_iteration,,False,False,experiment_9_new_run,-1.1743760108947754,92133.0,1.082787857062121,0.0,2.0,0.18901940333531875,0.0010840953197197949,0.13123398748200674,0.1462592671003179,0.28542490358041356,9.440244633314642e-18,0.07479448017268688,5.0,5.0,5.0,0.0,0.0,0.0,0.0,-0.06383874607856388,-0.024722125438032316,0.1477113664150238,0.09042742103338242,0.13108791410923004,0.09658536314964294,150130.0,150307.0,149850.0,0.14198319613933563,5.0,250000.0,2.784337599492226e-13,0.0,4.90419926890695e-11,0.002388560372658255,0.0009243489830963897,0.03205357867824782,0.06656260550243519,0.06394486498160663,0.0639448649816062,0.009175979842742285,0.008374074629197517,5.0,5.0,5.0,5.0,450287.0,30697.0,30850.0,30586.0
fast_slow_control_critic_escher,Fast/Slow Control-Critic ESCHER,0,7,6,120000,987999.0,3873.663025065,0.9039731696140539,0.11576412356227658,0.20137054764027656,0.04155581817030907,0.047195807099342346,0.05294344201683998,0.011834471952170134,0.011834471952170134,outer_iteration,,False,False,experiment_9_new_run,-1.3892295360565186,90691.0,1.032486595426072,0.0,2.0,0.03110795195247766,0.0006951380121052003,0.10796008273098275,0.11316281675147542,0.22539891759542108,9.116225446629082e-18,0.08761634229210846,6.0,6.0,6.0,0.0,0.0,0.0,0.0,-0.06169703279825356,-0.022158341675526216,0.0787384957075119,0.07642185688018799,0.08464834839105606,0.09233088046312332,180202.0,180683.0,180093.0,0.08968127518892288,6.0,250000.0,2.9511546798090234e-13,0.0,4.390347807525785e-11,0.0020623457406786167,0.0006811775022812759,0.030257168402087822,0.04517179338889204,0.04402887799450979,0.04402887799450927,0.012741977038482824,0.010926966865857443,6.0,6.0,6.0,6.0,540978.0,30072.0,30376.0,30243.0
fast_slow_control_critic_escher,Fast/Slow Control-Critic ESCHER,0,8,7,140000,1156706.0,4512.462687608,0.6652026292016218,0.04704991408940262,0.13265633816740263,0.03490434214472771,0.048487335443496704,0.04910410940647125,0.012241116259247065,0.012241116259247065,outer_iteration,,False,False,experiment_9_new_run,-1.3887972831726074,93034.0,1.0093360520328718,0.0,2.0,0.03213266804971949,0.00046163173855563294,0.10896565082367062,0.11174373778600609,0.22216942562340414,9.677451386765859e-18,0.08762548763378812,7.0,7.0,7.0,0.0,0.0,0.0,0.0,-0.059092576835128696,-0.019573881458307074,0.07772726565599442,0.06626475602388382,0.08508189767599106,0.08118025958538055,211287.0,211684.0,211041.0,0.04593253880739212,7.0,250000.0,2.413082709600449e-13,0.0,3.268671097678144e-11,0.0015907192749339434,0.0004615788729960961,0.026580783423656943,0.0467225950532299,0.04606316186686104,0.0460631618668605,0.012595782366891703,0.011886450151602427,7.0,7.0,7.0,7.0,634012.0,31085.0,31001.0,30948.0
fast_slow_control_critic_escher,Fast/Slow Control-Critic ESCHER,0,9,8,160000,1323990.0,5153.448229067,0.5619540246800105,-0.023129242711576292,0.062477181366423704,0.02839973010122776,0.04413549602031708,0.041881535202264786,0.012193812523037195,0.012193812523037195,outer_iteration,,False,False,experiment_9_new_run,-1.518649935722351,91679.0,1.0049763527865927,0.0,2.0,0.031095828536010405,0.0002552759932359662,0.10254865566444098,0.10435064258077961,0.1969609981027089,9.019014301222828e-18,0.08598660595159713,8.0,8.0,8.0,0.0,0.0,0.0,0.0,-0.05568351852006903,-0.016802688289851098,0.06381108611822128,0.061766449362039566,0.07451003789901733,0.07660898566246033,241808.0,242403.0,241480.0,0.03994838520884514,8.0,250000.0,1.7741711433964116e-13,0.0,2.9594431072421656e-11,0.001285958454988811,0.0002724431318270501,0.024763536902491053,0.042969983088839064,0.04229322214705466,0.04229322214705496,0.012695168455441793,0.011692456590632597,8.0,8.0,8.0,8.0,725691.0,30521.0,30719.0,30439.0
fast_slow_control_critic_escher,Fast/Slow Control-Critic ESCHER,0,10,9,180000,1493792.0,5808.430113894,0.4548053140582773,-0.05092643598229726,0.03467998809570273,0.023487187922000885,0.05090026929974556,0.04240936413407326,0.013152455134938162,0.013152455134938162,outer_iteration,,False,False,experiment_9_new_run,-1.6242130994796753,93573.0,1.020774144252846,0.0,2.0,0.039907607848506554,0.00018785479762182598,0.10781007370930842,0.10879326654957078,0.20951494990164027,9.29344208049101e-18,0.08386698417163452,9.0,9.0,9.0,0.0,0.0,0.0,0.0,-0.05205575000210394,-0.01378445861078359,0.06993099302053452,0.060583293437957764,0.08021887391805649,0.07556071877479553,272941.0,273625.0,272698.0,0.048639748245477676,9.0,250000.0,1.6452517883668865e-13,0.0,2.4651914190543245e-11,0.001090764122660566,0.00018599488381860075,0.02230938137125544,0.04753907718294786,0.04683440073645716,0.04683440073645729,0.015067766420543194,0.011237143849333128,9.0,9.0,9.0,9.0,819264.0,31133.0,31222.0,31218.0
fast_slow_control_critic_escher,Fast/Slow Control-Critic ESCHER,0,11,10,200000,1663742.0,6464.888071848,0.3612841913808103,-0.07857879405841445,0.0070276300195855484,0.020619064569473267,0.04602703079581261,0.04827238246798515,0.013400506383428972,0.013400506383428972,outer_iteration,,False,False,experiment_9_new_run,-1.6452254056930542,93787.0,1.0131166694063927,0.0,2.0,0.03843786188377663,0.00014702258832526997,0.11108565396473963,0.1119083066082879,0.21856613285144288,9.514966511928499e-18,0.08686442288151702,10.0,10.0,10.0,0.0,0.0,0.0,0.0,-0.04812397275814506,-0.011444466382259266,0.06586266309022903,0.06855229288339615,0.07656989991664886,0.07898485660552979,304194.0,304920.0,303937.0,0.04826338589191437,10.0,250000.0,1.4422246847211205e-13,0.0,2.0663160418821214e-11,0.0010399018605861616,0.00015261775312994726,0.021011184029611094,0.04856320013610889,0.04792308778177282,0.04792308778177296,0.015130046755075455,0.011670966011782488,10.0,10.0,10.0,10.0,913051.0,31253.0,31295.0,31239.0
fast_slow_control_critic_escher,Fast/Slow Control-Critic ESCHER,0,12,11,220000,1832671.0,7113.152215144,0.3128373856344392,-0.09986711203947346,0.014260687961473464,0.0183249581605196,0.04296788573265076,0.04653206840157509,0.012950607265035313,0.012950607265035313,outer_iteration,,False,False,experiment_9_new_run,-1.7030068635940552,92800.0,1.0239636743803635,0.0,2.0,0.03757231086355393,0.00011446168646323244,0.10806206126950618,0.108380751938393,0.2135950126452919,9.037372254342352e-18,0.0889970683293749,11.0,11.0,11.0,0.0,0.0,0.0,0.0,-0.04467919092627759,-0.008719708093924305,0.06514635682106018,0.06675852835178375,0.07345055043697357,0.07815127819776535,333333.0,333333.0,333333.0,0.04666125401854515,11.0,250000.0,1.2702842690630998e-13,0.0,1.8068472065757568e-11,0.0009169468825149976,0.00011132382147872056,0.019681531033591066,0.047185165349758945,0.04660785641652161,0.04660785641652168,0.014894146472215652,0.011007068057854971,11.0,11.0,11.0,11.0,1005851.0,30958.0,30792.0,31050.0
fast_slow_control_critic_escher,Fast/Slow Control-Critic ESCHER,0,13,12,240000,2001738.0,7756.9520131360005,0.27670072644131405,-0.125249772012127,0.03964334793412701,0.01678057760000229,0.04303070530295372,0.04993415251374245,0.013153841253370047,0.013153841253370047,outer_iteration,,False,False,experiment_9_new_run,-1.6351550817489624,93000.0,1.0275564694228243,0.0,2.0,0.04255272932872126,0.00010999074648820798,0.11083574997448581,0.11104454269616737,0.21520490489357993,9.378212614340365e-18,0.0870798243156537,12.0,12.0,12.0,0.0,0.0,0.0,0.0,-0.04141393817093819,-0.006328735694991039,0.06328660994768143,0.07783368229866028,0.0704679861664772,0.08698692917823792,333333.0,333333.0,333333.0,0.041946932673454285,12.0,250000.0,1.1309646742708477e-13,0.0,1.6198480057294518e-11,0.0011291039240251119,0.00011216929170991067,0.020531016574759926,0.049351221194470635,0.04807859837020286,0.048078598370202986,0.01355841134985288,0.012749271156887213,12.0,12.0,12.0,12.0,1098851.0,31050.0,30936.0,31014.0
fast_slow_control_critic_escher,Fast/Slow Control-Critic ESCHER,0,14,13,260000,2172132.0,8397.96534314,0.2832572771270795,-0.1341991930057242,0.0485927689277242,0.01563185267150402,0.05060112476348877,0.05229131877422333,0.013945002729694048,0.013945002729694048,outer_iteration,,False,False,experiment_9_new_run,-1.91656494140625,94146.0,1.0231100022543225,0.0,2.0,0.05369830805162112,0.0001143900394116424,0.1143139746854348,0.1148992028012712,0.21964032409394052,9.447086000276319e-18,0.08494485370711102,13.0,13.0,13.0,0.0,0.0,0.0,0.0,-0.03769524629890286,-0.00421477348677457,0.07592980563640594,0.07599000632762909,0.08337485045194626,0.08352503180503845,333333.0,333333.0,333333.0,0.048589255660772324,13.0,250000.0,9.765107238395328e-14,0.0,1.458826462408247e-11,0.001157760030919889,0.00010883663934957998,0.02126056855275599,0.05241493180146889,0.05235822674406066,0.05235822674406066,0.015061749766270319,0.012828255693117777,13.0,13.0,13.0,13.0,1192997.0,31416.0,31318.0,31412.0
fast_slow_control_critic_escher,Fast/Slow Control-Critic ESCHER,0,15,14,280000,2341967.0,9054.177927133,0.2610812940779475,-0.13093864085563772,0.04533221677763773,0.013921014964580536,0.04938654229044914,0.04978989437222481,0.013956445579727491,0.013956445579727491,outer_iteration,,False,False,experiment_9_new_run,-1.9384090900421143,93675.0,1.0179763821409724,0.0,2.0,0.05056263117647997,0.00010300287411372423,0.10924809388206001,0.10941933918712589,0.21255818485983424,9.542658151531969e-18,0.08181161651170801,14.0,14.0,14.0,0.0,0.0,0.0,0.0,-0.03335118357687428,-0.0013048735633074404,0.07213587313890457,0.06778209656476974,0.08089547604322433,0.07767048478126526,333333.0,333333.0,333333.0,0.04982023313641548,14.0,250000.0,8.814051228345971e-14,0.0,1.2820727118834085e-11,0.0010374899303039653,0.00010622466894695244,0.02115328650685951,0.049243391881102015,0.04854867298369934,0.04854867298369937,0.014810419951876005,0.013102471207578978,14.0,14.0,14.0,14.0,1286672.0,31303.0,31199.0,31173.0
fast_slow_control_critic_escher,Fast/Slow Control-Critic ESCHER,0,16,15,300000,2511807.0,9708.593758635,0.24244963881812467,-0.12613284981102135,0.04052642573302136,0.015645470470190048,0.048451248556375504,0.047129612416028976,0.014502270612865686,0.014502270612865686,outer_iteration,,False,False,experiment_9_new_run,-2.0646753311157227,93805.0,1.013040539114179,0.0,2.0,0.046187181746771375,0.00010951175643906695,0.11176898387533543,0.11198961398419208,0.21551187968131516,9.418050956829091e-18,0.08645314571803328,15.0,15.0,15.0,0.0,0.0,0.0,0.0016412277989534818,-0.027228091450206326,0.0016412277989534818,0.07182464003562927,0.07282518595457077,0.08450435847043991,0.08226876705884933,333333.0,333333.0,333333.0,0.04707447066903114,15.0,250000.0,6.839382095459256e-14,0.0,1.1178278788714913e-11,0.0011262503385801425,0.00010689747211596201,0.020739465077631847,0.051159855432836264,0.05055556603406795,0.0505555660340679,0.01657288335263729,0.012431657873094082,15.0,15.0,15.0,15.0,1380477.0,31333.0,31030.0,31442.0
fast_slow_control_critic_escher,Fast/Slow Control-Critic ESCHER,0,17,16,320000,2680398.0,10358.12988259,0.22459170325226824,-0.12380108101871298,0.03819465694071299,0.014278337359428406,0.047650933265686035,0.055574849247932434,0.01296200541158517,0.01296200541158517,outer_iteration,,False,False,experiment_9_new_run,-2.0476090908050537,92729.0,1.0085986953515156,0.0,2.0,0.05370696862352767,0.00010834362328989552,0.10609862955316207,0.10617696145977716,0.2020422057977022,8.862950963137486e-18,0.0837111777568915,16.0,16.0,16.0,0.0,0.0016412277989534818,0.0,0.0047621979401251124,-0.022141857340411963,0.0047621979401251124,0.07199887186288834,0.06811751425266266,0.08177453279495239,0.07759308069944382,333333.0,333333.0,333333.0,0.044455744326114655,16.0,250000.0,7.131095833190682e-14,0.0,1.0633420359507095e-11,0.0010032285574674046,0.00010898438898399195,0.01922668705880072,0.049560155715454336,0.049160859497026935,0.049160859497026935,0.013330508644382158,0.012593502178788185,16.0,16.0,16.0,16.0,1473206.0,30976.0,30888.0,30865.0
fast_slow_control_critic_escher,Fast/Slow Control-Critic ESCHER,0,18,17,340000,2849723.0,11004.493063996999,0.21457034671583708,-0.11698903730906746,0.03138261323106746,0.01331664714962244,0.046438440680503845,0.05320332944393158,0.013460545955846708,0.013460545955846708,outer_iteration,,False,False,experiment_9_new_run,-2.0229947566986084,93273.0,1.0017622482939155,0.0,2.0,0.054062247475927604,9.741299067531793e-05,0.10498378568526151,0.10483209674693057,0.2007263941259475,8.671502379143802e-18,0.08452783686624493,17.0,17.0,17.0,0.0,0.0047621979401251124,0.0,0.00843537960286933,-0.016742025736482313,0.00843537960286933,0.07086699455976486,0.07637007534503937,0.08097925037145615,0.08700603246688843,333333.0,333333.0,333333.0,0.04943101108074188,17.0,250000.0,6.054345614150828e-14,0.0,8.91057106572335e-12,0.0009634637494326881,0.0001018138392950999,0.018837193179251525,0.04838254075564507,0.04765167477130926,0.04765167477130925,0.013838522446652254,0.01308256946504116,17.0,17.0,17.0,17.0,1566479.0,31050.0,31136.0,31087.0
fast_slow_control_critic_escher,Fast/Slow Control-Critic ESCHER,0,19,18,360000,3018942.0,11642.608314263,0.24046663288776832,-0.1140861029703418,0.028479678892341806,0.011775483377277851,0.0577208548784256,0.04889271780848503,0.013781922714163859,0.013781922714163859,outer_iteration,,False,False,experiment_9_new_run,-1.9964354038238525,93327.0,0.9932808963479136,0.0518646750751498,2.0,0.051124299621254136,0.00010489432888486823,0.11130611869419164,0.11152094209928157,0.21711424725423714,9.338304636820203e-18,0.08378827327930297,18.0,18.0,18.0,0.0,0.00843537960286933,0.0,0.012297431837721806,-0.010773984511380785,0.012297431837721806,0.0801602229475975,0.07088284194469452,0.09102179855108261,0.08155827969312668,333333.0,333333.0,333333.0,0.05033033713698387,18.0,250000.0,6.088406860050541e-14,0.0,8.767507553297804e-12,0.0009095027131084219,0.00010608517093340969,0.018270490777759316,0.051700456487072714,0.050974068202641866,0.05097406820264157,0.015154342787961165,0.012409502640366554,18.0,18.0,18.0,18.0,1659806.0,31078.0,31022.0,31227.0
fast_slow_control_critic_escher,Fast/Slow Control-Critic ESCHER,0,20,19,380000,3189250.0,12281.583010770999,0.20098958987344545,-0.10772243602109749,0.022116011943097494,0.010961662977933884,0.050617750734090805,0.043925125151872635,0.014683848091711601,0.014683848091711601,outer_iteration,,False,False,experiment_9_new_run,-2.0859618186950684,94233.0,1.0031622312140753,0.23925686999286155,2.0,0.05067030147255871,0.00010069610311183381,0.11095647404834777,0.11093380206215515,0.21778548550227111,9.257446179202292e-18,0.08241406542360427,19.0,19.0,19.0,0.0,0.012297431837721806,0.0,0.01689853610802916,-0.004939873047554499,0.01689853610802916,0.07565528154373169,0.06726393103599548,0.08612659573554993,0.07931302487850189,333333.0,333333.0,333333.0,0.04044026508927345,19.0,250000.0,5.321793749796647e-14,0.0,7.743011960770207e-12,0.0009386808039684658,9.631832780425054e-05,0.0190840850426058,0.050302590044751155,0.04951396329005431,0.04951396329005432,0.014891471092899641,0.014476225090523561,19.0,19.0,19.0,19.0,1754039.0,31540.0,31152.0,31541.0
fast_slow_control_critic_escher,Fast/Slow Control-Critic ESCHER,0,21,20,400000,3358902.0,12919.334809042999,0.19209294617852585,-0.10863821227996587,0.023031788201965872,0.01052755769342184,0.04947763681411743,0.057318348437547684,0.015298366701851288,0.015298366701851288,outer_iteration,,False,False,experiment_9_new_run,-2.04087233543396,93510.0,1.0017309065806275,0.11553603669170176,1.7861922187571562,0.04621257773998305,8.85968080203795e-05,0.111217456006569,0.1110665196760756,0.21783092129378936,9.337516963527866e-18,0.08275066444918056,20.0,20.0,20.0,0.0,0.01689853610802916,0.0012689295580570192,0.021471506177777933,0.0012689295580570192,0.021471506177777933,0.07577800750732422,0.0741875097155571,0.08680637180805206,0.08593816310167313,333333.0,333333.0,333333.0,0.047821130603551865,20.0,250000.0,4.2008088600780113e-14,0.0,7.385981583285517e-12,0.0009892548647151068,8.863352825566614e-05,0.019886553202694775,0.05258210342149217,0.05189609590988957,0.05189609590988945,0.017037988950808842,0.013558744452893734,20.0,20.0,20.0,20.0,1847549.0,31079.0,31162.0,31269.0
fast_slow_control_critic_escher,Fast/Slow Control-Critic ESCHER,0,22,21,420000,3527762.0,13561.269853352,0.1782430513304469,-0.1070088946629073,0.02140247058490731,0.011833163909614086,0.05073275789618492,0.05515502765774727,0.015028186763326326,0.015028186763326326,outer_iteration,,False,False,experiment_9_new_run,-2.1159703731536865,92811.0,1.0011038115696675,0.31915321052572954,1.5089132284760545,0.04664696077417469,7.818303585591895e-05,0.10884909595779883,0.10883740001641105,0.2122004091288544,8.865217073970956e-18,0.0846454172752714,21.0,21.0,21.0,0.0012689295580570192,0.021471506177777933,0.007591732375979543,0.026572008397301672,0.007591732375979543,0.026572008397301672,0.07185117155313492,0.07317542284727097,0.08298193663358688,0.0857929065823555,333333.0,333333.0,333333.0,0.047024790197610855,21.0,250000.0,4.817557929145155e-14,0.0,7.078334012672327e-12,0.0008602192763797158,8.445382240585191e-05,0.01824876257752035,0.05115623093389667,0.05061663761782311,0.05061663761782312,0.014995043786863485,0.015061329739789167,21.0,21.0,21.0,21.0,1940360.0,30924.0,30917.0,30970.0
fast_slow_control_critic_escher,Fast/Slow Control-Critic ESCHER,0,23,22,440000,3695757.0,14199.868961166,0.18253442090131006,-0.10140673044099757,0.015800306362997577,0.010482016950845718,0.05287833511829376,0.060559675097465515,0.015477079277237255,0.015477079277237255,outer_iteration,,False,False,experiment_9_new_run,-2.1016666889190674,92231.0,1.0034898012276041,0.23439425953706572,1.6577610448290465,0.041102828069759,7.600071447742475e-05,0.10924306923159001,0.10901893555706614,0.20860204470931107,9.599092521510357e-18,0.08703379731276362,22.0,22.0,22.0,0.007591732375979543,0.026572008397301672,0.013872254894559566,0.031710868909139545,0.013872254894559566,0.031710868909139545,0.0721939280629158,0.07421620190143585,0.0832047313451767,0.0867374986410141,333333.0,333333.0,333333.0,0.0477251261472702,22.0,250000.0,4.5588783920802716e-14,0.0,6.740988843512152e-12,0.0010108586573070526,7.443559930241286e-05,0.018213789133892513,0.05237358271573982,0.051783274928545765,0.05178327492854565,0.016110895512004692,0.01484326304246982,22.0,22.0,22.0,22.0,2032591.0,30695.0,30905.0,30631.0
fast_slow_control_critic_escher,Fast/Slow Control-Critic ESCHER,0,24,23,460000,3862961.0,14844.530325225,0.17347560527343248,-0.10749229932770779,0.021885875249707795,0.010269048623740673,0.05293911695480347,0.0522480309009552,0.014949671924114227,0.014949671924114227,outer_iteration,,False,False,experiment_9_new_run,-2.1931917667388916,91487.0,1.0025592879015977,0.441339929919757,1.4432898807897927,0.053111519744450414,7.654420928741036e-05,0.1070119984565303,0.106968465344906,0.20900300314035003,9.259647164497745e-18,0.08493826013253016,23.0,23.0,23.0,0.013872254894559566,0.031710868909139545,0.020493638366438693,0.03711929535646241,0.020493638366438693,0.03711929535646241,0.07115314155817032,0.07227444648742676,0.08269608020782471,0.08511088788509369,333333.0,333333.0,333333.0,0.04952625557780266,23.0,250000.0,4.468546950741801e-14,0.0,6.293823101577445e-12,0.0008832805867608361,7.800027291669522e-05,0.01766321632864948,0.05257850559043931,0.052095463099391906,0.05209546309939199,0.01701985423763593,0.012879489610592524,23.0,23.0,23.0,23.0,2124078.0,30588.0,30402.0,30497.0
fast_slow_control_critic_escher,Fast/Slow Control-Critic ESCHER,0,25,24,480000,4029921.0,15486.017363766,0.14065338550725381,-0.10682264372319195,0.02121621964519195,0.00897641945630312,0.0501561313867569,0.05434298887848854,0.014962087385356426,0.014962087385356426,outer_iteration,,False,False,experiment_9_new_run,-2.0940277576446533,91381.0,1.0046943743762806,0.7043802697037904,1.432393557210828,0.049300111404086244,7.743430032115647e-05,0.1048205248185723,0.10487719535414033,0.20215887037670927,9.064654737137513e-18,0.08376902151796373,24.0,24.0,24.0,0.020493638366438693,0.03711929535646241,0.027300382694716685,0.04206461882840873,0.027300382694716685,0.04206461882840873,0.07055506855249405,0.07187317311763763,0.08242335915565491,0.08373810350894928,333333.0,333333.0,333333.0,0.054343678057193756,24.0,250000.0,4.1601738179747186e-14,0.0,5.8869671290540104e-12,0.0008219704884457213,7.912254547150323e-05,0.01689724187981515,0.05039311681230536,0.049939442576752334,0.049939442576752355,0.015434214534858862,0.01448996023585399,24.0,24.0,24.0,24.0,2215459.0,30512.0,30468.0,30401.0
fast_slow_control_critic_escher,Fast/Slow Control-Critic ESCHER,0,26,25,500000,4197498.0,16127.398270418,0.14903347159770422,-0.10561774791062783,0.02001132383262784,0.00889560766518116,0.05198502168059349,0.06268514692783356,0.014777963360150654,0.014777963360150654,outer_iteration,,False,False,experiment_9_new_run,-2.0609962940216064,91687.0,1.004471953084229,0.442955031037891,1.6681512322244392,0.04841868978910754,8.043561786698639e-05,0.10482836354502192,0.10469943183937272,0.20266287260250482,8.618337013244827e-18,0.085833202561127,25.0,25.0,25.0,0.027300382694716685,0.04206461882840873,0.03421724240070967,0.046021853269680335,0.03421724240070967,0.046021853269680335,0.07234999537467957,0.08214206993579865,0.0845525786280632,0.09271533042192459,333333.0,333333.0,333333.0,0.05071724206209183,25.0,250000.0,3.8044821545692446e-14,0.0,5.537386521536902e-12,0.0009345307521518728,8.104312426050862e-05,0.0182106991083392,0.05186343471931341,0.05135797748322335,0.05135797748322316,0.015187674822906653,0.014368251897394657,25.0,25.0,25.0,25.0,2307146.0,30634.0,30610.0,30443.0
fast_slow_control_critic_escher,Fast/Slow Control-Critic ESCHER,0,27,26,520000,4365163.0,16772.582871774,0.1433191666634581,-0.10281356201009581,0.017207137932095815,0.009748062118887901,0.04938100650906563,0.05959343910217285,0.015586639444033304,0.015586639444033304,outer_iteration,,False,False,experiment_9_new_run,-2.106963634490967,91977.0,1.0060294117626891,0.502063590859426,1.6475548552630632,0.04989386980943744,8.590565140406177e-05,0.10901915460960465,0.10900195578835152,0.2150368920259467,8.894958143645599e-18,0.085280176613297,26.0,26.0,26.0,0.03421724240070967,0.046021853269680335,0.03980419198679408,0.05042594800076439,0.03980419198679408,0.05042594800076439,0.0741320550441742,0.07656944543123245,0.08469600975513458,0.08767462521791458,333333.0,333333.0,333333.0,0.057222265750169754,26.0,250000.0,3.552322444650605e-14,0.0,5.161953763738181e-12,0.0010933499411426612,8.412553727479606e-05,0.018667419462895025,0.05385544290415222,0.053245695187821594,0.053245695187821566,0.01619717137267192,0.014976107515394688,26.0,26.0,26.0,26.0,2399123.0,30674.0,30699.0,30604.0
fast_slow_control_critic_escher,Fast/Slow Control-Critic ESCHER,0,28,27,540000,4533615.0,17414.720710446,0.12785393735360054,-0.10329546239483361,0.01768903831683362,0.00967126339673996,0.049342602491378784,0.05399395152926445,0.015374923901011547,0.015374923901011547,outer_iteration,,False,False,experiment_9_new_run,-2.089017152786255,92483.0,1.00294582055902,0.37651017186807456,1.6131972673372754,0.048612284763628416,8.467632592003146e-05,0.11184277427147252,0.11201380757421632,0.21920383303376834,8.828930633712412e-18,0.08523733932553959,27.0,27.0,27.0,0.03980419198679408,0.05042594800076439,0.04462543670027974,0.05372090262857743,0.04462543670027974,0.05372090262857743,0.07843280583620071,0.07831965386867523,0.08832822740077972,0.08779685944318771,333333.0,333333.0,333333.0,0.05283990129828453,27.0,250000.0,3.235678382875319e-14,0.0,4.7114825062199994e-12,0.0012109374165365893,9.180739368967215e-05,0.019030711101978934,0.05508064386822313,0.05441935202552627,0.05441935202552632,0.015945010508100193,0.014804837293922901,27.0,27.0,27.0,27.0,2491606.0,30862.0,30811.0,30810.0
fast_slow_control_critic_escher,Fast/Slow Control-Critic ESCHER,0,29,28,560000,4702528.0,18053.076059744002,0.10785004328159742,-0.10344913432480252,0.01784271024680252,0.008441759273409843,0.04362022876739502,0.06077660992741585,0.015921319369226694,0.015921319369226694,outer_iteration,,False,False,experiment_9_new_run,-2.1469080448150635,92826.0,1.003646213116764,0.42418083845800625,1.6805554066776072,0.05222133472760038,8.308805786539565e-05,0.11265741955100156,0.11263884933033066,0.21683016044643624,9.023430681755542e-18,0.08412151651840816,28.0,28.0,28.0,0.04462543670027974,0.05372090262857743,0.05156785116357687,0.05806103191170875,0.05156785116357687,0.05806103191170875,0.06961679458618164,0.08018720895051956,0.08211924135684967,0.09148561209440231,333333.0,333333.0,333333.0,0.05571397393941879,28.0,250000.0,3.267150546298314e-14,0.0,4.544126359917744e-12,0.0009198768622110038,8.707863768915567e-05,0.01697472555420945,0.054129148097480866,0.05342528240052351,0.0534252824005236,0.016974561537305515,0.014868077201147875,28.0,28.0,28.0,28.0,2584432.0,30930.0,31032.0,30864.0
fast_slow_control_critic_escher,Fast/Slow Control-Critic ESCHER,1,0,0,0,0.0,0.7574582540000847,2.373611111111111,-0.078125,0.007481424077999996,,,,,,initial_untrained_policy,,True,False,experiment_9_new_run,,0.0,0.0,,,0.0,0.0,0.0,0.0,0.0,0.0,1.0,0.0,0.0,0.0,0.0,0.0,0.0,0.0,0.0,0.0,,,,,0.0,0.0,0.0,,0.0,0.0,0.0,,,0.0,0.0,0.0,0.0,0.0,0.0,,,0.0,0.0,0.0,0.0,0.0,0.0,0.0,0.0
fast_slow_control_critic_escher,Fast/Slow Control-Critic ESCHER,1,1,1,1547,10000.0,33.9179738649982,1.000948482383495,0.000689834030068906,0.0862962581080689,2.8736675261598066e-09,,,,,early_node_threshold,10000,False,False,experiment_9_new_run,,4604.0,1.0,1.0,1.0,1.0000100135803223,0.0,0.06866938448172127,0.06866938448172127,0.1030040767225819,0.0,0.5,0.0,0.0,0.0,0.0,0.0,0.0,0.0,0.0,0.0,,,,,1506.0,1546.0,1552.0,,0.0,4604.0,0.5,0.5,0.5,0.0,0.0,0.0,0.006757694621091178,0.006757694621091178,0.006757694621091178,,,0.0,0.0,0.0,0.0,4604.0,1506.0,1546.0,1552.0
fast_slow_control_critic_escher,Fast/Slow Control-Critic ESCHER,1,2,1,20000,129542.0,590.6019106549975,3.9999643451330114,0.9999672681344733,1.0855736922124732,5.686417026140589e-08,0.00709083117544651,0.23146198689937592,7.586382455571083e-07,7.586382455571083e-07,outer_iteration,,False,False,experiment_9_new_run,-2.7019729614257812,61164.0,1.0,1.0,1.0,1.0000100135803223,0.0,0.1334382215783285,0.1334382215783285,0.253502563096527,0.0,0.3333333333333333,1.0,1.0,1.0,0.0,0.0,0.0,0.0,0.0,0.0,0.013868172653019428,0.32911059260368347,0.013868172653019428,0.32911059260368347,20289.0,20462.0,20413.0,0.043014977127313614,1.0,61164.0,0.5,0.5,0.5,0.0,0.0,0.0,0.046102359782348196,0.046102359782348196,0.046102359782348196,7.88672840220291e-07,7.286036508939256e-07,1.0,1.0,1.0,1.0,61164.0,20289.0,20462.0,20413.0
fast_slow_control_critic_escher,Fast/Slow Control-Critic ESCHER,1,3,2,40000,296117.0,1225.1466404739986,2.800201302246836,-1.5717041981497777,1.4860977740717778,0.09232175350189209,2.2033512592315674,2.5539166927337646,0.001515684814269965,0.001515684814269965,outer_iteration,,False,False,experiment_9_new_run,-1.020219326019287,91863.0,1.07152599477478,0.0,2.0,0.04108561513193511,0.014795163581889098,0.5330518207548549,0.5561399238575961,0.966773309513266,6.9071068222717886e-18,0.0943054810292087,2.0,2.0,2.0,0.0,0.0,0.0,0.0,-0.0011812429532847002,-0.017625117419869385,2.704040765762329,2.810797929763794,2.7007031440734863,2.7108139991760254,50930.0,51036.0,51061.0,1.3458850383758545,2.0,153027.0,0.5,0.5,0.5,0.0064291021098964556,0.013132522362354187,0.054414318282258144,2.079802261872077,2.0657306683526686,2.068524143478859,0.001564857530562828,0.0014665120979771018,2.0,2.0,2.0,2.0,153027.0,30641.0,30574.0,30648.0
fast_slow_control_critic_escher,Fast/Slow Control-Critic ESCHER,1,4,3,60000,472435.0,1870.7046210119988,2.1632031277958195,-0.7356364548619705,0.6500300307839705,0.10422702878713608,0.5044751763343811,0.291131854057312,0.0011733163749643911,0.0011733163749643911,outer_iteration,,False,False,experiment_9_new_run,-0.7717540264129639,99809.0,1.022085441998474,0.0,2.0,27.837847539062015,0.007628116016197336,0.27654984012338235,0.3122392002523889,0.6663316703618749,1.1799891169036128e-17,0.06917688991763803,3.0,3.0,3.0,0.0,0.0,0.0,0.0,-0.035760597978137465,-0.024138698752675936,0.8046600222587585,0.9702239036560059,0.6919803023338318,0.9148845076560974,84146.0,84255.0,84435.0,1.0733325481414795,3.0,250000.0,0.203580143897812,0.0,1.0,0.005635090820273761,0.007008490295207832,0.05686509164398624,0.41463443189207977,0.41176300413086225,0.40817050344789785,0.0008019472976836065,0.0015446854522451758,3.0,3.0,3.0,3.0,252836.0,33216.0,33219.0,33374.0
fast_slow_control_critic_escher,Fast/Slow Control-Critic ESCHER,1,5,4,80000,644894.0,2505.126478730999,1.356368921073627,0.06340430970490418,0.1490107337829042,0.08357415348291397,0.14478950202465057,0.048747945576906204,0.005712317147602637,0.005712317147602637,outer_iteration,,False,False,experiment_9_new_run,-1.1452007293701172,96416.0,1.1093216634193324,0.0,2.0,0.4000640791213912,0.004726194643532196,0.16783219686381834,0.18213239322860106,0.3695218701994253,1.1342327784267455e-17,0.07155852364194787,4.0,4.0,4.0,0.0,0.0,0.0,0.0,-0.03656348727952441,-0.023858940307081467,0.22424624860286713,0.10630051791667938,0.21408112347126007,0.10530391335487366,116257.0,116560.0,116435.0,0.47925883531570435,4.0,250000.0,0.27064265075646454,0.0,1.0,0.003117385738257312,0.003911410773817719,0.049948122183829206,0.09243424543498265,0.0890539276814117,0.08571204206125448,0.005709376496573289,0.005715257798631986,4.0,4.0,4.0,4.0,349252.0,32111.0,32305.0,32000.0
fast_slow_control_critic_escher,Fast/Slow Control-Critic ESCHER,1,6,5,100000,811391.0,3144.4601469970003,1.089738066270546,0.1696443800749426,0.2552508041529426,0.062156107276678085,0.06648852676153183,0.036947935819625854,0.01004297301794092,0.01004297301794092,outer_iteration,,False,False,experiment_9_new_run,-1.203890085220337,91723.0,0.9757336609233778,0.0,2.0,0.06763287503168455,0.003577675340177396,0.13723830202079376,0.14252180112482057,0.270635599175417,1.0703065954735553e-17,0.08696028236011541,5.0,5.0,5.0,0.0,0.0,0.0,0.0,-0.035349272541822074,-0.02128455306143162,0.12203766405582428,0.06571473926305771,0.12116995453834534,0.07687652856111526,146840.0,147141.0,146994.0,0.14477777481079102,5.0,250000.0,0.35550780868793824,0.0,1.0,0.0020974289642279355,0.003633948126769108,0.04132685349903242,0.06257251983221798,0.06099140969738311,0.060228562087835356,0.009864063933491707,0.010221882102390131,5.0,5.0,5.0,5.0,440975.0,30583.0,30581.0,30559.0
fast_slow_control_critic_escher,Fast/Slow Control-Critic ESCHER,1,7,6,120000,978291.0,3781.011427780999,0.8049931693418959,0.11009064969190369,0.1956970737699037,0.04711966589093208,0.059358417987823486,0.04812575876712799,0.0142233120277524,0.0142233120277524,outer_iteration,,False,False,experiment_9_new_run,-1.370065689086914,91898.0,1.0241907115957272,0.0,2.0,0.058571385914618475,0.0026722209603914572,0.1271878645861573,0.13186983094472193,0.25369763907530446,1.0110263310845825e-17,0.09734959172861046,6.0,6.0,6.0,0.0,0.0,0.0,0.0,-0.03064936731857304,-0.01890723680719497,0.09429336339235306,0.08229038864374161,0.10353139042854309,0.09136396646499634,177479.0,177743.0,177651.0,0.0548124760389328,6.0,250000.0,0.3489176549744617,0.0,1.0,0.0018814528732112605,0.0024661011017104943,0.03743959365148098,0.058592173682188255,0.05779874833928341,0.05794996073893683,0.01579370442777872,0.012652919627726078,6.0,6.0,6.0,6.0,532873.0,30639.0,30602.0,30657.0
fast_slow_control_critic_escher,Fast/Slow Control-Critic ESCHER,1,8,7,140000,1148773.0,4420.216359832,0.5887277981278536,0.04138363575155635,0.12699005982955636,0.03821076452732086,0.05484062433242798,0.05341517552733421,0.0128583541760842,0.0128583541760842,outer_iteration,,False,False,experiment_9_new_run,-1.468973994255066,94640.0,0.9981313548264248,0.0,2.0,0.03893115325338726,0.0011717962324080972,0.11375934876605585,0.11631628250711053,0.2213621984248497,9.158077217521398e-18,0.0848594209291664,7.0,7.0,7.0,0.0,0.0,0.0,0.0,-0.02700447885244439,-0.014981631026264708,0.07962843775749207,0.0747421607375145,0.08630023151636124,0.08977194130420685,209089.0,209363.0,209061.0,0.053397923707962036,7.0,250000.0,0.29135746541191954,0.0,1.0,0.0015088868991544337,0.0008546891787601426,0.027338986131856067,0.051885493870967844,0.05106559754007063,0.05112371162602592,0.013153165268401304,0.012563543083767096,7.0,7.0,7.0,7.0,627513.0,31610.0,31620.0,31410.0
fast_slow_control_critic_escher,Fast/Slow Control-Critic ESCHER,1,9,8,160000,1316134.0,5055.861010199998,0.4870602852424611,-0.03102729133238491,0.054579132745615086,0.030856192111968994,0.04303139075636864,0.04292752221226692,0.01451706156755487,0.01451706156755487,outer_iteration,,False,False,experiment_9_new_run,-1.5392111539840698,92003.0,0.9999167662061472,0.0,2.0,0.03860794651296306,0.0008287309025048682,0.1074406423902367,0.10848380466556788,0.20736448249532835,8.323266138247273e-18,0.08695717150206947,8.0,8.0,8.0,0.0,0.0,0.0,0.0,-0.021377443378896688,-0.010449185925588633,0.07677137851715088,0.07306446135044098,0.08783874660730362,0.08951073884963989,239823.0,240094.0,239599.0,0.0468490906059742,8.0,250000.0,0.1594726161366341,0.0,0.9999997615814209,0.001354039239981229,0.0006961350414120039,0.025733249818085262,0.04940856302263082,0.049065730550526446,0.04903896447929356,0.0157173549135526,0.01331676822155714,8.0,8.0,8.0,8.0,719516.0,30734.0,30731.0,30538.0
fast_slow_control_critic_escher,Fast/Slow Control-Critic ESCHER,1,10,9,180000,1482859.0,5690.566282783999,0.39945223777565564,-0.05312559867016686,0.03248082540783313,0.029310820624232292,0.050413262099027634,0.05897260829806328,0.014551205560564995,0.014551205560564995,outer_iteration,,False,False,experiment_9_new_run,-1.5319913625717163,91715.0,0.9966725193141618,0.0,2.0,0.039140461685439214,0.0003439804857498733,0.11203344008914985,0.11287085674633947,0.21244894009753978,8.381265251212768e-18,0.08690527179934482,9.0,9.0,9.0,0.0,0.0,0.0,0.0,-0.01719519469344566,-0.00590175738642551,0.0766390934586525,0.08730358630418777,0.08418143540620804,0.10275861620903015,270436.0,270775.0,270020.0,0.04909399524331093,9.0,250000.0,0.2092476743274645,0.0,0.9999992847442627,0.0012580136219513102,0.0002217512840006691,0.023803939226984983,0.05420645075004747,0.053331073046597566,0.05334602144879278,0.015240246430039406,0.013862164691090584,9.0,9.0,9.0,9.0,811231.0,30613.0,30681.0,30421.0
fast_slow_control_critic_escher,Fast/Slow Control-Critic ESCHER,1,11,10,200000,1649005.0,6329.695064381998,0.3439746708876845,-0.07020940782653809,0.015397016251461906,0.027118846774101257,0.05095580592751503,0.05314326658844948,0.01361062175904711,0.01361062175904711,outer_iteration,,False,False,experiment_9_new_run,-1.6178760528564453,91124.0,0.9997306617327105,0.0,2.0,0.04551600697007292,0.00025363713102745237,0.11326996873339126,0.11345575241247453,0.2173155550662495,9.074928068847376e-18,0.08329551882947181,10.0,10.0,10.0,0.0,0.0,0.0,0.0,-0.01355194581396768,-0.0030427224438607237,0.07849165797233582,0.08540719002485275,0.08466839790344238,0.09447243064641953,300963.0,301118.0,300274.0,0.056384578347206116,10.0,250000.0,0.16888717973169254,0.0,0.9999997615814209,0.0012252594350510729,0.00016535792802824237,0.02291638599396236,0.057805182925880785,0.05683392935117592,0.05694680926196396,0.014338931068778038,0.012882312449316183,10.0,10.0,10.0,10.0,902355.0,30527.0,30343.0,30254.0
fast_slow_control_critic_escher,Fast/Slow Control-Critic ESCHER,1,12,11,220000,1813932.0,6965.169024838,0.33017810446316026,-0.0790313051177218,0.006575118960278195,0.0228524561971426,0.047112882137298584,0.05934516713023186,0.015034296549856663,0.015034296549856663,outer_iteration,,False,False,experiment_9_new_run,-1.6580780744552612,89920.0,1.0005229164622877,0.0,2.0,0.0436253438040555,0.00026032617455797616,0.10980454827725512,0.1097070032885039,0.20776878455709974,8.658638183153503e-18,0.08285668987252598,11.0,11.0,11.0,0.0,0.0,0.0,0.0027401178013990446,-0.0069869311215835506,0.0027401178013990446,0.06844308227300644,0.07710268348455429,0.08026067912578583,0.09487989544868469,330869.0,331141.0,330265.0,0.04978084936738014,11.0,250000.0,0.19686526272613425,0.0,0.9999998807907104,0.0013424469062564412,0.00014682722908837236,0.023138153019389616,0.05247334771714999,0.051597866816879556,0.05164802318448245,0.014918592758476734,0.015150000341236591,11.0,11.0,11.0,11.0,992275.0,29906.0,30023.0,29991.0
fast_slow_control_critic_escher,Fast/Slow Control-Critic ESCHER,1,13,12,240000,1980468.0,7601.859855909999,0.30876410372490914,-0.08345025063958833,0.0021561734384116654,0.02028822898864746,0.04762396588921547,0.05484651029109955,0.015680990337083738,0.015680990337083738,outer_iteration,,False,False,experiment_9_new_run,-1.6192532777786255,91312.0,1.0014027663243097,0.0,2.0,0.04730493545906634,0.00017560387983125067,0.11000843727647357,0.11016842338515,0.20995214593121533,8.279866987345861e-18,0.08375197990853915,12.0,12.0,12.0,0.0,0.0027401178013990446,0.0005076500088223579,0.008387919255450016,0.0005076500088223579,0.008387919255450016,0.07436000555753708,0.07307132333517075,0.08766384422779083,0.08970338106155396,333333.0,333333.0,333333.0,0.05427636206150055,12.0,250000.0,0.06646718992750562,0.0,0.9999991655349731,0.0012203119951091665,0.00014597342389018639,0.0213599695695435,0.05243106590883311,0.051733300598303104,0.05182061003462334,0.017062095925211906,0.014299884748955568,12.0,12.0,12.0,12.0,1083587.0,30420.0,30470.0,30422.0
fast_slow_control_critic_escher,Fast/Slow Control-Critic ESCHER,1,14,13,260000,2148031.0,8239.436316020998,0.31772734774876554,-0.09144003195099407,0.0058336078729940705,0.021377431228756905,0.056882575154304504,0.07035907357931137,0.016987365515281756,0.016987365515281756,outer_iteration,,False,False,experiment_9_new_run,-1.8384045362472534,92016.0,1.0033122563606862,0.4126261703649774,1.8339827163560285,0.0518748481990216,0.00014927320638934125,0.11976189246035861,0.11999909705797028,0.23715259180402107,8.887866917234237e-18,0.08404592012661431,13.0,13.0,13.0,0.0005076500088223579,0.008387919255450016,0.006914368644798108,0.010377439479699047,0.006914368644798108,0.010377439479699047,0.08098632097244263,0.1029718741774559,0.09233143925666809,0.10930120944976807,333333.0,333333.0,333333.0,0.05653222277760506,13.0,250000.0,0.04137300128587073,0.0,0.9999998807907104,0.001187345679550576,0.0001236478197697213,0.021198685428499352,0.06057455692545152,0.059738007924895115,0.05975813172273241,0.01980205439031124,0.014172676640252272,13.0,13.0,13.0,13.0,1175603.0,30696.0,30614.0,30706.0
fast_slow_control_critic_escher,Fast/Slow Control-Critic ESCHER,1,15,14,280000,2315977.0,8878.856114235998,0.2705126351090085,-0.10413822086799526,0.018531796789995267,0.019701242446899414,0.06000782176852226,0.057821374386548996,0.013262602190176645,0.013262602190176645,outer_iteration,,False,False,experiment_9_new_run,-1.9742226600646973,92261.0,1.0044452710503002,0.13587056253319707,1.65139608037634,0.053349045962585204,0.00014026149596621054,0.11839484367129949,0.1188108586323968,0.23302182732286209,9.29029705476024e-18,0.08352506127006812,14.0,14.0,14.0,0.006914368644798108,0.010377439479699047,0.012690668826836227,0.014011999136356423,0.012690668826836227,0.014011999136356423,0.08360745012760162,0.0846947506070137,0.09396781772375107,0.09492392092943192,333333.0,333333.0,333333.0,0.05619748681783676,14.0,250000.0,0.039630862872114155,0.0,0.9995599389076233,0.001227661759571466,0.00012116396494097175,0.021895174609309842,0.05744635747298945,0.05652338658928879,0.056508604276456424,0.015368768634895483,0.011156435745457808,14.0,14.0,14.0,14.0,1267864.0,30697.0,30837.0,30727.0
fast_slow_control_critic_escher,Fast/Slow Control-Critic ESCHER,1,16,15,300000,2483247.0,9515.770469436997,0.2465222820803992,-0.10140823436877833,0.01580181029077833,0.016762590035796165,0.05733673274517059,0.05989031121134758,0.017018571651230257,0.017018571651230257,outer_iteration,,False,False,experiment_9_new_run,-1.944229006767273,91741.0,0.9989603334040821,0.25224994223186137,1.6618963539587952,0.054858569123927524,0.0001518678147833708,0.11882650544798608,0.11871408758032082,0.2317555784828968,9.415665459378067e-18,0.08312453468108043,15.0,15.0,15.0,0.012690668826836227,0.014011999136356423,0.01984490294394292,0.018005936325346972,0.01984490294394292,0.018005936325346972,0.08102035522460938,0.07694513350725174,0.09370430558919907,0.08766596764326096,333333.0,333333.0,333333.0,0.06477691978216171,15.0,250000.0,0.06739561400851769,0.0,0.9999934434890747,0.0010329870437491167,0.00011697999730483325,0.020253347704050663,0.057889873148661064,0.05719673721529912,0.05721507655745217,0.0185635257512331,0.015473617551227411,15.0,15.0,15.0,15.0,1359605.0,30650.0,30410.0,30681.0
fast_slow_control_critic_escher,Fast/Slow Control-Critic ESCHER,1,17,16,320000,2648911.0,10151.989394285,0.21277445198112674,-0.09582757474958029,0.01022115067158029,0.017657408490777016,0.04892705753445625,0.04620173200964928,0.015868007360647123,0.015868007360647123,outer_iteration,,False,False,experiment_9_new_run,-1.9770524501800537,90405.0,0.9982935861157023,0.3362177528260112,1.4330662750671523,0.053273060321509885,0.00011230383510018872,0.1073690656101747,0.1071855089418014,0.20748458751871504,8.513081308859419e-18,0.0843906881825989,16.0,16.0,16.0,0.01984490294394292,0.018005936325346972,0.02619287950601734,0.022651574858787216,0.02619287950601734,0.022651574858787216,0.07454267889261246,0.06683389842510223,0.08597400784492493,0.07855042070150375,333333.0,333333.0,333333.0,0.052490826696157455,16.0,250000.0,0.046029361840611606,0.0,0.9999889135360718,0.0009550792089853161,0.00010623136153269391,0.019116229021043294,0.0495881132441127,0.048961153786441586,0.0489682712276858,0.01681116409599781,0.014924850625296434,16.0,16.0,16.0,16.0,1450010.0,30104.0,30061.0,30240.0
fast_slow_control_critic_escher,Fast/Slow Control-Critic ESCHER,1,18,17,340000,2815368.0,10787.224743507999,0.1995336996972111,-0.09368419533662947,0.008077771258629476,0.01620635576546192,0.06274198740720749,0.05962276831269264,0.015778339623163145,0.015778339623163145,outer_iteration,,False,False,experiment_9_new_run,-1.9424364566802979,91116.0,0.999023009861093,0.43747825109506355,1.5124769621801333,0.05772626307958255,0.0001224279577505567,0.11093043669274356,0.11081943873588727,0.21815048377205712,8.400080142279453e-18,0.08100542142688967,17.0,17.0,17.0,0.02619287950601734,0.022651574858787216,0.033161848553731166,0.025483469966910755,0.033161848553731166,0.025483469966910755,0.08482056856155396,0.07974652200937271,0.09766832739114761,0.08763168007135391,333333.0,333333.0,333333.0,0.053366560488939285,17.0,250000.0,0.022246829099772818,0.0,0.9998575448989868,0.0012179050006416016,0.00011456468511595499,0.020740582852317103,0.05440477972174637,0.053309074718004695,0.05331156093660298,0.017309884230295818,0.01424679501603047,17.0,17.0,17.0,17.0,1541126.0,30523.0,30307.0,30286.0
fast_slow_control_critic_escher,Fast/Slow Control-Critic ESCHER,1,19,18,360000,2982871.0,11430.63806981,0.20166509306528466,-0.09658496143840445,0.010978537360404453,0.018171951174736023,0.049665842205286026,0.056434303522109985,0.015245815894256037,0.015245815894256037,outer_iteration,,False,False,experiment_9_new_run,-2.1119978427886963,92017.0,0.9998409974733675,0.22535267888659705,1.731456824968823,0.05529693435300747,0.00012193936291378062,0.11265112118090775,0.11266015581878554,0.22226735913520881,8.826743317112192e-18,0.08311186525777746,18.0,18.0,18.0,0.033161848553731166,0.025483469966910755,0.03872391460477009,0.02803993647388081,0.03872391460477009,0.02803993647388081,0.07921915501356125,0.08389616757631302,0.09009920060634613,0.09124845266342163,333333.0,333333.0,333333.0,0.04724487289786339,18.0,250000.0,0.021128101694670685,0.0,0.9999005794525146,0.0011518655078890227,0.00013097662303674507,0.020601104642626555,0.05377401608858137,0.052934327615230876,0.05292849957945332,0.01655753329396248,0.013934098494549593,18.0,18.0,18.0,18.0,1633143.0,30612.0,30900.0,30505.0
fast_slow_control_critic_escher,Fast/Slow Control-Critic ESCHER,1,20,19,380000,3148923.0,12075.042643074998,0.19598917781470798,-0.09304331357771228,0.0074368894997122875,0.015108943916857243,0.05949610099196434,0.053695086389780045,0.016202749218791723,0.016202749218791723,outer_iteration,,False,False,experiment_9_new_run,-1.9886462688446045,90815.0,1.004428474956346,0.7382322647373507,1.5583025943472109,0.051621706033304175,0.00012110210120561157,0.1139023032140283,0.11378552720294838,0.22417155859801308,9.005416434449494e-18,0.08378451709761733,19.0,19.0,19.0,0.03872391460477009,0.02803993647388081,0.04270477661837946,0.03023889663201751,0.04270477661837946,0.03023889663201751,0.08215365558862686,0.08083205670118332,0.09112901240587234,0.08736546337604523,333333.0,333333.0,333333.0,0.05605262517929077,19.0,250000.0,0.038744808271968856,0.0,0.9999997615814209,0.0011471162066815175,0.00011363983020295513,0.019692852164228884,0.05627625256678846,0.0558397643825921,0.055853923937140205,0.016472990935047466,0.01593250750253598,19.0,19.0,19.0,19.0,1723958.0,30210.0,30399.0,30206.0
fast_slow_control_critic_escher,Fast/Slow Control-Critic ESCHER,1,21,20,400000,3316335.0,12724.044514235,0.17329214993213038,-0.09756280743598336,0.011956383357983366,0.015379582531750202,0.0611104816198349,0.052718330174684525,0.013852459068099659,0.013852459068099659,outer_iteration,,False,False,experiment_9_new_run,-2.1125288009643555,92148.0,1.0054868851907954,0.5456227511425056,1.5136147999612315,0.047748459444926235,0.00011952645624081072,0.11653930134494667,0.1167130082738169,0.2290504609124349,9.869294549556882e-18,0.08383641365634023,20.0,20.0,20.0,0.04270477661837946,0.03023889663201751,0.04640689320425051,0.034344412771692534,0.04640689320425051,0.034344412771692534,0.08739624172449112,0.07798662781715393,0.09642985463142395,0.08786625415086746,333333.0,333333.0,333333.0,0.06664562225341797,20.0,250000.0,0.023568537953005217,0.0,1.0,0.0010378888518010724,0.00011323682412410763,0.01943671569559612,0.058872601479844834,0.058244385813459656,0.05824599317091261,0.014359555517633757,0.01334536261856556,20.0,20.0,20.0,20.0,1816106.0,30734.0,30574.0,30840.0
fast_slow_control_critic_escher,Fast/Slow Control-Critic ESCHER,1,22,21,420000,3483877.0,13373.814413795,0.19107558162844268,-0.0892342367024464,0.0036278126244464054,0.017494065687060356,0.052923232316970825,0.05472956970334053,0.016713295908023913,0.016713295908023913,outer_iteration,,False,False,experiment_9_new_run,-2.116624593734741,92255.0,0.9995132414130398,0.4763011526707136,1.6601146754135916,0.05293738365081102,0.00011720909298496463,0.11285850100698344,0.11264356409510223,0.21568351555086865,9.251043446176405e-18,0.08257483946191672,21.0,21.0,21.0,0.04640689320425051,0.034344412771692534,0.05144187942967404,0.0384122633080769,0.05144187942967404,0.0384122633080769,0.08520804345607758,0.07611843943595886,0.09617213904857635,0.08585715293884277,333333.0,333333.0,333333.0,0.05862630158662796,21.0,250000.0,0.023600412933694536,0.0,1.0,0.0009463238983117731,0.00011432073100966348,0.019785869485174634,0.05618714933559175,0.05543285064506665,0.05542202620217414,0.017155374710758526,0.0162712171052893,21.0,21.0,21.0,21.0,1908361.0,30805.0,30801.0,30649.0
fast_slow_control_critic_escher,Fast/Slow Control-Critic ESCHER,1,23,22,440000,3650949.0,14022.978954144997,0.1897069831483972,-0.08225054323879416,0.0033558808392058354,0.014960646629333496,0.06531616300344467,0.05871580168604851,0.01605849200859666,0.01605849200859666,outer_iteration,,False,False,experiment_9_new_run,-1.9206593036651611,91651.0,0.9986543776178276,0.5610115416914008,1.5217257737943661,0.05269719355872918,0.00011031793767983429,0.11391118732281268,0.11380984894721047,0.21565155423312385,9.416415732372039e-18,0.08192605141329473,22.0,22.0,22.0,0.05144187942967404,0.0384122633080769,0.05441458523555842,0.04279024328344605,0.05441458523555842,0.04279024328344605,0.09922830760478973,0.07854479551315308,0.10859173536300659,0.08892689645290375,333333.0,333333.0,333333.0,0.059622623026371,22.0,250000.0,0.04499063465908484,0.0,1.0,0.0010390158598817237,0.00011062697766983811,0.019677151054627535,0.05853235620711092,0.057913614970399416,0.05792010466983711,0.01798854147394498,0.014128442543248335,22.0,22.0,22.0,22.0,2000012.0,30615.0,30477.0,30559.0
fast_slow_control_critic_escher,Fast/Slow Control-Critic ESCHER,1,24,23,460000,3818840.0,14661.487662829997,0.15994839766104227,-0.08052963496466933,0.0050767891133306625,0.015507443808019161,0.05364812910556793,0.059615980833768845,0.014234900940209627,0.014234900940209627,outer_iteration,,False,False,experiment_9_new_run,-1.8662073612213135,92298.0,1.0028645319872636,0.5615316541959633,1.5571161320785036,0.060460286275540474,0.00010661346928898418,0.1081592200631463,0.1083320748509978,0.20348663986328192,8.914168048943559e-18,0.08089518486269187,23.0,23.0,23.0,0.05441458523555842,0.04279024328344605,0.05528170641445096,0.047490119344705595,0.05528170641445096,0.047490119344705595,0.08667023479938507,0.07676005363464355,0.09279153496026993,0.08765329420566559,333333.0,333333.0,333333.0,0.060477230697870255,23.0,250000.0,0.020254881132841896,0.0,1.0,0.0010452662253490794,0.00012828506310975184,0.01965894995539752,0.053396126175053175,0.05295005426297528,0.052955066968525866,0.014456594983736673,0.014013206896682581,23.0,23.0,23.0,23.0,2092310.0,30684.0,30854.0,30760.0
fast_slow_control_critic_escher,Fast/Slow Control-Critic ESCHER,1,25,24,480000,3986102.0,15301.797788751996,0.1756857966282416,-0.0848182112098469,0.0007882128681531014,0.015140850096940994,0.0628901943564415,0.055243659764528275,0.015500598897536595,0.015500598897536595,outer_iteration,,False,False,experiment_9_new_run,-2.0408010482788086,91860.0,0.9995633298071623,0.14649154606978276,1.5426838334450697,0.05470585704528172,8.93686042244124e-05,0.11160071370388955,0.11169938473696098,0.21110852116402576,8.302624089404176e-18,0.08285235542846961,24.0,24.0,24.0,0.05528170641445096,0.047490119344705595,0.059278479427269826,0.051988956131236885,0.059278479427269826,0.051988956131236885,0.09134870022535324,0.0795774832367897,0.10183253884315491,0.09043227136135101,333333.0,333333.0,333333.0,0.05543709546327591,24.0,250000.0,0.02188651888245171,0.0,1.0,0.0009247396919254147,9.825659775682394e-05,0.018409126214993247,0.05939831490277134,0.058812194541716475,0.05881864439186936,0.01580361494173606,0.01519758285333713,24.0,24.0,24.0,24.0,2184170.0,30495.0,30728.0,30637.0
fast_slow_control_critic_escher,Fast/Slow Control-Critic ESCHER,1,26,25,500000,4153447.0,15946.244958445997,0.14612684195068237,-0.07538290550430679,0.010223518573693205,0.015945935621857643,0.05687859281897545,0.06032860651612282,0.016103140078485012,0.016103140078485012,outer_iteration,,False,False,experiment_9_new_run,-2.05452299118042,91713.0,1.0033309553191332,0.5169342065326756,1.5678232056482577,0.05550642125512656,9.478399032965714e-05,0.10845987985206082,0.10844777259224173,0.2138505842620911,8.772631288407894e-18,0.0837532548802624,25.0,25.0,25.0,0.059278479427269826,0.051988956131236885,0.06295519256504878,0.05607840219413396,0.06295519256504878,0.05607840219413396,0.08411075174808502,0.08058378100395203,0.0940508022904396,0.09105697274208069,333333.0,333333.0,333333.0,0.05546845123171806,25.0,250000.0,0.02355281257104573,0.0,1.0,0.0010575156251882744,9.180576340928958e-05,0.019867787786056076,0.05509047100712544,0.054504421528454125,0.054498149826158665,0.01704100767771403,0.015165272479255995,25.0,25.0,25.0,25.0,2275883.0,30622.0,30569.0,30522.0
fast_slow_control_critic_escher,Fast/Slow Control-Critic ESCHER,1,27,26,520000,4320615.0,16594.893897978996,0.13788197242592715,-0.07738974309823482,0.008216680979765176,0.013686769641935825,0.06082816421985626,0.05688069388270378,0.01580564398318529,0.01580564398318529,outer_iteration,,False,False,experiment_9_new_run,-2.005545139312744,91518.0,1.005452591511756,0.30081879307555515,1.4819512489342497,0.04935213769593389,8.918476965409276e-05,0.11114521906292589,0.11123307439257388,0.21524523824386363,9.142056541944134e-18,0.08291506783428815,26.0,26.0,26.0,0.06295519256504878,0.05607840219413396,0.06759193355665938,0.0613889289978895,0.06759193355665938,0.0613889289978895,0.08938213437795639,0.07422041893005371,0.10117485374212265,0.08622107654809952,333333.0,333333.0,333333.0,0.05439441651105881,26.0,250000.0,0.01650381968214308,0.0,0.9999997615814209,0.0010236942444133983,9.55787877868958e-05,0.019021192781079947,0.056906533235353086,0.056019248220562465,0.056020167156170746,0.017247809718052547,0.014363478248318037,26.0,26.0,26.0,26.0,2367401.0,30608.0,30486.0,30424.0
fast_slow_control_critic_escher,Fast/Slow Control-Critic ESCHER,1,28,27,540000,4488027.0,17240.291708313,0.1394292309258556,-0.08094708227801328,0.004659341799986713,0.012956983409821987,0.06321697682142258,0.055385246872901917,0.016340312082320452,0.016340312082320452,outer_iteration,,False,False,experiment_9_new_run,-2.011646270751953,91808.0,1.0025379790281428,0.0,1.4419957955262128,0.060146826224682245,9.674201083144737e-05,0.1103802180150416,0.11030668271704917,0.22181229356303,9.528966667249913e-18,0.08225561686892129,27.0,27.0,27.0,0.06759193355665938,0.0613889289978895,0.07034631707589611,0.0656532927959298,0.07034631707589611,0.0656532927959298,0.08736391365528107,0.0724039226770401,0.09709351509809494,0.08303390443325043,333333.0,333333.0,333333.0,0.05042506754398346,27.0,250000.0,0.016430234063833735,0.0,1.0,0.0009914731612743703,0.00010754810633966813,0.019197521520921287,0.05484291420656432,0.053905928710507596,0.05390700178100888,0.017255959411462147,0.015424664753178755,27.0,27.0,27.0,27.0,2459209.0,30863.0,30424.0,30521.0
fast_slow_control_critic_escher,Fast/Slow Control-Critic ESCHER,1,29,28,560000,4654944.0,17887.591377145996,0.1635737400852413,-0.07979980893650654,0.005806615141493457,0.01235424354672432,0.05735793709754944,0.05886952206492424,0.015863085631281137,0.015863085631281137,outer_iteration,,False,False,experiment_9_new_run,-2.0322318077087402,91461.0,1.0011570017211908,0.603101908099579,1.4344217543402782,0.054063177103856,0.00010735428710018449,0.11241279683633779,0.1124003161745754,0.2208359850756416,9.39572838009248e-18,0.08270743323384235,28.0,28.0,28.0,0.07034631707589611,0.0656532927959298,0.07289730520430382,0.0691445389655122,0.07289730520430382,0.0691445389655122,0.0849040299654007,0.08097293972969055,0.09442722797393799,0.09136708825826645,333333.0,333333.0,333333.0,0.06306695938110352,28.0,250000.0,0.018469259713327683,0.0,1.0,0.0010371693633664599,0.00011027795921954964,0.019141521230875525,0.05554324070232724,0.05483183976247482,0.05482991057130839,0.01761107270916303,0.014115098553399244,28.0,28.0,28.0,28.0,2550670.0,30611.0,30358.0,30492.0
fast_slow_control_critic_escher,Fast/Slow Control-Critic ESCHER,1,30,29,580000,4823255.0,18537.770083254,0.12368655352102227,-0.08145904958866435,0.004147374489335651,0.012574353255331516,0.05692010000348091,0.060596853494644165,0.01567010348662734,0.01567010348662734,outer_iteration,,False,False,experiment_9_new_run,-2.148501396179199,92663.0,0.9989922717998209,0.40150359761301346,1.7858759889857434,0.05676401883571461,9.313348770200434e-05,0.1153146899546565,0.11557607618532359,0.22321297465585918,9.307158376105757e-18,0.08266652928536244,29.0,29.0,29.0,0.07289730520430382,0.0691445389655122,0.07607449585335424,0.07113235808808671,0.07607449585335424,0.07113235808808671,0.08713068813085556,0.08120737224817276,0.09779968112707138,0.08985115587711334,333333.0,333333.0,333333.0,0.056254733353853226,29.0,250000.0,0.024761025683424066,0.0,1.0,0.0011202857640841826,9.365662833623914e-05,0.019562173692029877,0.05785951097632785,0.05702586044554479,0.05702710775360507,0.015505656910439333,0.01583455006281535,29.0,29.0,29.0,29.0,2643333.0,30928.0,30818.0,30917.0
fast_slow_control_critic_escher,Fast/Slow Control-Critic ESCHER,2,0,0,0,0.0,0.7536478769980022,2.373611111111111,-0.078125,0.007481424077999996,,,,,,initial_untrained_policy,,True,False,experiment_9_new_run,,0.0,0.0,,,0.0,0.0,0.0,0.0,0.0,0.0,1.0,0.0,0.0,0.0,0.0,0.0,0.0,0.0,0.0,0.0,,,,,0.0,0.0,0.0,,0.0,0.0,0.0,,,0.0,0.0,0.0,0.0,0.0,0.0,,,0.0,0.0,0.0,0.0,0.0,0.0,0.0,0.0
fast_slow_control_critic_escher,Fast/Slow Control-Critic ESCHER,2,1,1,1523,10003.0,34.82557135500247,1.0003904101708976,0.00030618460113858437,0.08591260867913858,7.816047808972826e-11,,,,,early_node_threshold,10000,False,False,experiment_9_new_run,,4638.0,1.0,1.0,1.0,1.0000100135803223,0.0,0.07038843002620514,0.07038843002620514,0.10558264503930694,0.0,0.5,0.0,0.0,0.0,0.0,0.0,0.0,0.0,0.0,0.0,,,,,1528.0,1538.0,1572.0,,0.0,4638.0,0.5,0.5,0.5,0.0,0.0,0.0,0.007124066433450636,0.007124066433450636,0.007124066433450636,,,0.0,0.0,0.0,0.0,4638.0,1528.0,1538.0,1572.0
fast_slow_control_critic_escher,Fast/Slow Control-Critic ESCHER,2,2,1,20000,129472.0,601.5801619220001,4.000108634427709,1.0000313039549813,1.0856377280329812,1.35567761461175e-08,0.006839781999588013,0.2275496870279312,8.85407643499055e-08,8.85407643499055e-08,outer_iteration,,False,False,experiment_9_new_run,-2.5851516723632812,61127.0,1.0,1.0,1.0,1.0000100135803223,0.0,0.1331427255487238,0.1331427255487238,0.2528179037087578,0.0,0.3333333333333333,1.0,1.0,1.0,0.0,0.0,0.0,0.0,0.0,0.0,0.01391179021447897,0.32699403166770935,0.01391179021447897,0.32699403166770935,20373.0,20415.0,20339.0,0.04973534494638443,1.0,61127.0,0.5,0.5,0.5,0.0,0.0,0.0,0.045762711700332845,0.045762711700332845,0.045762711700332845,8.365125421979276e-08,9.343027448001824e-08,1.0,1.0,1.0,1.0,61127.0,20373.0,20415.0,20339.0
fast_slow_control_critic_escher,Fast/Slow Control-Critic ESCHER,2,3,2,40000,298694.0,1253.0112838950008,4.243913510583949,1.599525466009962,1.685131890087962,0.14670737087726593,0.5949112772941589,2.8124191761016846,0.0008434450040416172,0.0008434450040416172,outer_iteration,,False,False,experiment_9_new_run,-1.2068103551864624,95115.0,0.9436978378850318,0.0,2.0,0.041361945171703704,0.01065156675688542,0.43925668755223857,0.44993548461567223,0.8127060250510647,7.432321798799345e-18,0.09894654429789615,2.0,2.0,2.0,0.0,0.0,0.0,0.0,-0.002895857738629104,-0.02332047864804787,1.0591682195663452,3.2799813747406006,1.0557483434677124,3.138166904449463,52295.0,52046.0,51901.0,1.3226618766784668,2.0,156242.0,0.5,0.5,0.5,0.016355486516973456,0.0032627410433568285,0.034051869360385345,1.5104444573418292,1.5041159635670605,1.5051039356531006,0.0005894235800951719,0.0010974664279880624,2.0,2.0,2.0,2.0,156242.0,31922.0,31631.0,31562.0
fast_slow_control_critic_escher,Fast/Slow Control-Critic ESCHER,2,4,3,60000,488295.0,1941.098942190998,3.6911266276178085,1.1929390887238798,1.2785455128018797,0.08926429599523544,2.0881664752960205,0.17584703862667084,0.0010176683135796338,0.0010176683135796338,outer_iteration,,False,False,experiment_9_new_run,-0.8532854914665222,111205.0,1.0015944848094664,0.0,2.0,4.777114541935335,0.016231678534590843,0.38167486896896125,0.3972765324431304,0.6472568984474779,1.2296913826811014e-17,0.07389481387624557,3.0,3.0,3.0,0.0,0.0,0.0,0.0,-0.0708895431771448,-0.0456964890812428,2.3379499912261963,0.4628792405128479,2.115701198577881,0.3255392909049988,89431.0,89216.0,88800.0,0.9358415007591248,3.0,250000.0,0.4900413152926518,6.162023013338152e-30,1.0,0.01645840464442984,0.0030999457300116672,0.04313564788944471,0.7082736148885175,0.7070503947647923,0.7039267343066362,0.00137594968934233,0.0006593869378169378,3.0,3.0,3.0,3.0,267447.0,37136.0,37170.0,36899.0
fast_slow_control_critic_escher,Fast/Slow Control-Critic ESCHER,2,5,4,80000,668004.0,2597.8157981469994,2.5036267577422597,0.7306533162645091,0.8162597403425091,0.08158153295516968,0.33509254455566406,0.18400950729846954,0.004872193521199127,0.004872193521199127,outer_iteration,,False,False,experiment_9_new_run,-1.0119788646697998,102167.0,1.042841823351654,0.0,2.0,1.1697739221118895,0.011183060817434308,0.2330722823959236,0.25711846140763045,0.4701062669706103,1.0025981365737952e-17,0.07179220417444122,4.0,4.0,4.0,0.0,0.0,0.0,0.0,-0.067382022206802,-0.0472867298264239,0.5210136771202087,0.31078165769577026,0.4975235164165497,0.2888250946998596,123288.0,123435.0,122891.0,0.8153380155563354,4.0,250000.0,0.42453143227464774,0.0,1.0,0.013998385177104198,0.0026060985653380657,0.05086813025221544,0.18842839069783549,0.18247032693431442,0.18355502764236625,0.006239990703761578,0.0035043963386366763,4.0,4.0,4.0,4.0,369614.0,33857.0,34219.0,34091.0
fast_slow_control_critic_escher,Fast/Slow Control-Critic ESCHER,2,6,5,100000,832720.0,3228.306340342002,1.2737543458093041,0.16462459488714892,0.25023101896514893,0.08033518493175507,0.14453254640102386,0.07700112462043762,0.010687620379030704,0.010687620379030704,outer_iteration,,False,False,experiment_9_new_run,-1.0618281364440918,90501.0,1.073694427411287,0.0,2.0,0.26427522642136125,0.004795363880219472,0.1716701294604754,0.18462155506934244,0.33383844589488104,1.0566946846118905e-17,0.07092415436879143,5.0,5.0,5.0,0.0,0.0,0.0,0.0,-0.0625460852031905,-0.04733398760712082,0.3706928789615631,0.13718000054359436,0.3626280725002289,0.13075652718544006,153421.0,153554.0,153140.0,0.34594422578811646,5.0,250000.0,0.2825163621486217,0.0,1.0,0.010094940200219537,0.0021030975509222644,0.05349632000099513,0.15759556048168602,0.14801607321007987,0.1491552753543717,0.011318584283192953,0.010056656474868456,5.0,5.0,5.0,5.0,460115.0,30133.0,30119.0,30249.0
fast_slow_control_critic_escher,Fast/Slow Control-Critic ESCHER,2,7,6,120000,998078.0,3864.499799203004,0.9322127756323262,0.02760575416062211,0.1132121782386221,0.06535646319389343,0.08600374311208725,0.059490665793418884,0.011896439051876465,0.011896439051876465,outer_iteration,,False,False,experiment_9_new_run,-1.1812078952789307,90510.0,1.0571688402217574,0.0,2.0,0.10600178116742145,0.0020800382158676647,0.12352379343954926,0.12902866921083328,0.25334953522407144,9.315096278071205e-18,0.07460858216175896,6.0,6.0,6.0,0.0,0.0,0.0,0.0,-0.06460606108959843,-0.0421720520553579,0.13844798505306244,0.08107253909111023,0.12415128201246262,0.10047077387571335,183642.0,183768.0,183215.0,0.10644527524709702,6.0,250000.0,0.19420539978620152,0.0,1.0,0.00588463451328931,0.0008021445386209895,0.0406946010202012,0.06597750962679912,0.06199675469864036,0.062216445995832745,0.012288298147420088,0.011504579956332842,6.0,6.0,6.0,6.0,550625.0,30221.0,30214.0,30075.0
fast_slow_control_critic_escher,Fast/Slow Control-Critic ESCHER,2,8,7,140000,1163711.0,4494.186029441,0.6858791405917894,-0.021439392772675286,0.06416703130532471,0.05797841027379036,0.04640056565403938,0.03895090892910957,0.012024675806363423,0.012024675806363423,outer_iteration,,False,False,experiment_9_new_run,-1.2698394060134888,90328.0,1.0332058770586319,0.0,2.0,0.04418746570463311,0.0008513173229469616,0.10296454845111556,0.10675435045672732,0.21165045100840488,8.156234977953411e-18,0.07617381326247882,7.0,7.0,7.0,0.0,0.0,0.0,0.0,-0.059716514014104716,-0.03776738187670059,0.07767787575721741,0.06923593580722809,0.08646722882986069,0.0845906138420105,213733.0,213786.0,213434.0,0.06321297585964203,7.0,250000.0,0.13096404525817673,0.0,1.0,0.003072955675270413,0.0005531178406592715,0.03150457123265792,0.04841622444721379,0.04644716920938982,0.04650926130344643,0.012522673234343529,0.011526678378383318,7.0,7.0,7.0,7.0,640953.0,30091.0,30018.0,30219.0
fast_slow_control_critic_escher,Fast/Slow Control-Critic ESCHER,2,9,8,160000,1327484.0,5124.203303162001,0.5505507263295217,-0.06517658012802505,0.02042984394997495,0.04595418646931648,0.052160073071718216,0.048594336956739426,0.015121507303168375,0.015121507303168375,outer_iteration,,False,False,experiment_9_new_run,-1.4672197103500366,89293.0,1.0120529429238214,0.0,2.0,0.03740570611716828,0.0004642601523893219,0.10786696942622308,0.1111406687590699,0.2166840458520894,8.330130543228682e-18,0.0770985413733576,8.0,8.0,8.0,0.0,0.0,0.0,0.0,-0.05335158814978613,-0.03246931955456156,0.07330596446990967,0.06696797162294388,0.08558207750320435,0.08470173180103302,243494.0,243504.0,243248.0,0.04361052066087723,8.0,250000.0,0.0706078352524546,0.0,0.9999992847442627,0.0019849154248906976,0.00034840245397386245,0.027424383999239303,0.05233227476617111,0.05049358732919263,0.05058514590886334,0.014855069729189077,0.015387944877147675,8.0,8.0,8.0,8.0,730246.0,29761.0,29718.0,29814.0
fast_slow_control_critic_escher,Fast/Slow Control-Critic ESCHER,2,10,9,180000,1492636.0,5758.631676915,0.44729530717662525,-0.05954106519645522,0.02606535888154478,0.03627529367804527,0.044958487153053284,0.05383032560348511,0.014300242997705936,0.014300242997705936,outer_iteration,,False,False,experiment_9_new_run,-1.324476957321167,90254.0,1.0137060878024684,0.0,2.0,0.03700163048108163,0.0003288815021596839,0.10817426291567368,0.11055261599617541,0.22131150272439634,8.384511920168531e-18,0.07936870942873035,9.0,9.0,9.0,0.0,0.0,0.0,0.0,-0.04746355790158607,-0.027941005266050034,0.07016470283269882,0.07551530003547668,0.08080506324768066,0.08912728726863861,273662.0,273569.0,273269.0,0.041615962982177734,9.0,250000.0,0.1025061877390348,0.0,1.0,0.0017994864769947433,0.00019151765553927671,0.025404505951479514,0.050387648163021326,0.0489452798994778,0.0488684772299984,0.0158344612767299,0.01276602471868197,9.0,9.0,9.0,9.0,820500.0,30168.0,30065.0,30021.0
fast_slow_control_critic_escher,Fast/Slow Control-Critic ESCHER,2,11,10,200000,1658754.0,6397.971372920998,0.39273636745882956,-0.06850249515202528,0.017103928925974718,0.03136836737394333,0.047941725701093674,0.05582788586616516,0.015504991480459768,0.015504991480459768,outer_iteration,,False,False,experiment_9_new_run,-1.5770049095153809,90952.0,1.0083682769608437,0.0,2.0,0.036816013288123214,0.00024852282449861586,0.10941402740295825,0.1112198907993202,0.21643602695230538,9.024505974397669e-18,0.08374405679354646,10.0,10.0,10.0,0.0,0.0,0.0,0.0,-0.042814258409170414,-0.022788725964536294,0.06999767571687698,0.08131953328847885,0.07731292396783829,0.09603329747915268,303953.0,303923.0,303576.0,0.05094157159328461,10.0,250000.0,0.05779032010567046,0.0,1.0,0.0015992667752392782,0.0001431719118445921,0.02347227015626932,0.05138363083066445,0.05044987556723156,0.050410541882653155,0.017237402498722076,0.013772580462197462,10.0,10.0,10.0,10.0,911452.0,30291.0,30354.0,30307.0
fast_slow_control_critic_escher,Fast/Slow Control-Critic ESCHER,2,12,11,220000,1824241.0,7041.056732809004,0.33895730645251265,-0.07614105175980107,0.009465372318198925,0.024548755958676338,0.04549521207809448,0.047111596912145615,0.013492746123423178,0.013492746123423178,outer_iteration,,False,False,experiment_9_new_run,-1.416009545326233,90341.0,0.9820221428923156,0.0,2.0,0.037800427141347,0.00020748316205881397,0.10825043615936904,0.110058990372204,0.22314086262373165,9.08940155079439e-18,0.08208600757691333,11.0,11.0,11.0,0.0,0.0,0.0,0.0,-0.03743182518557098,-0.01741806324122619,0.06645844131708145,0.07151618599891663,0.07509283721446991,0.08633340150117874,333333.0,333333.0,333333.0,0.044678982347249985,11.0,250000.0,0.06452002525708624,0.0,1.0,0.0011569311727851579,0.00012250829749885415,0.020353046070894776,0.047923001916377425,0.04723286761071973,0.047212534567049935,0.014095266970495382,0.012890225276350975,11.0,11.0,11.0,11.0,1001793.0,30275.0,29980.0,30086.0
fast_slow_control_critic_escher,Fast/Slow Control-Critic ESCHER,2,13,12,240000,1990129.0,7695.794197946998,0.28013272243656434,-0.07928232850171402,0.006324095576285979,0.024952897801995277,0.04962186515331268,0.048415351659059525,0.014518827976038057,0.014518827976038057,outer_iteration,,False,False,experiment_9_new_run,-1.6331443786621094,90679.0,0.9792275704679125,0.0,2.0,0.04403923825073636,0.00016547405615313743,0.1088185239306238,0.11071514061502866,0.2230697780255278,9.121530550343428e-18,0.0828446803256934,12.0,12.0,12.0,0.0,0.0,0.0,0.0,-0.03157230181432169,-0.014160044367451885,0.0663217082619667,0.07577070593833923,0.07554631680250168,0.0837487205862999,333333.0,333333.0,333333.0,0.04771256446838379,12.0,250000.0,0.06843801087352008,0.0,1.0,0.0011829642758057913,0.00010209762253552799,0.020250918241258235,0.04726618418195886,0.04647945191371556,0.046510159830343276,0.016328916264077026,0.01270873968799909,12.0,12.0,12.0,12.0,1092472.0,30236.0,30343.0,30100.0
fast_slow_control_critic_escher,Fast/Slow Control-Critic ESCHER,2,14,13,260000,2157956.0,8358.552286384001,0.26900659783751707,-0.0764293452534428,0.009177078824557192,0.0205125380307436,0.046020764857530594,0.050299566239118576,0.014074170651535193,0.014074170651535193,outer_iteration,,False,False,experiment_9_new_run,-1.7796802520751953,92290.0,0.9971596183617104,0.0,2.0,0.03668033596633129,0.0001999776000297301,0.11442532688859947,0.11472898470537347,0.2329973037276173,9.568320462274418e-18,0.08592055314092939,13.0,13.0,13.0,0.0,0.0,0.0,0.0,-0.025524716568974926,-0.00992427431758891,0.07052898406982422,0.07828187942504883,0.07969025522470474,0.08844602108001709,333333.0,333333.0,333333.0,0.05361080542206764,13.0,250000.0,0.09664017764676096,0.0,1.0,0.0010674206952280506,0.00010252831512943138,0.0205272611221801,0.0509782184719178,0.05057632809490806,0.050614499134268166,0.015437920267383257,0.012710421035687128,13.0,13.0,13.0,13.0,1184762.0,30704.0,30903.0,30683.0
fast_slow_control_critic_escher,Fast/Slow Control-Critic ESCHER,2,15,14,280000,2324994.0,9013.162300927004,0.2379621207314199,-0.07799171636771388,0.00761470771028612,0.01916934736073017,0.050288259983062744,0.05557675659656525,0.014864204917103052,0.014864204917103052,outer_iteration,,False,False,experiment_9_new_run,-1.9405421018600464,91615.0,1.0003379415242057,0.0,1.8974547123801835,0.040178787768563914,0.000140262623374082,0.10964525470675708,0.10996609851637969,0.225351232298091,9.505230247269405e-18,0.08718492149058114,14.0,14.0,14.0,0.0,0.0,0.0,0.0,-0.019036316889605942,-0.00459184988442507,0.07327946275472641,0.07343485206365585,0.08297551423311234,0.08597515523433685,333333.0,333333.0,333333.0,0.04936216026544571,14.0,250000.0,0.050969503981552346,0.0,1.0,0.001075519665306417,0.00010816432871206777,0.02043680225025371,0.04946130985857393,0.04891893762049857,0.04888689709903428,0.017443597316741943,0.012284812517464161,14.0,14.0,14.0,14.0,1276377.0,30481.0,30680.0,30454.0
fast_slow_control_critic_escher,Fast/Slow Control-Critic ESCHER,2,16,15,300000,2493039.0,9658.116459217003,0.2285657440708015,-0.07267366017429358,0.012932763903706415,0.019192982465028763,0.05604925751686096,0.05827069282531738,0.015601514372974634,0.015601514372974634,outer_iteration,,False,False,experiment_9_new_run,-1.957444429397583,92527.0,0.99387362906015,0.0,1.695352587722963,0.04571905453155186,0.000149579089236698,0.11563750928163763,0.1154885963732096,0.22875929079164295,9.62635805781966e-18,0.08486268518686638,15.0,15.0,15.0,0.0,0.0,0.0,0.0004926829810202316,-0.012649306939442218,0.0004926829810202316,0.08098946511745453,0.07959917932748795,0.09031349420547485,0.09113790094852448,333333.0,333333.0,333333.0,0.04860444739460945,15.0,250000.0,0.08057289035057354,0.0,1.0,0.000993184206653485,0.00010118547539597534,0.020470869766852667,0.05440398821114229,0.05380175166648905,0.05384075862779219,0.01651744544506073,0.014685583300888538,15.0,15.0,15.0,15.0,1368904.0,30941.0,30778.0,30808.0
fast_slow_control_critic_escher,Fast/Slow Control-Critic ESCHER,2,17,16,320000,2661457.0,10299.726225254002,0.21225322064312427,-0.08547776904359311,0.00012865503440688542,0.017423823475837708,0.05042233690619469,0.05354951694607735,0.014891494065523148,0.014891494065523148,outer_iteration,,False,False,experiment_9_new_run,-1.9756861925125122,92731.0,0.9977485140798402,0.0,2.0,0.04841162282848037,0.00013120243344943975,0.10958229944047532,0.10973593339939117,0.2175165816272919,9.451700993686333e-18,0.08392951095182338,16.0,16.0,16.0,0.0,0.0004926829810202316,0.0,0.005815837042395744,-0.006007715884308817,0.005815837042395744,0.07160882651805878,0.07638492435216904,0.0814545676112175,0.08816421031951904,333333.0,333333.0,333333.0,0.05072273686528206,16.0,250000.0,0.07049036662070636,0.0,1.0,0.0011548898540127805,9.279091316491728e-05,0.01969613388508426,0.04989732810082535,0.04916337603045223,0.04921591073857717,0.016400874281922977,0.01338211384912332,16.0,16.0,16.0,16.0,1461635.0,30844.0,30974.0,30913.0
fast_slow_control_critic_escher,Fast/Slow Control-Critic ESCHER,2,18,17,340000,2827945.0,10939.267643769002,0.20729488643989832,-0.08171372238001764,0.003892701697982351,0.014112080447375774,0.04756073281168938,0.04777154326438904,0.01408788375556469,0.01408788375556469,outer_iteration,,False,False,experiment_9_new_run,-2.069884777069092,91138.0,0.9991881959570146,0.472835549736622,1.455146103420811,0.049606022739400166,0.00019748065690354877,0.10611031670298028,0.10596227191956445,0.20665913893690246,9.199807506656591e-18,0.08527842484991077,17.0,17.0,17.0,0.0,0.005815837042395744,0.0011954744467197465,0.011144033618303961,0.0011954744467197465,0.011144033618303961,0.06916053593158722,0.06836885213851929,0.07987219095230103,0.07983075827360153,333333.0,333333.0,333333.0,0.05006088688969612,17.0,250000.0,0.1413320005258821,0.0,1.0,0.001107821673864963,9.196427228671806e-05,0.01962514072199542,0.04922161106596961,0.0484569035598363,0.04850682615559348,0.013926475619276365,0.014249291891853014,17.0,17.0,17.0,17.0,1552773.0,30407.0,30196.0,30535.0
fast_slow_control_critic_escher,Fast/Slow Control-Critic ESCHER,2,19,18,360000,2996739.0,11588.047673473004,0.21351532489674918,-0.09190226393395798,0.006295839855957983,0.016582632437348366,0.03936399891972542,0.06401616334915161,0.014988374585906666,0.014988374585906666,outer_iteration,,False,False,experiment_9_new_run,-1.9734392166137695,92832.0,1.0035972196263114,0.29801451631767106,1.7711721443157633,0.048814203105875524,0.00021146906141928406,0.10680487779040759,0.10688653304371637,0.2025258770295292,9.352063589607961e-18,0.08252910503174365,18.0,18.0,18.0,0.0011954744467197465,0.011144033618303961,0.008944639188004033,0.015857415749950365,0.008944639188004033,0.015857415749950365,0.06311183422803879,0.08635761588811874,0.07461503893136978,0.09664592891931534,333333.0,333333.0,333333.0,0.054436467587947845,18.0,250000.0,0.19034906320648226,0.0,1.0,0.0010894086193761069,9.321161413352475e-05,0.019283425699413385,0.05024489749132713,0.049534465081138096,0.049618119137532016,0.01586678872505824,0.01410996044675509,18.0,18.0,18.0,18.0,1645605.0,30840.0,30979.0,31013.0
fast_slow_control_critic_escher,Fast/Slow Control-Critic ESCHER,2,20,19,380000,3165087.0,12231.782435196998,0.19198683226151275,-0.0887617876386341,0.003155363560634103,0.014965810813009739,0.04925200343132019,0.056016772985458374,0.012861570032934349,0.012861570032934349,outer_iteration,,False,False,experiment_9_new_run,-2.0945005416870117,92572.0,1.0044513773971941,0.3564433731550758,1.8819585239318202,0.04495303702748103,0.00015098147431540264,0.11124360776122745,0.11130254811057368,0.21768131016826342,9.509692830923046e-18,0.0835114388822049,19.0,19.0,19.0,0.008944639188004033,0.015857415749950365,0.015211194900604963,0.020334169021762327,0.015211194900604963,0.020334169021762327,0.07230926305055618,0.07604055851697922,0.08186167478561401,0.08565627038478851,333333.0,333333.0,333333.0,0.05303250998258591,19.0,250000.0,0.07307013913351386,0.0,1.0,0.0010705449466722448,9.5326155800807e-05,0.019990648386288768,0.051517034532424434,0.05081181125555212,0.050831515106226834,0.013124344249566397,0.0125987958163023,19.0,19.0,19.0,19.0,1738177.0,30980.0,30718.0,30874.0
fast_slow_control_critic_escher,Fast/Slow Control-Critic ESCHER,2,21,20,400000,3333957.0,12877.868497365998,0.18661712061143276,-0.09203938833838993,0.006432964260389931,0.012966752983629704,0.05126345530152321,0.05886179208755493,0.01580438964689771,0.01580438964689771,outer_iteration,,False,False,experiment_9_new_run,-2.053070306777954,92857.0,1.0053077361166562,0.22319064178024817,1.5242481995229005,0.04378075426386347,0.00013891280458621275,0.11451233797126771,0.11444911498355886,0.22475559140505916,9.425360705186207e-18,0.08304826800785182,20.0,20.0,20.0,0.015211194900604963,0.020334169021762327,0.021356792150974413,0.025726471959696018,0.021356792150974413,0.025726471959696018,0.07373712211847305,0.07186420261859894,0.0833011120557785,0.08294975757598877,333333.0,333333.0,333333.0,0.05901752784848213,20.0,250000.0,0.08779550313900768,0.0,1.0,0.0008970953665001763,9.26368620437531e-05,0.018784048488094323,0.05285070158412093,0.052277418482715346,0.052309819948049105,0.015650032398601372,0.015958746895194054,20.0,20.0,20.0,20.0,1831034.0,30958.0,30945.0,30954.0
fast_slow_control_critic_escher,Fast/Slow Control-Critic ESCHER,2,22,21,420000,3503203.0,13519.608466949001,0.1587861984396982,-0.09523109772473068,0.009624673646730683,0.015732597559690475,0.06216344237327576,0.05933210626244545,0.016688129864633083,0.016688129864633083,outer_iteration,,False,False,experiment_9_new_run,-2.1179616451263428,93209.0,0.9989119814103701,0.33756229435902496,1.479622238756114,0.04296446076798114,0.00012349036149753527,0.1172122775041879,0.11721640600127678,0.2243024921507423,9.664533033840294e-18,0.08629118790217545,21.0,21.0,21.0,0.021356792150974413,0.025726471959696018,0.027501385203456463,0.03200035322077377,0.027501385203456463,0.03200035322077377,0.07887819409370422,0.08284910023212433,0.08878590166568756,0.0957551971077919,333333.0,333333.0,333333.0,0.051601868122816086,21.0,250000.0,0.04646181682020779,0.0,1.0,0.0010562596376200515,9.509489342894238e-05,0.019448680818937213,0.056884552011839645,0.05602323773146011,0.05604970638711809,0.018972014697889488,0.01440424503137668,21.0,21.0,21.0,21.0,1924243.0,31175.0,30987.0,31047.0
fast_slow_control_critic_escher,Fast/Slow Control-Critic ESCHER,2,23,22,440000,3671957.0,14172.043012715003,0.1436835831077935,-0.09047792929373255,0.004871505215732555,0.012820575386285782,0.05591205134987831,0.06024240329861641,0.016111415500442185,0.016111415500442185,outer_iteration,,False,False,experiment_9_new_run,-2.0587611198425293,92969.0,1.004264583152311,0.5295746871289133,1.7049833527829323,0.05406623203533418,0.00014460418895193174,0.11442403664286649,0.1142587449872704,0.22043501086223977,9.087174675086875e-18,0.0834160162172891,22.0,22.0,22.0,0.027501385203456463,0.03200035322077377,0.034487391644344,0.03657423122299108,0.034487391644344,0.03657423122299108,0.08162230253219604,0.08376302570104599,0.09302833676338196,0.09405475854873657,333333.0,333333.0,333333.0,0.05067203938961029,22.0,250000.0,0.056990524439349,0.0,1.0,0.0010299634075333916,9.598020477615643e-05,0.019899925979714767,0.05618657953116828,0.055299027296971046,0.05530598483029513,0.017649052975078423,0.01457377802580595,22.0,22.0,22.0,22.0,2017212.0,30977.0,31026.0,30966.0
fast_slow_control_critic_escher,Fast/Slow Control-Critic ESCHER,2,24,23,460000,3840045.0,14821.480531217,0.14588488670565178,-0.09098422094961955,0.0053777968716195584,0.012672456912696362,0.051517557352781296,0.059687066823244095,0.01654748758301139,0.01654748758301139,outer_iteration,,False,False,experiment_9_new_run,-2.0559933185577393,92370.0,1.0053672649500036,0.45682485976047404,1.375547980694814,0.04954249405925075,0.00011409165877769729,0.10947116801773224,0.10942653407913545,0.2097244461854848,9.4350990167972e-18,0.08544254311621138,23.0,23.0,23.0,0.034487391644344,0.03657423122299108,0.039845468699646114,0.04221977130058774,0.039845468699646114,0.04221977130058774,0.07676596194505692,0.07610730081796646,0.0863124206662178,0.0879080593585968,333333.0,333333.0,333333.0,0.057040341198444366,23.0,250000.0,0.030765700379313303,0.0,1.0,0.0010483050125849173,9.832525124951439e-05,0.020519585065248716,0.052713874933947545,0.05198507431046134,0.05199374151587382,0.016476092549661796,0.01661888261636098,23.0,23.0,23.0,23.0,2109582.0,30834.0,30778.0,30758.0
fast_slow_control_critic_escher,Fast/Slow Control-Critic ESCHER,2,25,24,480000,4009125.0,15473.431997407002,0.15149198841732353,-0.0944658503204818,0.008859426242481802,0.012965510599315166,0.050048600882291794,0.05697278678417206,0.016119241248816252,0.016119241248816252,outer_iteration,,False,False,experiment_9_new_run,-2.00207257270813,93199.0,1.0047647092690317,0.4313275953010913,1.671354325254811,0.05246361570447941,9.448353354863203e-05,0.11070289316474828,0.1107201607958981,0.2110463776412744,9.551531080230742e-18,0.08287663022506558,24.0,24.0,24.0,0.039845468699646114,0.04221977130058774,0.047696688459298864,0.047637326520514445,0.047696688459298864,0.047637326520514445,0.07548364251852036,0.07762610912322998,0.08836227655410767,0.08929486572742462,333333.0,333333.0,333333.0,0.049805380403995514,24.0,250000.0,0.018075428019662238,0.0,1.0,0.0010814098979052764,9.284635360294414e-05,0.020032090968128836,0.05304540472306724,0.05237925738701452,0.052381263668333816,0.015676093598206837,0.016562388899425667,24.0,24.0,24.0,24.0,2202781.0,30976.0,31176.0,31047.0
fast_slow_control_critic_escher,Fast/Slow Control-Critic ESCHER,2,26,25,500000,4179696.0,16120.387237768999,0.13510052445075893,-0.0880619913481985,0.002455567270198508,0.011401749216020107,0.053663790225982666,0.05798749253153801,0.015153511582563322,0.015153511582563322,outer_iteration,,False,False,experiment_9_new_run,-1.7379629611968994,94440.0,1.005914379292106,0.5271625568588352,1.5434976408293293,0.051934113261051344,0.00017872382414106628,0.11478920193269784,0.11467327592408097,0.22443172660579425,9.273138447126281e-18,0.08374488720818758,25.0,25.0,25.0,0.047696688459298864,0.047637326520514445,0.0534984023469558,0.05044585372583621,0.0534984023469558,0.05044585372583621,0.08087359368801117,0.08396323025226593,0.09202002733945847,0.09230495989322662,333333.0,333333.0,333333.0,0.05546938627958298,25.0,250000.0,0.08592104954314925,0.0,1.0,0.0011238113207645835,0.00010070947104488222,0.020009339726342234,0.0561489571623882,0.05561296291673104,0.05568004011558388,0.015952228258053463,0.01435479490707318,25.0,25.0,25.0,25.0,2297221.0,31400.0,31437.0,31603.0
fast_slow_control_critic_escher,Fast/Slow Control-Critic ESCHER,2,27,26,520000,4348468.0,16768.857933525003,0.1397445344833754,-0.08843122318293783,0.002824799104937839,0.012300181202590466,0.054407332092523575,0.04610295593738556,0.014346189020822447,0.014346189020822447,outer_iteration,,False,False,experiment_9_new_run,-2.122770309448242,93034.0,0.997356474961261,0.28583108089668574,1.8400832061897119,0.052937100424146746,0.00022537482284387648,0.11316527807796113,0.11337107029553563,0.2139295541773172,9.590144265841616e-18,0.08244156790894716,26.0,26.0,26.0,0.0534984023469558,0.05044585372583621,0.05771903866884287,0.05571863873874283,0.05771903866884287,0.05571863873874283,0.0808972716331482,0.07066576182842255,0.09054788947105408,0.08189382404088974,333333.0,333333.0,333333.0,0.053241197019815445,26.0,250000.0,0.07902181276139822,0.0,1.0,0.0009820353385773847,9.772319760311086e-05,0.01842197409239226,0.05535656127493736,0.054795699863573695,0.05485218838819031,0.014103570953011513,0.014588807088633379,26.0,26.0,26.0,26.0,2390255.0,30863.0,31085.0,31086.0
fast_slow_control_critic_escher,Fast/Slow Control-Critic ESCHER,2,28,27,540000,4515840.0,17407.893671423,0.12972331999456974,-0.08465849896376063,0.0009479251142393702,0.011783692054450512,0.05838622525334358,0.05498725175857544,0.015634983001897734,0.015634983001897734,outer_iteration,,False,False,experiment_9_new_run,-2.11619234085083,91864.0,1.0017727975558144,0.23899644604949866,1.475330711684347,0.05070447281642654,0.00019783968968537736,0.10827929128443965,0.10806758782407073,0.20811153751500602,9.29112089268413e-18,0.08347573021265106,27.0,27.0,27.0,0.05771903866884287,0.05571863873874283,0.06277550807806753,0.061299843803767295,0.06277550807806753,0.061299843803767295,0.08240474760532379,0.06951060891151428,0.09345382452011108,0.08125212788581848,333333.0,333333.0,333333.0,0.0458364300429821,27.0,250000.0,0.10129980132374228,0.0,1.0,0.0010332407409848463,0.00010196569108173404,0.019365617998128606,0.05405199293678211,0.053458624246576394,0.05354077937518592,0.017152005496124428,0.014117960507671038,27.0,27.0,27.0,27.0,2482119.0,30698.0,30703.0,30463.0
fast_slow_control_critic_escher,Fast/Slow Control-Critic ESCHER,2,29,28,560000,4683319.0,18051.098042924998,0.1453028418046979,-0.08436469885656622,0.0012417252214337732,0.011716529726982117,0.05219842493534088,0.0633031353354454,0.016067263359824814,0.016067263359824814,outer_iteration,,False,False,experiment_9_new_run,-1.7711101770401,91790.0,1.0052455229560433,0.2529263934119311,1.61586716918333,0.0501791106664697,0.0001895138865684728,0.10801690027234251,0.10811343278199487,0.20685904395279428,8.90106319401432e-18,0.0818549790175048,28.0,28.0,28.0,0.06277550807806753,0.061299843803767295,0.0698856151002798,0.06392219650164332,0.0698856151002798,0.06392219650164332,0.07369272410869598,0.08697531372308731,0.08692403137683868,0.09617362916469574,333333.0,333333.0,333333.0,0.05169820785522461,28.0,250000.0,0.07705149710521862,0.0,1.0,0.0011234560640160074,9.981665230559651e-05,0.020314195307786206,0.05306281328591121,0.051913873753519676,0.051966087889539936,0.015822609265645344,0.016311917454004288,28.0,28.0,28.0,28.0,2573909.0,30647.0,30482.0,30661.0
fast_slow_control_critic_escher,Fast/Slow Control-Critic ESCHER,2,30,29,580000,4852539.0,18698.386602033002,0.1304828744480021,-0.08234016769097799,0.003266256387022007,0.010527447797358036,0.05455698072910309,0.059768225997686386,0.01541412870089213,0.01541412870089213,outer_iteration,,False,False,experiment_9_new_run,-1.7356834411621094,92908.0,1.0043319302617544,0.11599764422003678,1.4846643078390156,0.05105417947250161,0.00012983674923081664,0.10843740970332821,0.10842605334424531,0.20973551408838997,9.191303120405695e-18,0.08409530286142693,29.0,29.0,29.0,0.0698856151002798,0.06392219650164332,0.07427703362434923,0.06769204856684574,0.07427703362434923,0.06769204856684574,0.07698048651218414,0.08094494044780731,0.08782555907964706,0.09140574187040329,333333.0,333333.0,333333.0,0.054159827530384064,29.0,250000.0,0.03836034332654756,0.0,1.0,0.001172824811700559,0.0001018045380348232,0.020503751316982222,0.05392000357705732,0.0529052456750557,0.05290600056580109,0.01604021651049455,0.014788040891289711,29.0,29.0,29.0,29.0,2666817.0,30984.0,30839.0,31085.0
