algorithm_id,algorithm_label,variant_id,variant_label,seed,checkpoint_index,iteration,episode,nodes_touched,wall_clock_seconds,exploitability,average_policy_value,policy_value_error,average_policy_loss,regret_loss_player_0,regret_loss_player_1,baseline_loss_player_0,baseline_loss_player_1,checkpoint_kind,checkpoint_target_nodes,is_initial_policy_evaluation,is_final_policy_evaluation,result_source,calibration_loss,unbiased_estimator_sample_count,control_variate_beta_mean,control_variate_beta_min,control_variate_beta_max,predicted_residual_variance_mean,q_ensemble_disagreement_mean,q_residual_abs_mean,control_residual_abs_mean,importance_correction_abs_mean,policy_weighted_advantage_abs_mean,full_support_sampling_min_probability,calibration_target_version,q_ensemble_target_version_min,q_ensemble_target_version_max,prediction_gate_player_0,prediction_gate_player_1,prediction_gate_next_player_0,prediction_gate_next_player_1,predictor_relative_skill_player_0,predictor_relative_skill_player_1,predictor_holdout_mse_player_0,predictor_holdout_mse_player_1,predictor_zero_mse_player_0,predictor_zero_mse_player_1,q_fold_0_replay_size,q_fold_1_replay_size,q_fold_2_replay_size
vr_deep_dcfr_plus,VR-DeepDCFR+,vr_deep_dcfr_plus,VR-DeepDCFR+,0,0,0,0,0.0,0.7617930640000168,2.373611111111111,-0.078125,0.007481424077999996,,,,,,initial_untrained_policy,,True,False,experiment_7_new_run,,,,,,,,,,,,,,,,,,,,,,,,,,,,
vr_deep_dcfr_plus,VR-DeepDCFR+,vr_deep_dcfr_plus,VR-DeepDCFR+,0,1,1,1415,10006.0,25.724855571999996,1.0005057594537652,0.00029145945325821654,0.08589788353125821,4.1823769447724146e-10,,,,,early_node_threshold,10000,False,False,experiment_7_new_run,,,,,,,,,,,,,,,,,,,,,,,,,,,,
vr_deep_dcfr_plus,VR-DeepDCFR+,vr_deep_dcfr_plus,VR-DeepDCFR+,0,2,1,20000,135972.0,248.75152144499998,2.3187561365593945,1.0000487159186513,1.0856551399966512,1.8386536737580172e-07,0.0072274538688361645,0.6469184160232544,2.556130307418414e-10,0.002140117809176445,outer_iteration,,False,False,experiment_7_new_run,,,,,,,,,,,,,,,,,,,,,,,,,,,,
vr_deep_dcfr_plus,VR-DeepDCFR+,vr_deep_dcfr_plus,VR-DeepDCFR+,0,3,2,40000,257753.0,464.806433627,1.7771933730278564,0.9989477390167901,1.0845541630947901,0.03061945177614689,0.5478547215461731,0.8189584612846375,0.003316364949569106,0.004323014058172703,outer_iteration,,False,False,experiment_7_new_run,,,,,,,,,,,,,,,,,,,,,,,,,,,,
vr_deep_dcfr_plus,VR-DeepDCFR+,vr_deep_dcfr_plus,VR-DeepDCFR+,0,4,3,60000,418929.0,694.2949413020001,1.1882500616362723,0.11647899404918854,0.20208541812718855,0.11863837391138077,0.4586205780506134,0.20406116545200348,0.006165479775518179,0.006605233531445265,outer_iteration,,False,False,experiment_7_new_run,,,,,,,,,,,,,,,,,,,,,,,,,,,,
vr_deep_dcfr_plus,VR-DeepDCFR+,vr_deep_dcfr_plus,VR-DeepDCFR+,0,5,4,80000,580921.0,925.3243673700001,0.943169672848562,0.029716536187891468,0.11532296026589146,0.09530217200517654,0.22718077898025513,0.15073412656784058,0.007168603129684925,0.006091461516916752,outer_iteration,,False,False,experiment_7_new_run,,,,,,,,,,,,,,,,,,,,,,,,,,,,
vr_deep_dcfr_plus,VR-DeepDCFR+,vr_deep_dcfr_plus,VR-DeepDCFR+,0,6,5,100000,744692.0,1159.603907656,0.7515894426995686,0.07202439782019049,0.1576308218981905,0.07941322028636932,0.23322205245494843,0.0988132581114769,0.007099327631294727,0.006854801904410124,outer_iteration,,False,False,experiment_7_new_run,,,,,,,,,,,,,,,,,,,,,,,,,,,,
vr_deep_dcfr_plus,VR-DeepDCFR+,vr_deep_dcfr_plus,VR-DeepDCFR+,0,7,6,120000,909635.0,1396.798952563,0.6990209355624849,0.08702348475962654,0.17262990883762652,0.06183193624019623,0.2540421783924103,0.17246341705322266,0.00576773239299655,0.006202968768775463,outer_iteration,,False,False,experiment_7_new_run,,,,,,,,,,,,,,,,,,,,,,,,,,,,
vr_deep_dcfr_plus,VR-DeepDCFR+,vr_deep_dcfr_plus,VR-DeepDCFR+,0,8,7,140000,1069472.0,1627.152575914,0.6465290331544252,0.06064726447432853,0.1462536885523285,0.05593397095799446,0.22111769020557404,0.271703839302063,0.006705023813992739,0.0064094094559550285,outer_iteration,,False,False,experiment_7_new_run,,,,,,,,,,,,,,,,,,,,,,,,,,,,
vr_deep_dcfr_plus,VR-DeepDCFR+,vr_deep_dcfr_plus,VR-DeepDCFR+,0,9,8,160000,1228943.0,1857.9428094080001,0.5934479805228866,0.05519157703218408,0.1407980011101841,0.05246291682124138,0.17067892849445343,0.23188866674900055,0.005982655566185713,0.006536516360938549,outer_iteration,,False,False,experiment_7_new_run,,,,,,,,,,,,,,,,,,,,,,,,,,,,
vr_deep_dcfr_plus,VR-DeepDCFR+,vr_deep_dcfr_plus,VR-DeepDCFR+,0,10,9,180000,1389260.0,2091.128546676,0.5457737204197539,0.0346603142674487,0.1202667383454487,0.04790174961090088,0.1601928323507309,0.14677228033542633,0.006582636386156082,0.007253206335008144,outer_iteration,,False,False,experiment_7_new_run,,,,,,,,,,,,,,,,,,,,,,,,,,,,
vr_deep_dcfr_plus,VR-DeepDCFR+,vr_deep_dcfr_plus,VR-DeepDCFR+,0,11,10,200000,1548917.0,2318.184740685,0.48186631514141354,-0.02264023788040795,0.06296618619759205,0.039448775351047516,0.19070135056972504,0.17976295948028564,0.005580289755016565,0.005773724056780338,outer_iteration,,False,False,experiment_7_new_run,,,,,,,,,,,,,,,,,,,,,,,,,,,,
vr_deep_dcfr_plus,VR-DeepDCFR+,vr_deep_dcfr_plus,VR-DeepDCFR+,0,12,11,220000,1707146.0,2541.462840728,0.465216482733202,-0.029704022687683712,0.055902401390316284,0.03382390737533569,0.16367308795452118,0.1489759236574173,0.008138086646795273,0.006586061790585518,outer_iteration,,False,False,experiment_7_new_run,,,,,,,,,,,,,,,,,,,,,,,,,,,,
vr_deep_dcfr_plus,VR-DeepDCFR+,vr_deep_dcfr_plus,VR-DeepDCFR+,0,13,12,240000,1865203.0,2762.170853795,0.38465350322223807,-0.05158606450714809,0.03402035957085191,0.03291064500808716,0.12299584597349167,0.13873125612735748,0.00729581993073225,0.007211850956082344,outer_iteration,,False,False,experiment_7_new_run,,,,,,,,,,,,,,,,,,,,,,,,,,,,
vr_deep_dcfr_plus,VR-DeepDCFR+,vr_deep_dcfr_plus,VR-DeepDCFR+,0,14,13,260000,2023886.0,2990.795162989,0.3602907819808846,-0.04913742057042034,0.03646900350757966,0.02914980985224247,0.10175324231386185,0.17482154071331024,0.006418067030608654,0.006753998342901468,outer_iteration,,False,False,experiment_7_new_run,,,,,,,,,,,,,,,,,,,,,,,,,,,,
vr_deep_dcfr_plus,VR-DeepDCFR+,vr_deep_dcfr_plus,VR-DeepDCFR+,0,15,14,280000,2181607.0,3215.7880278390003,0.30053394476149564,-0.060841346355615555,0.02476507772238444,0.02741035260260105,0.1195903941988945,0.14791445434093475,0.006962331477552652,0.006025895942002535,outer_iteration,,False,False,experiment_7_new_run,,,,,,,,,,,,,,,,,,,,,,,,,,,,
vr_deep_dcfr_plus,VR-DeepDCFR+,vr_deep_dcfr_plus,VR-DeepDCFR+,0,16,15,300000,2339486.0,3440.348981083,0.29665232426866706,-0.07700227487907602,0.00860414919892398,0.022425970062613487,0.2091001272201538,0.1316201388835907,0.006106245331466198,0.006741627585142851,outer_iteration,,False,False,experiment_7_new_run,,,,,,,,,,,,,,,,,,,,,,,,,,,,
vr_deep_dcfr_plus,VR-DeepDCFR+,vr_deep_dcfr_plus,VR-DeepDCFR+,0,17,16,320000,2499326.0,3668.573925969,0.26185601879357734,-0.0824155389608259,0.0031908851171740943,0.022348089143633842,0.18803822994232178,0.19163213670253754,0.006585340015590191,0.006590093020349741,outer_iteration,,False,False,experiment_7_new_run,,,,,,,,,,,,,,,,,,,,,,,,,,,,
vr_deep_dcfr_plus,VR-DeepDCFR+,vr_deep_dcfr_plus,VR-DeepDCFR+,0,18,17,340000,2660612.0,3896.373906788,0.25436717131031505,-0.09019618191595219,0.004589757837952194,0.019758516922593117,0.14363813400268555,0.15278467535972595,0.00661667063832283,0.00481876265257597,outer_iteration,,False,False,experiment_7_new_run,,,,,,,,,,,,,,,,,,,,,,,,,,,,
vr_deep_dcfr_plus,VR-DeepDCFR+,vr_deep_dcfr_plus,VR-DeepDCFR+,0,19,18,360000,2821865.0,4122.923322804,0.2581545983019993,-0.0880998370481201,0.0024934129701201097,0.01731318235397339,0.16009189188480377,0.16338969767093658,0.005728596821427345,0.005804585758596659,outer_iteration,,False,False,experiment_7_new_run,,,,,,,,,,,,,,,,,,,,,,,,,,,,
vr_deep_dcfr_plus,VR-DeepDCFR+,vr_deep_dcfr_plus,VR-DeepDCFR+,0,20,19,380000,2981101.0,4348.655745224,0.2763743763395751,-0.09107626522090928,0.005469841142909285,0.01843876950442791,0.20099078118801117,0.15477733314037323,0.005849182605743408,0.005458812229335308,outer_iteration,,False,False,experiment_7_new_run,,,,,,,,,,,,,,,,,,,,,,,,,,,,
vr_deep_dcfr_plus,VR-DeepDCFR+,vr_deep_dcfr_plus,VR-DeepDCFR+,0,21,20,400000,3139798.0,4572.337203932,0.23984497025441023,-0.08813257375225156,0.0025261496742515627,0.021136170253157616,0.1699506789445877,0.11971447616815567,0.007059460040181875,0.00608796626329422,outer_iteration,,False,False,experiment_7_new_run,,,,,,,,,,,,,,,,,,,,,,,,,,,,
vr_deep_dcfr_plus,VR-DeepDCFR+,vr_deep_dcfr_plus,VR-DeepDCFR+,0,22,21,420000,3297699.0,4799.426336482,0.22658117075004794,-0.08576915829789952,0.00016273421989952686,0.018849743530154228,0.17705368995666504,0.1224859431385994,0.007788424845784903,0.005883560050278902,outer_iteration,,False,False,experiment_7_new_run,,,,,,,,,,,,,,,,,,,,,,,,,,,,
vr_deep_dcfr_plus,VR-DeepDCFR+,vr_deep_dcfr_plus,VR-DeepDCFR+,0,23,22,440000,3455968.0,5027.912216019,0.19689673047693926,-0.08839215535909889,0.002785731281098894,0.016874508932232857,0.14414800703525543,0.15767556428909302,0.007754642516374588,0.005699351895600557,outer_iteration,,False,False,experiment_7_new_run,,,,,,,,,,,,,,,,,,,,,,,,,,,,
vr_deep_dcfr_plus,VR-DeepDCFR+,vr_deep_dcfr_plus,VR-DeepDCFR+,0,24,23,460000,3614671.0,5253.201133317,0.1796730125514793,-0.08184726732608441,0.003759156751915585,0.017843058332800865,0.1796899437904358,0.1755029410123825,0.008114544674754143,0.004850410390645266,outer_iteration,,False,False,experiment_7_new_run,,,,,,,,,,,,,,,,,,,,,,,,,,,,
vr_deep_dcfr_plus,VR-DeepDCFR+,vr_deep_dcfr_plus,VR-DeepDCFR+,0,25,24,480000,3773287.0,5477.515590661,0.18579694813168707,-0.09211869023758551,0.006512266159585514,0.01700541377067566,0.1320851445198059,0.17324919998645782,0.006970101501792669,0.005865857005119324,outer_iteration,,False,False,experiment_7_new_run,,,,,,,,,,,,,,,,,,,,,,,,,,,,
vr_deep_dcfr_plus,VR-DeepDCFR+,vr_deep_dcfr_plus,VR-DeepDCFR+,0,26,25,500000,3931893.0,5704.849796572,0.17869293048836626,-0.08761272536331463,0.002006301285314635,0.017931630834937096,0.1381966471672058,0.17082591354846954,0.006764231249690056,0.004486531484872103,outer_iteration,,False,False,experiment_7_new_run,,,,,,,,,,,,,,,,,,,,,,,,,,,,
vr_deep_dcfr_plus,VR-DeepDCFR+,vr_deep_dcfr_plus,VR-DeepDCFR+,0,27,26,520000,4091201.0,5928.766383344,0.19709786544076424,-0.09760431385265339,0.011997889774653395,0.015155569650232792,0.13892056047916412,0.16105978190898895,0.0067054880782961845,0.006803053431212902,outer_iteration,,False,False,experiment_7_new_run,,,,,,,,,,,,,,,,,,,,,,,,,,,,
vr_deep_dcfr_plus,VR-DeepDCFR+,vr_deep_dcfr_plus,VR-DeepDCFR+,0,28,27,540000,4250462.0,6153.943113685,0.16392149575995546,-0.10241944466923836,0.016813020591238362,0.01632656157016754,0.1695190817117691,0.19731320440769196,0.006276546977460384,0.0052115414291620255,outer_iteration,,False,False,experiment_7_new_run,,,,,,,,,,,,,,,,,,,,,,,,,,,,
vr_deep_dcfr_plus,VR-DeepDCFR+,vr_deep_dcfr_plus,VR-DeepDCFR+,0,29,28,560000,4409795.0,6378.1680106700005,0.17406351687726407,-0.09968201490643089,0.014075590828430892,0.017743593081831932,0.15361900627613068,0.17349912226200104,0.0049550957046449184,0.006012445781379938,outer_iteration,,False,False,experiment_7_new_run,,,,,,,,,,,,,,,,,,,,,,,,,,,,
vr_deep_dcfr_plus,VR-DeepDCFR+,vr_deep_dcfr_plus,VR-DeepDCFR+,0,30,29,580000,4568690.0,6607.405180795,0.17906286617571038,-0.09851461379736454,0.01290818971936454,0.016640372574329376,0.2130671739578247,0.16229693591594696,0.005289825610816479,0.0062851193360984325,outer_iteration,,False,False,experiment_7_new_run,,,,,,,,,,,,,,,,,,,,,,,,,,,,
vr_deep_dcfr_plus,VR-DeepDCFR+,vr_deep_dcfr_plus,VR-DeepDCFR+,0,31,30,600000,4727711.0,6833.412197879,0.18327323373169582,-0.10401934740225766,0.01841292332425766,0.017598552629351616,0.21128620207309723,0.12113381177186966,0.005335526075214148,0.0066084908321499825,outer_iteration,,False,False,experiment_7_new_run,,,,,,,,,,,,,,,,,,,,,,,,,,,,
vr_deep_dcfr_plus,VR-DeepDCFR+,vr_deep_dcfr_plus,VR-DeepDCFR+,0,32,31,620000,4885406.0,7057.0921460340005,0.17467710179437648,-0.10199309555375227,0.016386671475752276,0.01479080319404602,0.2005901336669922,0.1543375551700592,0.005140877794474363,0.005907141137868166,outer_iteration,,False,False,experiment_7_new_run,,,,,,,,,,,,,,,,,,,,,,,,,,,,
vr_deep_dcfr_plus,VR-DeepDCFR+,vr_deep_dcfr_plus,VR-DeepDCFR+,0,33,32,640000,5042544.0,7279.312156998,0.17237228573871194,-0.09754449507864577,0.01193807100064577,0.01433612871915102,0.1933252215385437,0.13777387142181396,0.0045744203962385654,0.0053846221417188644,outer_iteration,,False,False,experiment_7_new_run,,,,,,,,,,,,,,,,,,,,,,,,,,,,
vr_deep_dcfr_plus,VR-DeepDCFR+,vr_deep_dcfr_plus,VR-DeepDCFR+,0,34,33,660000,5200808.0,7504.867990169,0.18004715620938794,-0.09431925310215614,0.00871282902415614,0.01396446954458952,0.24718205630779266,0.1666671484708786,0.005173502489924431,0.0042061335407197475,outer_iteration,,False,False,experiment_7_new_run,,,,,,,,,,,,,,,,,,,,,,,,,,,,
vr_deep_dcfr_plus,VR-DeepDCFR+,vr_deep_dcfr_plus,VR-DeepDCFR+,0,35,34,680000,5358423.0,7729.784258642,0.19136448443734433,-0.0888088957799757,0.003202471701975698,0.01562649942934513,0.16497649252414703,0.1561361402273178,0.00583462743088603,0.006506883539259434,outer_iteration,,False,False,experiment_7_new_run,,,,,,,,,,,,,,,,,,,,,,,,,,,,
vr_deep_dcfr_plus,VR-DeepDCFR+,vr_deep_dcfr_plus,VR-DeepDCFR+,0,36,35,700000,5515447.0,7952.925781896,0.1882820489850436,-0.09089972046945463,0.0052932963914546355,0.016418633982539177,0.1869412511587143,0.1780591458082199,0.005222436506301165,0.004158632829785347,outer_iteration,,False,False,experiment_7_new_run,,,,,,,,,,,,,,,,,,,,,,,,,,,,
vr_deep_dcfr_plus,VR-DeepDCFR+,vr_deep_dcfr_plus,VR-DeepDCFR+,0,37,36,720000,5672241.0,8177.220037415999,0.18634149381437376,-0.09440986687266348,0.008803442794663482,0.015186944045126438,0.18023602664470673,0.14437179267406464,0.00605761306360364,0.0055293370969593525,outer_iteration,,False,False,experiment_7_new_run,,,,,,,,,,,,,,,,,,,,,,,,,,,,
vr_deep_dcfr_plus,VR-DeepDCFR+,vr_deep_dcfr_plus,VR-DeepDCFR+,0,38,37,740000,5828260.0,8405.305261029998,0.187761314529795,-0.08804852568548632,0.002442101607486327,0.017153708264231682,0.19108574092388153,0.1688937395811081,0.005427667871117592,0.005762776359915733,outer_iteration,,False,False,experiment_7_new_run,,,,,,,,,,,,,,,,,,,,,,,,,,,,
vr_deep_dcfr_plus,VR-DeepDCFR+,vr_deep_dcfr_plus,VR-DeepDCFR+,0,39,38,760000,5983686.0,8631.201300796,0.18039689824627161,-0.09319557085113622,0.007589146773136227,0.01599150337278843,0.17609448730945587,0.17129497230052948,0.006064608693122864,0.005940514616668224,outer_iteration,,False,False,experiment_7_new_run,,,,,,,,,,,,,,,,,,,,,,,,,,,,
vr_deep_dcfr_plus,VR-DeepDCFR+,vr_deep_dcfr_plus,VR-DeepDCFR+,0,40,39,780000,6139860.0,8853.497659125998,0.18879846342690654,-0.08945118468818924,0.003844760610189249,0.015199230052530766,0.27253153920173645,0.17870546877384186,0.005489299073815346,0.006679263897240162,outer_iteration,,False,False,experiment_7_new_run,,,,,,,,,,,,,,,,,,,,,,,,,,,,
vr_deep_dcfr_plus,VR-DeepDCFR+,vr_deep_dcfr_plus,VR-DeepDCFR+,0,41,40,800000,6297718.0,9076.045929029999,0.18368618638539372,-0.089179634339664,0.0035732102616640032,0.014850600622594357,0.18245624005794525,0.2082502841949463,0.006293545477092266,0.004681193735450506,outer_iteration,,False,False,experiment_7_new_run,,,,,,,,,,,,,,,,,,,,,,,,,,,,
vr_deep_dcfr_plus,VR-DeepDCFR+,vr_deep_dcfr_plus,VR-DeepDCFR+,0,42,41,820000,6456901.0,9304.519463989,0.184045219456557,-0.09046973169199579,0.004863307613995796,0.015181619673967361,0.17982177436351776,0.17766888439655304,0.005895181093364954,0.005152602680027485,outer_iteration,,False,False,experiment_7_new_run,,,,,,,,,,,,,,,,,,,,,,,,,,,,
vr_deep_dcfr_plus,VR-DeepDCFR+,vr_deep_dcfr_plus,VR-DeepDCFR+,0,43,42,840000,6617338.0,9530.408204476998,0.1799985046974811,-0.09620407509063916,0.010597651012639167,0.014964405447244644,0.17606760561466217,0.17756831645965576,0.005783491767942905,0.00479844817891717,outer_iteration,,False,False,experiment_7_new_run,,,,,,,,,,,,,,,,,,,,,,,,,,,,
vr_deep_dcfr_plus,VR-DeepDCFR+,vr_deep_dcfr_plus,VR-DeepDCFR+,0,44,43,860000,6777716.0,9752.637164598,0.1583928193929201,-0.09336533159084304,0.007758907512843041,0.01802864298224449,0.1981479674577713,0.14793384075164795,0.0066652060486376286,0.005751312710344791,outer_iteration,,False,False,experiment_7_new_run,,,,,,,,,,,,,,,,,,,,,,,,,,,,
vr_deep_dcfr_plus,VR-DeepDCFR+,vr_deep_dcfr_plus,VR-DeepDCFR+,0,45,44,880000,6937951.0,9975.54299317,0.14625812542298677,-0.097680176477704,0.012073752399704,0.015453297644853592,0.17116962373256683,0.18645435571670532,0.006155642680823803,0.006072987802326679,outer_iteration,,False,False,experiment_7_new_run,,,,,,,,,,,,,,,,,,,,,,,,,,,,
vr_deep_dcfr_plus,VR-DeepDCFR+,vr_deep_dcfr_plus,VR-DeepDCFR+,0,46,45,900000,7098190.0,10204.721626015,0.14883870171337965,-0.09391795030589417,0.008311526227894175,0.015811167657375336,0.15150974690914154,0.17557822167873383,0.00476082181558013,0.0058898525312542915,outer_iteration,,False,False,experiment_7_new_run,,,,,,,,,,,,,,,,,,,,,,,,,,,,
vr_deep_dcfr_plus,VR-DeepDCFR+,vr_deep_dcfr_plus,VR-DeepDCFR+,0,47,46,920000,7257855.0,10429.280036949,0.15803228773082567,-0.09921657203293649,0.013610147954936494,0.01353649701923132,0.21005840599536896,0.16605663299560547,0.005194780882447958,0.0058362530544400215,outer_iteration,,False,False,experiment_7_new_run,,,,,,,,,,,,,,,,,,,,,,,,,,,,
vr_deep_dcfr_plus,VR-DeepDCFR+,vr_deep_dcfr_plus,VR-DeepDCFR+,0,48,47,940000,7416924.0,10650.716557529,0.1400899496666144,-0.09896879661675931,0.013362372538759312,0.016066042706370354,0.1712968945503235,0.1624009758234024,0.004762409254908562,0.00546604348346591,outer_iteration,,False,False,experiment_7_new_run,,,,,,,,,,,,,,,,,,,,,,,,,,,,
vr_deep_dcfr_plus,VR-DeepDCFR+,vr_deep_dcfr_plus,VR-DeepDCFR+,0,49,48,960000,7574814.0,10871.351048088,0.14650139840960075,-0.09983215995777728,0.014225735879777282,0.015967225655913353,0.19427931308746338,0.12695425748825073,0.006276221945881844,0.007059348281472921,outer_iteration,,False,False,experiment_7_new_run,,,,,,,,,,,,,,,,,,,,,,,,,,,,
vr_deep_dcfr_plus,VR-DeepDCFR+,vr_deep_dcfr_plus,VR-DeepDCFR+,0,50,49,980000,7732724.0,11096.456725387,0.16568859034783698,-0.10060810348462554,0.015001679406625543,0.013917953707277775,0.16943977773189545,0.21255870163440704,0.005278474185615778,0.0049524991773068905,outer_iteration,,False,False,experiment_7_new_run,,,,,,,,,,,,,,,,,,,,,,,,,,,,
vr_deep_dcfr_plus,VR-DeepDCFR+,vr_deep_dcfr_plus,VR-DeepDCFR+,0,51,50,1000000,7889984.0,11319.770002225,0.15737256076126838,-0.0983002215765661,0.012693797498566098,0.016047373414039612,0.1765376776456833,0.14675907790660858,0.0059100049547851086,0.005386622156947851,outer_iteration,,False,False,experiment_7_new_run,,,,,,,,,,,,,,,,,,,,,,,,,,,,
vr_deep_dcfr_plus,VR-DeepDCFR+,vr_deep_dcfr_plus,VR-DeepDCFR+,0,52,51,1020000,8046870.0,11541.717284024,0.1475961074346619,-0.09885093503352016,0.013244510955520164,0.015554429031908512,0.14898528158664703,0.19450555741786957,0.006613179575651884,0.005348245147615671,outer_iteration,,False,False,experiment_7_new_run,,,,,,,,,,,,,,,,,,,,,,,,,,,,
vr_deep_dcfr_plus,VR-DeepDCFR+,vr_deep_dcfr_plus,VR-DeepDCFR+,0,53,52,1040000,8203622.0,11762.698712849,0.15791316579727221,-0.09781902500327283,0.012212600925272835,0.01524489838629961,0.2127951979637146,0.18615473806858063,0.006245823111385107,0.004825919400900602,outer_iteration,,False,False,experiment_7_new_run,,,,,,,,,,,,,,,,,,,,,,,,,,,,
vr_deep_dcfr_plus,VR-DeepDCFR+,vr_deep_dcfr_plus,VR-DeepDCFR+,0,54,53,1060000,8359909.0,11985.627011932998,0.14741221485907136,-0.09599672996199685,0.01039030588399685,0.01738166995346546,0.273579865694046,0.15751317143440247,0.005075691267848015,0.005336196627467871,outer_iteration,,False,False,experiment_7_new_run,,,,,,,,,,,,,,,,,,,,,,,,,,,,
vr_deep_dcfr_plus,VR-DeepDCFR+,vr_deep_dcfr_plus,VR-DeepDCFR+,0,55,54,1080000,8517650.0,12209.717394969999,0.14249988641780342,-0.09257321100843682,0.006966786930436827,0.016486046835780144,0.22978384792804718,0.13049262762069702,0.0047652702778577805,0.0046111526899039745,outer_iteration,,False,False,experiment_7_new_run,,,,,,,,,,,,,,,,,,,,,,,,,,,,
vr_deep_dcfr_plus,VR-DeepDCFR+,vr_deep_dcfr_plus,VR-DeepDCFR+,0,56,55,1100000,8675553.0,12429.342898858,0.12735651743825804,-0.09245837840087531,0.006851954322875317,0.014635599218308926,0.20696233212947845,0.16567248106002808,0.0056547364220023155,0.007050796877592802,outer_iteration,,False,False,experiment_7_new_run,,,,,,,,,,,,,,,,,,,,,,,,,,,,
vr_deep_dcfr_plus,VR-DeepDCFR+,vr_deep_dcfr_plus,VR-DeepDCFR+,0,57,56,1120000,8833073.0,12651.802350413998,0.14487023290225767,-0.09561832060997044,0.010011896531970446,0.015578041784465313,0.17608921229839325,0.16935314238071442,0.005281544290482998,0.005950279533863068,outer_iteration,,False,False,experiment_7_new_run,,,,,,,,,,,,,,,,,,,,,,,,,,,,
vr_deep_dcfr_plus,VR-DeepDCFR+,vr_deep_dcfr_plus,VR-DeepDCFR+,0,58,57,1140000,8990719.0,12876.529440531,0.1408767726069529,-0.10110140698205317,0.01549498290405317,0.014952895231544971,0.15335898101329803,0.19035786390304565,0.005955561064183712,0.0066186198964715,outer_iteration,,False,False,experiment_7_new_run,,,,,,,,,,,,,,,,,,,,,,,,,,,,
vr_deep_dcfr_plus,VR-DeepDCFR+,vr_deep_dcfr_plus,VR-DeepDCFR+,0,59,58,1160000,9148506.0,13103.015496803999,0.14429497672976338,-0.09047653818847395,0.004870114110473958,0.014804922044277191,0.15987266600131989,0.18561170995235443,0.004909379407763481,0.004387156572192907,outer_iteration,,False,False,experiment_7_new_run,,,,,,,,,,,,,,,,,,,,,,,,,,,,
vr_deep_dcfr_plus,VR-DeepDCFR+,vr_deep_dcfr_plus,VR-DeepDCFR+,0,60,59,1180000,9305517.0,13324.622475193999,0.13545131999039006,-0.09675085971193284,0.011144435633932845,0.014286692254245281,0.17417390644550323,0.21925665438175201,0.005313408561050892,0.006265927106142044,outer_iteration,,False,False,experiment_7_new_run,,,,,,,,,,,,,,,,,,,,,,,,,,,,
vr_deep_dcfr_plus,VR-DeepDCFR+,vr_deep_dcfr_plus,VR-DeepDCFR+,0,61,60,1200000,9462316.0,13546.096038188,0.1337244572191788,-0.0982296443033514,0.012623220225351409,0.01496842224150896,0.1408916860818863,0.18280863761901855,0.005274503026157618,0.005450909957289696,outer_iteration,,False,False,experiment_7_new_run,,,,,,,,,,,,,,,,,,,,,,,,,,,,
vr_deep_dcfr_plus,VR-DeepDCFR+,vr_deep_dcfr_plus,VR-DeepDCFR+,0,62,61,1220000,9619838.0,13770.612391072998,0.11851860710937065,-0.09894707892476681,0.013340654846766817,0.0136473523452878,0.18432311713695526,0.1515902727842331,0.00487435981631279,0.005838827230036259,outer_iteration,,False,False,experiment_7_new_run,,,,,,,,,,,,,,,,,,,,,,,,,,,,
vr_deep_dcfr_plus,VR-DeepDCFR+,vr_deep_dcfr_plus,VR-DeepDCFR+,0,63,62,1240000,9778186.0,13994.397443926,0.14642025086559332,-0.09765168497525173,0.012045260897251733,0.013547784648835659,0.22713059186935425,0.14620502293109894,0.004920728504657745,0.005436406005173922,outer_iteration,,False,False,experiment_7_new_run,,,,,,,,,,,,,,,,,,,,,,,,,,,,
vr_deep_dcfr_plus,VR-DeepDCFR+,vr_deep_dcfr_plus,VR-DeepDCFR+,0,64,63,1260000,9936528.0,14214.935043005999,0.1408169927298303,-0.10057541835824774,0.014968994280247741,0.013800043612718582,0.15375776588916779,0.1262315958738327,0.0053784530609846115,0.0047250911593437195,outer_iteration,,False,False,experiment_7_new_run,,,,,,,,,,,,,,,,,,,,,,,,,,,,
vr_deep_dcfr_plus,VR-DeepDCFR+,vr_deep_dcfr_plus,VR-DeepDCFR+,0,65,64,1280000,10095206.0,14436.557801470999,0.15809016508802917,-0.10085622078719803,0.01524979670919803,0.013448081910610199,0.17193089425563812,0.14381194114685059,0.00421543326228857,0.0060353949666023254,outer_iteration,,False,False,experiment_7_new_run,,,,,,,,,,,,,,,,,,,,,,,,,,,,
vr_deep_dcfr_plus,VR-DeepDCFR+,vr_deep_dcfr_plus,VR-DeepDCFR+,0,66,65,1300000,10253804.0,14663.718220161,0.14939151184218868,-0.09911999034498858,0.013513566266988589,0.013881686143577099,0.23512142896652222,0.17286501824855804,0.005751783959567547,0.006221974268555641,outer_iteration,,False,False,experiment_7_new_run,,,,,,,,,,,,,,,,,,,,,,,,,,,,
vr_deep_dcfr_plus,VR-DeepDCFR+,vr_deep_dcfr_plus,VR-DeepDCFR+,0,67,66,1320000,10413087.0,14891.264905388,0.12120790343132472,-0.09916729377701716,0.013560869699017167,0.012783732265233994,0.21153958141803741,0.19326217472553253,0.0070897601544857025,0.005846667103469372,outer_iteration,,False,False,experiment_7_new_run,,,,,,,,,,,,,,,,,,,,,,,,,,,,
vr_deep_dcfr_plus,VR-DeepDCFR+,vr_deep_dcfr_plus,VR-DeepDCFR+,0,68,67,1340000,10572980.0,15115.059990327,0.12717827422962052,-0.09798407060037334,0.012377646522373345,0.013301036320626736,0.16889388859272003,0.16654331982135773,0.004404806066304445,0.00653787050396204,outer_iteration,,False,False,experiment_7_new_run,,,,,,,,,,,,,,,,,,,,,,,,,,,,
vr_deep_dcfr_plus,VR-DeepDCFR+,vr_deep_dcfr_plus,VR-DeepDCFR+,0,69,68,1360000,10732497.0,15336.080354025999,0.11500024347334857,-0.09712449093137676,0.011518066853376766,0.012739851139485836,0.15188881754875183,0.17777343094348907,0.005652516148984432,0.005859577562659979,outer_iteration,,False,False,experiment_7_new_run,,,,,,,,,,,,,,,,,,,,,,,,,,,,
vr_deep_dcfr_plus,VR-DeepDCFR+,vr_deep_dcfr_plus,VR-DeepDCFR+,0,70,69,1380000,10891879.0,15560.953639066,0.11849053364272354,-0.09707029818335464,0.01146387410535464,0.013098946772515774,0.17628474533557892,0.141935333609581,0.00498140137642622,0.004739440977573395,outer_iteration,,False,False,experiment_7_new_run,,,,,,,,,,,,,,,,,,,,,,,,,,,,
vr_deep_dcfr_plus,VR-DeepDCFR+,vr_deep_dcfr_plus,VR-DeepDCFR+,0,71,70,1400000,11050706.0,15785.988984038999,0.13279584593412788,-0.10385506133640293,0.018248637258402936,0.012518753297626972,0.14475546777248383,0.1714073270559311,0.006079345941543579,0.005372633691877127,outer_iteration,,False,False,experiment_7_new_run,,,,,,,,,,,,,,,,,,,,,,,,,,,,
vr_deep_dcfr_plus,VR-DeepDCFR+,vr_deep_dcfr_plus,VR-DeepDCFR+,0,72,71,1420000,11209272.0,16008.203636429,0.12373520011828432,-0.09871840213257871,0.013111978054578713,0.01232105866074562,0.1671082228422165,0.16805614531040192,0.006302100606262684,0.005952822510153055,outer_iteration,,False,False,experiment_7_new_run,,,,,,,,,,,,,,,,,,,,,,,,,,,,
vr_deep_dcfr_plus,VR-DeepDCFR+,vr_deep_dcfr_plus,VR-DeepDCFR+,0,73,72,1440000,11367732.0,16229.599493884,0.13289812254231573,-0.0975977149346523,0.011991290856652306,0.011270254850387573,0.18127278983592987,0.18772472441196442,0.005226682405918837,0.005253221839666367,outer_iteration,,False,False,experiment_7_new_run,,,,,,,,,,,,,,,,,,,,,,,,,,,,
vr_deep_dcfr_plus,VR-DeepDCFR+,vr_deep_dcfr_plus,VR-DeepDCFR+,0,74,73,1460000,11527580.0,16456.168209689,0.1325021081603568,-0.09767685222992983,0.012070428151929838,0.010543283075094223,0.1805879920721054,0.1897716075181961,0.0062757860869169235,0.004750331863760948,outer_iteration,,False,False,experiment_7_new_run,,,,,,,,,,,,,,,,,,,,,,,,,,,,
vr_deep_dcfr_plus,VR-DeepDCFR+,vr_deep_dcfr_plus,VR-DeepDCFR+,0,75,74,1480000,11686992.0,16683.599555316,0.12433750467470903,-0.09870108898763444,0.013094664909634443,0.012369629926979542,0.14824025332927704,0.19393390417099,0.004819883033633232,0.0061004869639873505,outer_iteration,,False,False,experiment_7_new_run,,,,,,,,,,,,,,,,,,,,,,,,,,,,
vr_deep_dcfr_plus,VR-DeepDCFR+,vr_deep_dcfr_plus,VR-DeepDCFR+,0,76,75,1500000,11845597.0,16907.231695764,0.12061276179936628,-0.10312829673346371,0.01752187265546372,0.01086520031094551,0.1352420598268509,0.138163223862648,0.005323266610503197,0.004741673823446035,outer_iteration,,False,False,experiment_7_new_run,,,,,,,,,,,,,,,,,,,,,,,,,,,,
vr_deep_dcfr_plus,VR-DeepDCFR+,vr_deep_dcfr_plus,VR-DeepDCFR+,0,77,76,1520000,12003295.0,17129.408073947998,0.11602672949908527,-0.09998940853665206,0.014382984458652062,0.01154919434338808,0.16707687079906464,0.1864907592535019,0.0055389245972037315,0.005517833400517702,outer_iteration,,False,False,experiment_7_new_run,,,,,,,,,,,,,,,,,,,,,,,,,,,,
vr_deep_dcfr_plus,VR-DeepDCFR+,vr_deep_dcfr_plus,VR-DeepDCFR+,0,78,77,1540000,12160079.0,17355.605088711,0.1383562899345478,-0.10002166181595756,0.014415237737957567,0.01212670560926199,0.2202928066253662,0.16888798773288727,0.0073621622286736965,0.006602008827030659,outer_iteration,,False,False,experiment_7_new_run,,,,,,,,,,,,,,,,,,,,,,,,,,,,
vr_deep_dcfr_plus,VR-DeepDCFR+,vr_deep_dcfr_plus,VR-DeepDCFR+,0,79,78,1560000,12316281.0,17582.044848446,0.14063241790956876,-0.09979554195084284,0.01418911787284284,0.011378486640751362,0.18657726049423218,0.14523275196552277,0.005018760450184345,0.0049044000916182995,outer_iteration,,False,False,experiment_7_new_run,,,,,,,,,,,,,,,,,,,,,,,,,,,,
vr_deep_dcfr_plus,VR-DeepDCFR+,vr_deep_dcfr_plus,VR-DeepDCFR+,0,80,79,1580000,12472642.0,17803.470107348,0.10929408494589432,-0.10049701850377879,0.014890594425778794,0.011379835195839405,0.19620174169540405,0.18410855531692505,0.005739688873291016,0.004963802173733711,outer_iteration,,False,False,experiment_7_new_run,,,,,,,,,,,,,,,,,,,,,,,,,,,,
vr_deep_dcfr_plus,VR-DeepDCFR+,vr_deep_dcfr_plus,VR-DeepDCFR+,0,81,80,1600000,12628893.0,18025.79895149,0.10022540429315858,-0.09450636114684707,0.008899937068847077,0.010771255008876324,0.15482912957668304,0.22448855638504028,0.004768084269016981,0.005865815561264753,outer_iteration,,False,False,experiment_7_new_run,,,,,,,,,,,,,,,,,,,,,,,,,,,,
vr_deep_dcfr_plus,VR-DeepDCFR+,vr_deep_dcfr_plus,VR-DeepDCFR+,0,82,81,1620000,12786169.0,18251.60469524,0.10594117789834673,-0.099343964444499,0.013737540366499004,0.011754228733479977,0.16478793323040009,0.15882880985736847,0.005413631442934275,0.005895963869988918,outer_iteration,,False,False,experiment_7_new_run,,,,,,,,,,,,,,,,,,,,,,,,,,,,
vr_deep_dcfr_plus,VR-DeepDCFR+,vr_deep_dcfr_plus,VR-DeepDCFR+,0,83,82,1640000,12943538.0,18477.114453555998,0.09958338565119576,-0.09799682468780918,0.012390400609809185,0.010870520956814289,0.1675184965133667,0.1758638471364975,0.0057298606261610985,0.005632292479276657,outer_iteration,,False,False,experiment_7_new_run,,,,,,,,,,,,,,,,,,,,,,,,,,,,
vr_deep_dcfr_plus,VR-DeepDCFR+,vr_deep_dcfr_plus,VR-DeepDCFR+,0,84,83,1660000,13100280.0,18700.302935261,0.11859894802552985,-0.09587896334973406,0.010272539271734063,0.011761474423110485,0.19676607847213745,0.1610538810491562,0.005219912156462669,0.004918453749269247,outer_iteration,,False,False,experiment_7_new_run,,,,,,,,,,,,,,,,,,,,,,,,,,,,
vr_deep_dcfr_plus,VR-DeepDCFR+,vr_deep_dcfr_plus,VR-DeepDCFR+,0,85,84,1680000,13257219.0,18923.959101133998,0.11211129742998717,-0.10253125600501153,0.01692483192701154,0.011699914000928402,0.18126974999904633,0.19401343166828156,0.006356044672429562,0.005875957198441029,outer_iteration,,False,False,experiment_7_new_run,,,,,,,,,,,,,,,,,,,,,,,,,,,,
vr_deep_dcfr_plus,VR-DeepDCFR+,vr_deep_dcfr_plus,VR-DeepDCFR+,0,86,85,1700000,13415201.0,19150.708975088,0.11385655428909915,-0.09706458266723517,0.01145815858923517,0.010786280035972595,0.2367129921913147,0.18854846060276031,0.005436785984784365,0.00607325928285718,outer_iteration,,False,False,experiment_7_new_run,,,,,,,,,,,,,,,,,,,,,,,,,,,,
vr_deep_dcfr_plus,VR-DeepDCFR+,vr_deep_dcfr_plus,VR-DeepDCFR+,0,87,86,1720000,13572875.0,19378.460069169,0.11279314977999096,-0.09696656341058396,0.011360139332583966,0.010327314957976341,0.17183969914913177,0.15578018128871918,0.0064449249766767025,0.005064315628260374,outer_iteration,,False,False,experiment_7_new_run,,,,,,,,,,,,,,,,,,,,,,,,,,,,
vr_deep_dcfr_plus,VR-DeepDCFR+,vr_deep_dcfr_plus,VR-DeepDCFR+,0,88,87,1740000,13730818.0,19602.36805035,0.10938149253652867,-0.0931909542777041,0.0075845301997041065,0.011122592724859715,0.20251883566379547,0.1594434231519699,0.005171504337340593,0.006489122286438942,outer_iteration,,False,False,experiment_7_new_run,,,,,,,,,,,,,,,,,,,,,,,,,,,,
vr_deep_dcfr_plus,VR-DeepDCFR+,vr_deep_dcfr_plus,VR-DeepDCFR+,0,89,88,1760000,13888678.0,19827.300815397,0.10608706856721506,-0.09406044672372535,0.008454022645725354,0.011633221060037613,0.17740796506404877,0.16539649665355682,0.0069366623647511005,0.005083147902041674,outer_iteration,,False,False,experiment_7_new_run,,,,,,,,,,,,,,,,,,,,,,,,,,,,
vr_deep_dcfr_plus,VR-DeepDCFR+,vr_deep_dcfr_plus,VR-DeepDCFR+,0,90,89,1780000,14047508.0,20053.859522063998,0.10452809228855027,-0.09560765762618115,0.010001233548181152,0.010837976820766926,0.17104150354862213,0.16763097047805786,0.005414109211415052,0.006745599675923586,outer_iteration,,False,False,experiment_7_new_run,,,,,,,,,,,,,,,,,,,,,,,,,,,,
vr_deep_dcfr_plus,VR-DeepDCFR+,vr_deep_dcfr_plus,VR-DeepDCFR+,0,91,90,1800000,14205845.0,20280.596700391,0.11375284895140685,-0.09258726696597144,0.006980842887971447,0.010583721101284027,0.23760928213596344,0.18651072680950165,0.007292907685041428,0.0043156687170267105,outer_iteration,,False,False,experiment_7_new_run,,,,,,,,,,,,,,,,,,,,,,,,,,,,
vr_deep_dcfr_plus,VR-DeepDCFR+,vr_deep_dcfr_plus,VR-DeepDCFR+,0,92,91,1820000,14364148.0,20504.362789433,0.10106583468356845,-0.09738350272963792,0.01177707865163792,0.01159173995256424,0.18348954617977142,0.21512006223201752,0.005540506914258003,0.004874895326793194,outer_iteration,,False,False,experiment_7_new_run,,,,,,,,,,,,,,,,,,,,,,,,,,,,
vr_deep_dcfr_plus,VR-DeepDCFR+,vr_deep_dcfr_plus,VR-DeepDCFR+,0,93,92,1840000,14520583.0,20728.08467493,0.11380346007230721,-0.09667681830735891,0.011070394229358918,0.011690803803503513,0.18946832418441772,0.20138077437877655,0.005464476533234119,0.005266503430902958,outer_iteration,,False,False,experiment_7_new_run,,,,,,,,,,,,,,,,,,,,,,,,,,,,
vr_deep_dcfr_plus,VR-DeepDCFR+,vr_deep_dcfr_plus,VR-DeepDCFR+,0,94,93,1860000,14676481.0,20953.828160908,0.1170865692071609,-0.0940377388772726,0.008431314799272602,0.010176140815019608,0.21309374272823334,0.17424951493740082,0.005132368765771389,0.005310554523020983,outer_iteration,,False,False,experiment_7_new_run,,,,,,,,,,,,,,,,,,,,,,,,,,,,
vr_deep_dcfr_plus,VR-DeepDCFR+,vr_deep_dcfr_plus,VR-DeepDCFR+,0,95,94,1880000,14831825.0,21179.063900966,0.11786199745179872,-0.09413020362891719,0.008523779550917196,0.011292063631117344,0.22307276725769043,0.1731244921684265,0.006106183398514986,0.005906837061047554,outer_iteration,,False,False,experiment_7_new_run,,,,,,,,,,,,,,,,,,,,,,,,,,,,
vr_deep_dcfr_plus,VR-DeepDCFR+,vr_deep_dcfr_plus,VR-DeepDCFR+,0,96,95,1900000,14987247.0,21403.483756105,0.12338341186188792,-0.09257893082830049,0.006972506750300492,0.010467048734426498,0.20941199362277985,0.13223423063755035,0.005776562727987766,0.004904268309473991,outer_iteration,,False,False,experiment_7_new_run,,,,,,,,,,,,,,,,,,,,,,,,,,,,
vr_deep_dcfr_plus,VR-DeepDCFR+,vr_deep_dcfr_plus,VR-DeepDCFR+,0,97,96,1920000,15142984.0,21625.918964828998,0.12202063237398535,-0.09622985299250444,0.010623428914504449,0.011043856851756573,0.21648891270160675,0.2180638313293457,0.0060800607316195965,0.0057972874492406845,outer_iteration,,False,False,experiment_7_new_run,,,,,,,,,,,,,,,,,,,,,,,,,,,,
vr_deep_dcfr_plus,VR-DeepDCFR+,vr_deep_dcfr_plus,VR-DeepDCFR+,1,0,0,0,0.0,0.7487876010018226,2.373611111111111,-0.078125,0.007481424077999996,,,,,,initial_untrained_policy,,True,False,experiment_7_new_run,,,,,,,,,,,,,,,,,,,,,,,,,,,,
vr_deep_dcfr_plus,VR-DeepDCFR+,vr_deep_dcfr_plus,VR-DeepDCFR+,1,1,1,1407,10005.0,26.143544432001363,1.0122924937810747,0.012875133813239528,0.09848155789123952,2.6549628273642156e-08,,,,,early_node_threshold,10000,False,False,experiment_7_new_run,,,,,,,,,,,,,,,,,,,,,,,,,,,,
vr_deep_dcfr_plus,VR-DeepDCFR+,vr_deep_dcfr_plus,VR-DeepDCFR+,1,2,1,20000,130387.0,246.69409794500098,3.9997256214361943,1.0001359887218935,1.0857424127998934,1.778093263737901e-07,0.006940204184502363,0.3148399889469147,7.30588853303793e-11,0.0005359905771911144,outer_iteration,,False,False,experiment_7_new_run,,,,,,,,,,,,,,,,,,,,,,,,,,,,
vr_deep_dcfr_plus,VR-DeepDCFR+,vr_deep_dcfr_plus,VR-DeepDCFR+,1,3,2,40000,291003.0,490.84262107299946,3.846310379940072,0.8694555873113003,0.9550620113893004,0.13010360300540924,0.7081522941589355,0.41017258167266846,0.004272364545613527,0.0055620684288442135,outer_iteration,,False,False,experiment_7_new_run,,,,,,,,,,,,,,,,,,,,,,,,,,,,
vr_deep_dcfr_plus,VR-DeepDCFR+,vr_deep_dcfr_plus,VR-DeepDCFR+,1,4,3,60000,466281.0,732.2433375889996,2.5662942467481296,0.4473185949264941,0.5329250190044941,0.08731385320425034,0.5853255987167358,0.1949162483215332,0.007083625067025423,0.006171104498207569,outer_iteration,,False,False,experiment_7_new_run,,,,,,,,,,,,,,,,,,,,,,,,,,,,
vr_deep_dcfr_plus,VR-DeepDCFR+,vr_deep_dcfr_plus,VR-DeepDCFR+,1,5,4,80000,633161.0,967.4063326159994,1.8855411758527443,0.18370026137133894,0.26930668544933895,0.07456784695386887,0.3442032039165497,0.1268635094165802,0.007350009400397539,0.007216733880341053,outer_iteration,,False,False,experiment_7_new_run,,,,,,,,,,,,,,,,,,,,,,,,,,,,
vr_deep_dcfr_plus,VR-DeepDCFR+,vr_deep_dcfr_plus,VR-DeepDCFR+,1,6,5,100000,795438.0,1201.4829867570006,1.2214370726887953,0.09144566768509155,0.17705209176309156,0.06526961922645569,0.18939225375652313,0.06328019499778748,0.006706454791128635,0.006210205145180225,outer_iteration,,False,False,experiment_7_new_run,,,,,,,,,,,,,,,,,,,,,,,,,,,,
vr_deep_dcfr_plus,VR-DeepDCFR+,vr_deep_dcfr_plus,VR-DeepDCFR+,1,7,6,120000,958043.0,1431.9689059990014,0.7752100678558136,-0.03906036297520493,0.046546061102795064,0.05408532917499542,0.0834440067410469,0.07944008708000183,0.006387393921613693,0.006819012574851513,outer_iteration,,False,False,experiment_7_new_run,,,,,,,,,,,,,,,,,,,,,,,,,,,,
vr_deep_dcfr_plus,VR-DeepDCFR+,vr_deep_dcfr_plus,VR-DeepDCFR+,1,8,7,140000,1120622.0,1662.7447596710008,0.6025928276100315,-0.09762361874849326,0.012017194670493267,0.041078120470047,0.08805563300848007,0.054454606026411057,0.006065108813345432,0.005612460430711508,outer_iteration,,False,False,experiment_7_new_run,,,,,,,,,,,,,,,,,,,,,,,,,,,,
vr_deep_dcfr_plus,VR-DeepDCFR+,vr_deep_dcfr_plus,VR-DeepDCFR+,1,9,8,160000,1282439.0,1891.030594912001,0.45503937399843586,-0.12792497697643698,0.04231855289843699,0.03357909247279167,0.07456585019826889,0.048826929181814194,0.005734610371291637,0.006027315277606249,outer_iteration,,False,False,experiment_7_new_run,,,,,,,,,,,,,,,,,,,,,,,,,,,,
vr_deep_dcfr_plus,VR-DeepDCFR+,vr_deep_dcfr_plus,VR-DeepDCFR+,1,10,9,180000,1445274.0,2123.724665416001,0.4296984258266269,-0.1248721670254303,0.03926574294743031,0.028338521718978882,0.07770533114671707,0.08067027479410172,0.006239735521376133,0.0062089236453175545,outer_iteration,,False,False,experiment_7_new_run,,,,,,,,,,,,,,,,,,,,,,,,,,,,
vr_deep_dcfr_plus,VR-DeepDCFR+,vr_deep_dcfr_plus,VR-DeepDCFR+,1,11,10,200000,1608423.0,2353.395273585,0.363772707056131,-0.12145510429420782,0.03584868021620782,0.02558685839176178,0.09012586623430252,0.052209824323654175,0.0066040921956300735,0.006338411942124367,outer_iteration,,False,False,experiment_7_new_run,,,,,,,,,,,,,,,,,,,,,,,,,,,,
vr_deep_dcfr_plus,VR-DeepDCFR+,vr_deep_dcfr_plus,VR-DeepDCFR+,1,12,11,220000,1771363.0,2579.3459738290003,0.3427401993789734,-0.1052970712079801,0.0196906471299801,0.024784492328763008,0.09272167086601257,0.06391338258981705,0.007016079034656286,0.007158431690186262,outer_iteration,,False,False,experiment_7_new_run,,,,,,,,,,,,,,,,,,,,,,,,,,,,
vr_deep_dcfr_plus,VR-DeepDCFR+,vr_deep_dcfr_plus,VR-DeepDCFR+,1,13,12,240000,1932781.0,2807.024133905001,0.28700317918816687,-0.10507328476666132,0.019466860688661325,0.01988333649933338,0.09579470008611679,0.07266699522733688,0.006846495904028416,0.006410590838640928,outer_iteration,,False,False,experiment_7_new_run,,,,,,,,,,,,,,,,,,,,,,,,,,,,
vr_deep_dcfr_plus,VR-DeepDCFR+,vr_deep_dcfr_plus,VR-DeepDCFR+,1,14,13,260000,2094479.0,3039.1366709050017,0.2635477154421337,-0.10308231318403843,0.017475889106038436,0.019114812836050987,0.10255250334739685,0.08045542985200882,0.0061952960677444935,0.006770116742700338,outer_iteration,,False,False,experiment_7_new_run,,,,,,,,,,,,,,,,,,,,,,,,,,,,
vr_deep_dcfr_plus,VR-DeepDCFR+,vr_deep_dcfr_plus,VR-DeepDCFR+,1,15,14,280000,2256562.0,3267.0648933519988,0.21271848757000825,-0.11571965458763955,0.030113230509639557,0.020079275593161583,0.1538616418838501,0.16482919454574585,0.004635338205844164,0.004563166759908199,outer_iteration,,False,False,experiment_7_new_run,,,,,,,,,,,,,,,,,,,,,,,,,,,,
vr_deep_dcfr_plus,VR-DeepDCFR+,vr_deep_dcfr_plus,VR-DeepDCFR+,1,16,15,300000,2419199.0,3498.07931085,0.19174807896254908,-0.11820121152011487,0.03259478744211487,0.0178561732172966,0.1734372228384018,0.16438911855220795,0.006464075762778521,0.005914635024964809,outer_iteration,,False,False,experiment_7_new_run,,,,,,,,,,,,,,,,,,,,,,,,,,,,
vr_deep_dcfr_plus,VR-DeepDCFR+,vr_deep_dcfr_plus,VR-DeepDCFR+,1,17,16,320000,2582529.0,3727.1610317970008,0.1889681451640851,-0.11837675250955088,0.03277032843155088,0.019821757450699806,0.1730472296476364,0.14801473915576935,0.0037632687017321587,0.004025988280773163,outer_iteration,,False,False,experiment_7_new_run,,,,,,,,,,,,,,,,,,,,,,,,,,,,
vr_deep_dcfr_plus,VR-DeepDCFR+,vr_deep_dcfr_plus,VR-DeepDCFR+,1,18,17,340000,2745484.0,3958.9821091310005,0.18575263042108123,-0.11766157274769229,0.03205514866969229,0.01756179891526699,0.2033875584602356,0.18066497147083282,0.005425266921520233,0.0047302525490522385,outer_iteration,,False,False,experiment_7_new_run,,,,,,,,,,,,,,,,,,,,,,,,,,,,
vr_deep_dcfr_plus,VR-DeepDCFR+,vr_deep_dcfr_plus,VR-DeepDCFR+,1,19,18,360000,2909042.0,4189.094234052001,0.18822202615562061,-0.12014852964594452,0.03454210556794453,0.016171442344784737,0.20449618995189667,0.1061251163482666,0.0066438219510018826,0.005184530280530453,outer_iteration,,False,False,experiment_7_new_run,,,,,,,,,,,,,,,,,,,,,,,,,,,,
vr_deep_dcfr_plus,VR-DeepDCFR+,vr_deep_dcfr_plus,VR-DeepDCFR+,1,20,19,380000,3072513.0,4418.572923734002,0.18183317504840146,-0.12163227125551668,0.03602584717751668,0.01581919752061367,0.18478089570999146,0.16647745668888092,0.005199402570724487,0.004884491674602032,outer_iteration,,False,False,experiment_7_new_run,,,,,,,,,,,,,,,,,,,,,,,,,,,,
vr_deep_dcfr_plus,VR-DeepDCFR+,vr_deep_dcfr_plus,VR-DeepDCFR+,1,21,20,400000,3235072.0,4646.972114982,0.18579809691857263,-0.12493726859080273,0.039330844512802735,0.01506525743752718,0.20168423652648926,0.20691116154193878,0.0057462970726192,0.005274936091154814,outer_iteration,,False,False,experiment_7_new_run,,,,,,,,,,,,,,,,,,,,,,,,,,,,
vr_deep_dcfr_plus,VR-DeepDCFR+,vr_deep_dcfr_plus,VR-DeepDCFR+,1,22,21,420000,3397153.0,4877.494556701,0.17778790240495884,-0.12385428670824195,0.03824786263024195,0.014508034102618694,0.1437574028968811,0.2249888926744461,0.005650238133966923,0.005346538964658976,outer_iteration,,False,False,experiment_7_new_run,,,,,,,,,,,,,,,,,,,,,,,,,,,,
vr_deep_dcfr_plus,VR-DeepDCFR+,vr_deep_dcfr_plus,VR-DeepDCFR+,1,23,22,440000,3561411.0,5107.4494639879995,0.19717394731687765,-0.12260978549996249,0.03700336142196249,0.01524733379483223,0.13354083895683289,0.18164385855197906,0.005996440537273884,0.005007500294595957,outer_iteration,,False,False,experiment_7_new_run,,,,,,,,,,,,,,,,,,,,,,,,,,,,
vr_deep_dcfr_plus,VR-DeepDCFR+,vr_deep_dcfr_plus,VR-DeepDCFR+,1,24,23,460000,3724841.0,5335.599066282,0.18595899550738337,-0.11827533948906219,0.03266891541106219,0.015070297755300999,0.2310454398393631,0.1548851877450943,0.004995847586542368,0.00571352057158947,outer_iteration,,False,False,experiment_7_new_run,,,,,,,,,,,,,,,,,,,,,,,,,,,,
vr_deep_dcfr_plus,VR-DeepDCFR+,vr_deep_dcfr_plus,VR-DeepDCFR+,1,25,24,480000,3887590.0,5563.677654661002,0.18831077787173942,-0.11875169709764105,0.033145273019641056,0.014589309692382812,0.15507832169532776,0.1641959547996521,0.00589614175260067,0.00483838701620698,outer_iteration,,False,False,experiment_7_new_run,,,,,,,,,,,,,,,,,,,,,,,,,,,,
vr_deep_dcfr_plus,VR-DeepDCFR+,vr_deep_dcfr_plus,VR-DeepDCFR+,1,26,25,500000,4049658.0,5793.270248656001,0.19521559575465214,-0.11303454478973834,0.02742812071173835,0.0141637297347188,0.2154199331998825,0.17020247876644135,0.006104740314185619,0.005177689716219902,outer_iteration,,False,False,experiment_7_new_run,,,,,,,,,,,,,,,,,,,,,,,,,,,,
vr_deep_dcfr_plus,VR-DeepDCFR+,vr_deep_dcfr_plus,VR-DeepDCFR+,1,27,26,520000,4211475.0,6021.291633137,0.19776659186279472,-0.11306265964209111,0.027456235564091117,0.014286519028246403,0.18354512751102448,0.18973523378372192,0.004630003124475479,0.005606204271316528,outer_iteration,,False,False,experiment_7_new_run,,,,,,,,,,,,,,,,,,,,,,,,,,,,
vr_deep_dcfr_plus,VR-DeepDCFR+,vr_deep_dcfr_plus,VR-DeepDCFR+,1,28,27,540000,4374349.0,6249.446757026999,0.22150766057187482,-0.11674621138570654,0.031139787307706543,0.014695282094180584,0.1923224776983261,0.20770646631717682,0.007227885536849499,0.004827013239264488,outer_iteration,,False,False,experiment_7_new_run,,,,,,,,,,,,,,,,,,,,,,,,,,,,
vr_deep_dcfr_plus,VR-DeepDCFR+,vr_deep_dcfr_plus,VR-DeepDCFR+,1,29,28,560000,4537465.0,6478.356078089,0.184691940685289,-0.11187076821159847,0.026264344133598475,0.014394461177289486,0.1627463549375534,0.13218674063682556,0.005256174132227898,0.005412629339843988,outer_iteration,,False,False,experiment_7_new_run,,,,,,,,,,,,,,,,,,,,,,,,,,,,
vr_deep_dcfr_plus,VR-DeepDCFR+,vr_deep_dcfr_plus,VR-DeepDCFR+,1,30,29,580000,4700921.0,6708.747626787001,0.19810716674424658,-0.10478854772830187,0.019182123650301877,0.012811683118343353,0.20270295441150665,0.1815219670534134,0.005170569289475679,0.004841923713684082,outer_iteration,,False,False,experiment_7_new_run,,,,,,,,,,,,,,,,,,,,,,,,,,,,
vr_deep_dcfr_plus,VR-DeepDCFR+,vr_deep_dcfr_plus,VR-DeepDCFR+,1,31,30,600000,4864295.0,6937.195593547,0.1814710538449982,-0.11213800318558742,0.026531579107587425,0.012964699417352676,0.15659064054489136,0.14273028075695038,0.005777759477496147,0.005273738875985146,outer_iteration,,False,False,experiment_7_new_run,,,,,,,,,,,,,,,,,,,,,,,,,,,,
vr_deep_dcfr_plus,VR-DeepDCFR+,vr_deep_dcfr_plus,VR-DeepDCFR+,1,32,31,620000,5027949.0,7162.678487199999,0.1776514383730815,-0.11256184647321282,0.026955422395212827,0.012527436949312687,0.15225856006145477,0.1403948962688446,0.00515570305287838,0.0061926087364554405,outer_iteration,,False,False,experiment_7_new_run,,,,,,,,,,,,,,,,,,,,,,,,,,,,
vr_deep_dcfr_plus,VR-DeepDCFR+,vr_deep_dcfr_plus,VR-DeepDCFR+,1,33,32,640000,5190033.0,7390.356482349001,0.1692914348434722,-0.11230399671102873,0.02669757263302873,0.01194156426936388,0.1504867523908615,0.1640428602695465,0.005563703365623951,0.006025546230375767,outer_iteration,,False,False,experiment_7_new_run,,,,,,,,,,,,,,,,,,,,,,,,,,,,
vr_deep_dcfr_plus,VR-DeepDCFR+,vr_deep_dcfr_plus,VR-DeepDCFR+,1,34,33,660000,5351025.0,7620.530741421,0.17512272455556754,-0.1167579989993432,0.031151574921343197,0.014460253529250622,0.1955021470785141,0.22690288722515106,0.006203501485288143,0.005711092613637447,outer_iteration,,False,False,experiment_7_new_run,,,,,,,,,,,,,,,,,,,,,,,,,,,,
vr_deep_dcfr_plus,VR-DeepDCFR+,vr_deep_dcfr_plus,VR-DeepDCFR+,1,35,34,680000,5512238.0,7848.212251563,0.15399730243249046,-0.11331402802087576,0.02770760394287576,0.011971945874392986,0.1922968477010727,0.1598822921514511,0.004900372587144375,0.005804063752293587,outer_iteration,,False,False,experiment_7_new_run,,,,,,,,,,,,,,,,,,,,,,,,,,,,
vr_deep_dcfr_plus,VR-DeepDCFR+,vr_deep_dcfr_plus,VR-DeepDCFR+,1,36,35,700000,5674223.0,8075.7270361340015,0.15472436699476694,-0.1154803718230912,0.02987394774509121,0.012972674332559109,0.1782933622598648,0.15401741862297058,0.005783486180007458,0.004747869912534952,outer_iteration,,False,False,experiment_7_new_run,,,,,,,,,,,,,,,,,,,,,,,,,,,,
vr_deep_dcfr_plus,VR-DeepDCFR+,vr_deep_dcfr_plus,VR-DeepDCFR+,1,37,36,720000,5836083.0,8304.252072779,0.171961057883367,-0.11435590391359124,0.028749479835591243,0.012122283689677715,0.1521737426519394,0.18104632198810577,0.0045290542766451836,0.005120507907122374,outer_iteration,,False,False,experiment_7_new_run,,,,,,,,,,,,,,,,,,,,,,,,,,,,
vr_deep_dcfr_plus,VR-DeepDCFR+,vr_deep_dcfr_plus,VR-DeepDCFR+,1,38,37,740000,5997612.0,8534.934099050999,0.15836103595211742,-0.1179948297932491,0.032388405715249105,0.013944897800683975,0.17058062553405762,0.1592576801776886,0.00559808686375618,0.004358919803053141,outer_iteration,,False,False,experiment_7_new_run,,,,,,,,,,,,,,,,,,,,,,,,,,,,
vr_deep_dcfr_plus,VR-DeepDCFR+,vr_deep_dcfr_plus,VR-DeepDCFR+,1,39,38,760000,6158745.0,8763.330249575,0.16481291601925294,-0.10805243853390675,0.022446014455906757,0.012964613735675812,0.21179914474487305,0.13390611112117767,0.006357233971357346,0.0058285086415708065,outer_iteration,,False,False,experiment_7_new_run,,,,,,,,,,,,,,,,,,,,,,,,,,,,
vr_deep_dcfr_plus,VR-DeepDCFR+,vr_deep_dcfr_plus,VR-DeepDCFR+,1,40,39,780000,6319683.0,8990.063635925002,0.14798331118710412,-0.119256184559208,0.033649760481208005,0.013269360177218914,0.19436149299144745,0.14654016494750977,0.006524631753563881,0.00532035157084465,outer_iteration,,False,False,experiment_7_new_run,,,,,,,,,,,,,,,,,,,,,,,,,,,,
vr_deep_dcfr_plus,VR-DeepDCFR+,vr_deep_dcfr_plus,VR-DeepDCFR+,1,41,40,800000,6480314.0,9217.87632114,0.1586643689662562,-0.11497189709482439,0.029365473016824392,0.013492241501808167,0.17042823135852814,0.15333618223667145,0.005431007128208876,0.0055740224197506905,outer_iteration,,False,False,experiment_7_new_run,,,,,,,,,,,,,,,,,,,,,,,,,,,,
vr_deep_dcfr_plus,VR-DeepDCFR+,vr_deep_dcfr_plus,VR-DeepDCFR+,1,42,41,820000,6640778.0,9447.353787650001,0.1563862392444757,-0.11890321365479259,0.03329678957679259,0.011954338289797306,0.18061606585979462,0.19213688373565674,0.0068062227219343185,0.0061969091184437275,outer_iteration,,False,False,experiment_7_new_run,,,,,,,,,,,,,,,,,,,,,,,,,,,,
vr_deep_dcfr_plus,VR-DeepDCFR+,vr_deep_dcfr_plus,VR-DeepDCFR+,1,43,42,840000,6801911.0,9672.813599903999,0.1482752248731276,-0.11642900417620716,0.030822580098207167,0.013438544236123562,0.23442018032073975,0.18233509361743927,0.006908651906996965,0.005846960470080376,outer_iteration,,False,False,experiment_7_new_run,,,,,,,,,,,,,,,,,,,,,,,,,,,,
vr_deep_dcfr_plus,VR-DeepDCFR+,vr_deep_dcfr_plus,VR-DeepDCFR+,1,44,43,860000,6964220.0,9899.313885560001,0.17448282948293187,-0.11521508159187643,0.029608657513876438,0.012185725383460522,0.18466265499591827,0.14063362777233124,0.0058784810826182365,0.005160598549991846,outer_iteration,,False,False,experiment_7_new_run,,,,,,,,,,,,,,,,,,,,,,,,,,,,
vr_deep_dcfr_plus,VR-DeepDCFR+,vr_deep_dcfr_plus,VR-DeepDCFR+,1,45,44,880000,7124992.0,10127.635166791999,0.15224654868084392,-0.1112205760931578,0.025614152015157807,0.013589337468147278,0.1629747897386551,0.19215375185012817,0.007367283571511507,0.005956290289759636,outer_iteration,,False,False,experiment_7_new_run,,,,,,,,,,,,,,,,,,,,,,,,,,,,
vr_deep_dcfr_plus,VR-DeepDCFR+,vr_deep_dcfr_plus,VR-DeepDCFR+,1,46,45,900000,7285227.0,10356.182361755,0.14355606459664286,-0.11263839872091469,0.027031974642914694,0.013644739054143429,0.1602533608675003,0.14927463233470917,0.005504792556166649,0.005600692238658667,outer_iteration,,False,False,experiment_7_new_run,,,,,,,,,,,,,,,,,,,,,,,,,,,,
vr_deep_dcfr_plus,VR-DeepDCFR+,vr_deep_dcfr_plus,VR-DeepDCFR+,1,47,46,920000,7445278.0,10582.931254727999,0.1484130771479503,-0.110679025498163,0.025072601420163,0.01216185837984085,0.16969244182109833,0.13937272131443024,0.006297584157437086,0.004062599502503872,outer_iteration,,False,False,experiment_7_new_run,,,,,,,,,,,,,,,,,,,,,,,,,,,,
vr_deep_dcfr_plus,VR-DeepDCFR+,vr_deep_dcfr_plus,VR-DeepDCFR+,1,48,47,940000,7604804.0,10808.327078429,0.1402708459793559,-0.1048496109979129,0.019243186919912905,0.012271965853869915,0.20129358768463135,0.1650616079568863,0.006117279641330242,0.005517184268683195,outer_iteration,,False,False,experiment_7_new_run,,,,,,,,,,,,,,,,,,,,,,,,,,,,
vr_deep_dcfr_plus,VR-DeepDCFR+,vr_deep_dcfr_plus,VR-DeepDCFR+,1,49,48,960000,7763202.0,11033.613248937003,0.13208128442345335,-0.1071054013010847,0.021498977223084706,0.01230824738740921,0.14399927854537964,0.17697173357009888,0.0055551063269376755,0.005450080148875713,outer_iteration,,False,False,experiment_7_new_run,,,,,,,,,,,,,,,,,,,,,,,,,,,,
vr_deep_dcfr_plus,VR-DeepDCFR+,vr_deep_dcfr_plus,VR-DeepDCFR+,1,50,49,980000,7920762.0,11259.839813634997,0.17097878520204843,-0.10939574438679256,0.023789320308792564,0.012488383799791336,0.1465952843427658,0.18848378956317902,0.005648796912282705,0.005238810088485479,outer_iteration,,False,False,experiment_7_new_run,,,,,,,,,,,,,,,,,,,,,,,,,,,,
vr_deep_dcfr_plus,VR-DeepDCFR+,vr_deep_dcfr_plus,VR-DeepDCFR+,1,51,50,1000000,8077956.0,11483.112856984004,0.133942099282221,-0.10649140319471367,0.02088497911671368,0.011321756057441235,0.19331173598766327,0.11831236630678177,0.006162739358842373,0.007083704695105553,outer_iteration,,False,False,experiment_7_new_run,,,,,,,,,,,,,,,,,,,,,,,,,,,,
vr_deep_dcfr_plus,VR-DeepDCFR+,vr_deep_dcfr_plus,VR-DeepDCFR+,1,52,51,1020000,8234759.0,11706.993221244997,0.14072853381735506,-0.10652082529743714,0.020914401219437148,0.01321257371455431,0.20960639417171478,0.18858347833156586,0.005887383129447699,0.005542337894439697,outer_iteration,,False,False,experiment_7_new_run,,,,,,,,,,,,,,,,,,,,,,,,,,,,
vr_deep_dcfr_plus,VR-DeepDCFR+,vr_deep_dcfr_plus,VR-DeepDCFR+,1,53,52,1040000,8391871.0,11931.922415110002,0.14344280499152318,-0.10580201954710522,0.020195595469105224,0.013643224723637104,0.19783997535705566,0.1107158437371254,0.0062737721018493176,0.005221429746598005,outer_iteration,,False,False,experiment_7_new_run,,,,,,,,,,,,,,,,,,,,,,,,,,,,
vr_deep_dcfr_plus,VR-DeepDCFR+,vr_deep_dcfr_plus,VR-DeepDCFR+,1,54,53,1060000,8550639.0,12157.907338496003,0.1403681174762893,-0.10460626964244008,0.01899984556444008,0.012256797403097153,0.270891398191452,0.15996764600276947,0.004483125638216734,0.004404368810355663,outer_iteration,,False,False,experiment_7_new_run,,,,,,,,,,,,,,,,,,,,,,,,,,,,
vr_deep_dcfr_plus,VR-DeepDCFR+,vr_deep_dcfr_plus,VR-DeepDCFR+,1,55,54,1080000,8709075.0,12382.621232203997,0.13987717766258828,-0.10876168404977637,0.02315525997177638,0.011736489832401276,0.16400359570980072,0.20538175106048584,0.006364433094859123,0.005558661185204983,outer_iteration,,False,False,experiment_7_new_run,,,,,,,,,,,,,,,,,,,,,,,,,,,,
vr_deep_dcfr_plus,VR-DeepDCFR+,vr_deep_dcfr_plus,VR-DeepDCFR+,1,56,55,1100000,8866490.0,12606.148056291004,0.12443887548217604,-0.10381911248531384,0.01821268840731384,0.013592541217803955,0.15841294825077057,0.14785604178905487,0.004925348795950413,0.004547379910945892,outer_iteration,,False,False,experiment_7_new_run,,,,,,,,,,,,,,,,,,,,,,,,,,,,
vr_deep_dcfr_plus,VR-DeepDCFR+,vr_deep_dcfr_plus,VR-DeepDCFR+,1,57,56,1120000,9024508.0,12831.964848635998,0.14775769137991346,-0.10198083182628168,0.01637440774828168,0.012841790914535522,0.14793217182159424,0.17124688625335693,0.005405603442341089,0.006407448090612888,outer_iteration,,False,False,experiment_7_new_run,,,,,,,,,,,,,,,,,,,,,,,,,,,,
vr_deep_dcfr_plus,VR-DeepDCFR+,vr_deep_dcfr_plus,VR-DeepDCFR+,1,58,57,1140000,9182966.0,13059.845936629,0.12346426721405766,-0.099948585500645,0.014342161422645008,0.011718959547579288,0.16213910281658173,0.145274356007576,0.005409787874668837,0.005330909043550491,outer_iteration,,False,False,experiment_7_new_run,,,,,,,,,,,,,,,,,,,,,,,,,,,,
vr_deep_dcfr_plus,VR-DeepDCFR+,vr_deep_dcfr_plus,VR-DeepDCFR+,1,59,58,1160000,9341068.0,13283.711816451,0.13679945521635273,-0.0989258085903092,0.013319384512309199,0.012036744505167007,0.19544225931167603,0.1631356030702591,0.005450930446386337,0.0063682058826088905,outer_iteration,,False,False,experiment_7_new_run,,,,,,,,,,,,,,,,,,,,,,,,,,,,
vr_deep_dcfr_plus,VR-DeepDCFR+,vr_deep_dcfr_plus,VR-DeepDCFR+,1,60,59,1180000,9498636.0,13507.245777334003,0.12724391478407665,-0.1019588553798352,0.01635243130183521,0.012804201804101467,0.2868702709674835,0.17824171483516693,0.007345358841121197,0.00569934630766511,outer_iteration,,False,False,experiment_7_new_run,,,,,,,,,,,,,,,,,,,,,,,,,,,,
vr_deep_dcfr_plus,VR-DeepDCFR+,vr_deep_dcfr_plus,VR-DeepDCFR+,1,61,60,1200000,9655580.0,13731.729025374003,0.1268351864438841,-0.09950128476073677,0.013894860682736779,0.013694346882402897,0.16916309297084808,0.17009615898132324,0.007132603786885738,0.0050265430472791195,outer_iteration,,False,False,experiment_7_new_run,,,,,,,,,,,,,,,,,,,,,,,,,,,,
vr_deep_dcfr_plus,VR-DeepDCFR+,vr_deep_dcfr_plus,VR-DeepDCFR+,1,62,61,1220000,9812274.0,13957.716412792997,0.12551484680384117,-0.10117067265890678,0.015564248580906784,0.011745321564376354,0.15122532844543457,0.18262024223804474,0.005448224488645792,0.00717689236626029,outer_iteration,,False,False,experiment_7_new_run,,,,,,,,,,,,,,,,,,,,,,,,,,,,
vr_deep_dcfr_plus,VR-DeepDCFR+,vr_deep_dcfr_plus,VR-DeepDCFR+,1,63,62,1240000,9968692.0,14181.263433721997,0.12984127183334204,-0.09798549204743609,0.012379067969436094,0.010917927138507366,0.16710595786571503,0.17551450431346893,0.005561811849474907,0.004517938010394573,outer_iteration,,False,False,experiment_7_new_run,,,,,,,,,,,,,,,,,,,,,,,,,,,,
vr_deep_dcfr_plus,VR-DeepDCFR+,vr_deep_dcfr_plus,VR-DeepDCFR+,1,64,63,1260000,10124884.0,14405.167067093,0.13191470369540464,-0.09517836873549673,0.009571944657496737,0.012416443787515163,0.22008322179317474,0.1655547171831131,0.005931869149208069,0.006577707827091217,outer_iteration,,False,False,experiment_7_new_run,,,,,,,,,,,,,,,,,,,,,,,,,,,,
vr_deep_dcfr_plus,VR-DeepDCFR+,vr_deep_dcfr_plus,VR-DeepDCFR+,1,65,64,1280000,10281590.0,14629.964128062998,0.13723993133136342,-0.09833522873346384,0.012728804655463846,0.011970031075179577,0.17516671121120453,0.18014521896839142,0.006393352523446083,0.006751870736479759,outer_iteration,,False,False,experiment_7_new_run,,,,,,,,,,,,,,,,,,,,,,,,,,,,
vr_deep_dcfr_plus,VR-DeepDCFR+,vr_deep_dcfr_plus,VR-DeepDCFR+,1,66,65,1300000,10437515.0,14857.124265501003,0.128291199857559,-0.09804972255522867,0.012443298477228679,0.0118030346930027,0.2189859300851822,0.1753453016281128,0.005722554866224527,0.005503736436367035,outer_iteration,,False,False,experiment_7_new_run,,,,,,,,,,,,,,,,,,,,,,,,,,,,
vr_deep_dcfr_plus,VR-DeepDCFR+,vr_deep_dcfr_plus,VR-DeepDCFR+,1,67,66,1320000,10594018.0,15080.386825785,0.13557491475873668,-0.09934947219428741,0.013743048116287418,0.013740518130362034,0.20158684253692627,0.18612755835056305,0.005033319350332022,0.005901471246033907,outer_iteration,,False,False,experiment_7_new_run,,,,,,,,,,,,,,,,,,,,,,,,,,,,
vr_deep_dcfr_plus,VR-DeepDCFR+,vr_deep_dcfr_plus,VR-DeepDCFR+,1,68,67,1340000,10751100.0,15303.217233658997,0.13921424461026727,-0.09357714192020194,0.00797071784220195,0.012570302933454514,0.1893244832754135,0.2046899050474167,0.006059435661882162,0.0056049879640340805,outer_iteration,,False,False,experiment_7_new_run,,,,,,,,,,,,,,,,,,,,,,,,,,,,
vr_deep_dcfr_plus,VR-DeepDCFR+,vr_deep_dcfr_plus,VR-DeepDCFR+,1,69,68,1360000,10909051.0,15528.724275734003,0.12669608729448234,-0.09824314301937048,0.012636718941370487,0.01150545384734869,0.2482168823480606,0.17544835805892944,0.004958178382366896,0.006859134417027235,outer_iteration,,False,False,experiment_7_new_run,,,,,,,,,,,,,,,,,,,,,,,,,,,,
vr_deep_dcfr_plus,VR-DeepDCFR+,vr_deep_dcfr_plus,VR-DeepDCFR+,1,70,69,1380000,11067562.0,15755.519598472998,0.14597234600285702,-0.09314338540105796,0.007536961323057964,0.011979270726442337,0.13569147884845734,0.14565826952457428,0.00664344010874629,0.006444666534662247,outer_iteration,,False,False,experiment_7_new_run,,,,,,,,,,,,,,,,,,,,,,,,,,,,
vr_deep_dcfr_plus,VR-DeepDCFR+,vr_deep_dcfr_plus,VR-DeepDCFR+,1,71,70,1400000,11226906.0,15981.665463545,0.1165458930568955,-0.09472522584393794,0.009118801765937948,0.012866648845374584,0.13350747525691986,0.12085572630167007,0.006683738902211189,0.0052118743769824505,outer_iteration,,False,False,experiment_7_new_run,,,,,,,,,,,,,,,,,,,,,,,,,,,,
vr_deep_dcfr_plus,VR-DeepDCFR+,vr_deep_dcfr_plus,VR-DeepDCFR+,1,72,71,1420000,11384961.0,16205.429979703997,0.15748947513363148,-0.09287099243499064,0.007264568356990644,0.012652185745537281,0.19880886375904083,0.17465446889400482,0.005200458224862814,0.006446984596550465,outer_iteration,,False,False,experiment_7_new_run,,,,,,,,,,,,,,,,,,,,,,,,,,,,
vr_deep_dcfr_plus,VR-DeepDCFR+,vr_deep_dcfr_plus,VR-DeepDCFR+,1,73,72,1440000,11543710.0,16431.687544463002,0.12276995274450263,-0.09061828863562121,0.005011864557621218,0.014927285723388195,0.21093964576721191,0.15673227608203888,0.006366143934428692,0.00493266899138689,outer_iteration,,False,False,experiment_7_new_run,,,,,,,,,,,,,,,,,,,,,,,,,,,,
vr_deep_dcfr_plus,VR-DeepDCFR+,vr_deep_dcfr_plus,VR-DeepDCFR+,1,74,73,1460000,11702096.0,16662.350180136997,0.12769428377888692,-0.09019172861635588,0.004585304538355886,0.013409856706857681,0.18247608840465546,0.15326961874961853,0.005362165626138449,0.005788932554423809,outer_iteration,,False,False,experiment_7_new_run,,,,,,,,,,,,,,,,,,,,,,,,,,,,
vr_deep_dcfr_plus,VR-DeepDCFR+,vr_deep_dcfr_plus,VR-DeepDCFR+,1,75,74,1480000,11860057.0,16890.024649138,0.12442162011803541,-0.09110218864614608,0.005495764568146086,0.012093108147382736,0.1691313236951828,0.19972462952136993,0.006526379846036434,0.005898726172745228,outer_iteration,,False,False,experiment_7_new_run,,,,,,,,,,,,,,,,,,,,,,,,,,,,
vr_deep_dcfr_plus,VR-DeepDCFR+,vr_deep_dcfr_plus,VR-DeepDCFR+,1,76,75,1500000,12019243.0,17115.475492695,0.11915010335262284,-0.09802544652277273,0.012419022444772734,0.012516007758677006,0.18605045974254608,0.1857905387878418,0.005512877367436886,0.006458785384893417,outer_iteration,,False,False,experiment_7_new_run,,,,,,,,,,,,,,,,,,,,,,,,,,,,
vr_deep_dcfr_plus,VR-DeepDCFR+,vr_deep_dcfr_plus,VR-DeepDCFR+,1,77,76,1520000,12178468.0,17342.243252949,0.1286684620574589,-0.09418295096990772,0.00857652689190773,0.012422685511410236,0.17674250900745392,0.1641925722360611,0.0054667494259774685,0.004570202436298132,outer_iteration,,False,False,experiment_7_new_run,,,,,,,,,,,,,,,,,,,,,,,,,,,,
vr_deep_dcfr_plus,VR-DeepDCFR+,vr_deep_dcfr_plus,VR-DeepDCFR+,1,78,77,1540000,12337996.0,17569.211623408,0.1294185380228407,-0.09245719939115285,0.006850775313152854,0.012152079492807388,0.14696840941905975,0.13595464825630188,0.007882041856646538,0.004483137745410204,outer_iteration,,False,False,experiment_7_new_run,,,,,,,,,,,,,,,,,,,,,,,,,,,,
vr_deep_dcfr_plus,VR-DeepDCFR+,vr_deep_dcfr_plus,VR-DeepDCFR+,1,79,78,1560000,12496040.0,17793.660463274,0.1197639358466338,-0.09427521158920227,0.008668787511202272,0.012998447753489017,0.14045830070972443,0.20614802837371826,0.0060309977270662785,0.0052088103257119656,outer_iteration,,False,False,experiment_7_new_run,,,,,,,,,,,,,,,,,,,,,,,,,,,,
vr_deep_dcfr_plus,VR-DeepDCFR+,vr_deep_dcfr_plus,VR-DeepDCFR+,1,80,79,1580000,12652721.0,18016.375838645003,0.13446290555650198,-0.092067331074134,0.006460906996134011,0.012124285101890564,0.14966236054897308,0.1924922615289688,0.006401536054909229,0.005078037269413471,outer_iteration,,False,False,experiment_7_new_run,,,,,,,,,,,,,,,,,,,,,,,,,,,,
vr_deep_dcfr_plus,VR-DeepDCFR+,vr_deep_dcfr_plus,VR-DeepDCFR+,1,81,80,1600000,12809341.0,18240.961626533,0.10660232088209602,-0.09090809649535958,0.005301672417359585,0.010806816630065441,0.17264080047607422,0.2162804752588272,0.005103184841573238,0.005362831521779299,outer_iteration,,False,False,experiment_7_new_run,,,,,,,,,,,,,,,,,,,,,,,,,,,,
vr_deep_dcfr_plus,VR-DeepDCFR+,vr_deep_dcfr_plus,VR-DeepDCFR+,1,82,81,1620000,12965674.0,18466.990896034997,0.11070945469138657,-0.08977005989446557,0.004163635816465575,0.011520742438733578,0.19452910125255585,0.14816683530807495,0.005412218160927296,0.00528688495978713,outer_iteration,,False,False,experiment_7_new_run,,,,,,,,,,,,,,,,,,,,,,,,,,,,
vr_deep_dcfr_plus,VR-DeepDCFR+,vr_deep_dcfr_plus,VR-DeepDCFR+,1,83,82,1640000,13121312.0,18689.073408040003,0.12217371713708962,-0.08823583412733282,0.002629410049332828,0.011000500060617924,0.1843387633562088,0.15101590752601624,0.005418044980615377,0.004881603177636862,outer_iteration,,False,False,experiment_7_new_run,,,,,,,,,,,,,,,,,,,,,,,,,,,,
vr_deep_dcfr_plus,VR-DeepDCFR+,vr_deep_dcfr_plus,VR-DeepDCFR+,1,84,83,1660000,13277044.0,18911.551007983002,0.10248321765144316,-0.09505763083722701,0.009451206759227018,0.012407182715833187,0.20036160945892334,0.15849126875400543,0.004726119339466095,0.005315775983035564,outer_iteration,,False,False,experiment_7_new_run,,,,,,,,,,,,,,,,,,,,,,,,,,,,
vr_deep_dcfr_plus,VR-DeepDCFR+,vr_deep_dcfr_plus,VR-DeepDCFR+,1,85,84,1680000,13434300.0,19137.870731945997,0.11928155636652525,-0.0893511670785071,0.003744743000507103,0.013387409038841724,0.16587625443935394,0.1982622593641281,0.005680789705365896,0.006712850648909807,outer_iteration,,False,False,experiment_7_new_run,,,,,,,,,,,,,,,,,,,,,,,,,,,,
vr_deep_dcfr_plus,VR-DeepDCFR+,vr_deep_dcfr_plus,VR-DeepDCFR+,1,86,85,1700000,13591515.0,19365.233044427,0.10955410157318568,-0.09131179546895174,0.005705371390951744,0.011971786618232727,0.1564929485321045,0.15454834699630737,0.006130747497081757,0.005262070335447788,outer_iteration,,False,False,experiment_7_new_run,,,,,,,,,,,,,,,,,,,,,,,,,,,,
vr_deep_dcfr_plus,VR-DeepDCFR+,vr_deep_dcfr_plus,VR-DeepDCFR+,1,87,86,1720000,13749339.0,19591.174146496003,0.1155287086341425,-0.08609359883145967,0.00048717475345967653,0.011829059571027756,0.17053872346878052,0.15106652677059174,0.005902497563511133,0.005451573058962822,outer_iteration,,False,False,experiment_7_new_run,,,,,,,,,,,,,,,,,,,,,,,,,,,,
vr_deep_dcfr_plus,VR-DeepDCFR+,vr_deep_dcfr_plus,VR-DeepDCFR+,1,88,87,1740000,13907459.0,19816.454839750997,0.12091751419345845,-0.08908950171139979,0.003483077633399792,0.012010008096694946,0.1860218048095703,0.1704697161912918,0.004025508649647236,0.005810088012367487,outer_iteration,,False,False,experiment_7_new_run,,,,,,,,,,,,,,,,,,,,,,,,,,,,
vr_deep_dcfr_plus,VR-DeepDCFR+,vr_deep_dcfr_plus,VR-DeepDCFR+,1,89,88,1760000,14064504.0,20041.943664677,0.14321313862915358,-0.0864469791713624,0.0008405550933624079,0.011520225554704666,0.1992010921239853,0.13343916833400726,0.004292212892323732,0.005188946612179279,outer_iteration,,False,False,experiment_7_new_run,,,,,,,,,,,,,,,,,,,,,,,,,,,,
vr_deep_dcfr_plus,VR-DeepDCFR+,vr_deep_dcfr_plus,VR-DeepDCFR+,1,90,89,1780000,14221067.0,20269.317119180003,0.10831584713103982,-0.0895777253192313,0.003971301241231309,0.011339747346937656,0.19840790331363678,0.14932306110858917,0.004705642815679312,0.005808870308101177,outer_iteration,,False,False,experiment_7_new_run,,,,,,,,,,,,,,,,,,,,,,,,,,,,
vr_deep_dcfr_plus,VR-DeepDCFR+,vr_deep_dcfr_plus,VR-DeepDCFR+,1,91,90,1800000,14378282.0,20494.430674020998,0.11479212519438296,-0.08894028611248816,0.003333862034488169,0.013047092594206333,0.17599444091320038,0.15890564024448395,0.006259845569729805,0.005792046897113323,outer_iteration,,False,False,experiment_7_new_run,,,,,,,,,,,,,,,,,,,,,,,,,,,,
vr_deep_dcfr_plus,VR-DeepDCFR+,vr_deep_dcfr_plus,VR-DeepDCFR+,1,92,91,1820000,14535034.0,20718.479586816004,0.1524468771676699,-0.09220108132934951,0.006594657251349514,0.010860859416425228,0.2453993409872055,0.12140867859125137,0.004581870511174202,0.0055445400066673756,outer_iteration,,False,False,experiment_7_new_run,,,,,,,,,,,,,,,,,,,,,,,,,,,,
vr_deep_dcfr_plus,VR-DeepDCFR+,vr_deep_dcfr_plus,VR-DeepDCFR+,1,93,92,1840000,14692822.0,20943.293941419,0.12157173567071772,-0.08765935991505863,0.0020529358370586365,0.011495180428028107,0.21271836757659912,0.15237300097942352,0.005846161395311356,0.005067379213869572,outer_iteration,,False,False,experiment_7_new_run,,,,,,,,,,,,,,,,,,,,,,,,,,,,
vr_deep_dcfr_plus,VR-DeepDCFR+,vr_deep_dcfr_plus,VR-DeepDCFR+,1,94,93,1860000,14850104.0,21170.495053978,0.1279318034397252,-0.09136199147457869,0.00575556739657869,0.011917446739971638,0.20597314834594727,0.15688125789165497,0.004852745216339827,0.004874436184763908,outer_iteration,,False,False,experiment_7_new_run,,,,,,,,,,,,,,,,,,,,,,,,,,,,
vr_deep_dcfr_plus,VR-DeepDCFR+,vr_deep_dcfr_plus,VR-DeepDCFR+,1,95,94,1880000,15007390.0,21396.717345626002,0.11544144232378976,-0.09133525922271885,0.00572883514471885,0.011728507466614246,0.21443597972393036,0.14423026144504547,0.006242231000214815,0.006999100558459759,outer_iteration,,False,False,experiment_7_new_run,,,,,,,,,,,,,,,,,,,,,,,,,,,,
vr_deep_dcfr_plus,VR-DeepDCFR+,vr_deep_dcfr_plus,VR-DeepDCFR+,2,0,0,0,0.0,0.7495998970043729,2.373611111111111,-0.078125,0.007481424077999996,,,,,,initial_untrained_policy,,True,False,experiment_7_new_run,,,,,,,,,,,,,,,,,,,,,,,,,,,,
vr_deep_dcfr_plus,VR-DeepDCFR+,vr_deep_dcfr_plus,VR-DeepDCFR+,2,1,1,1403,10000.0,26.183876604001853,1.000158558129291,2.0281088988119422e-05,0.08562670516698812,4.5036693818722995e-10,,,,,early_node_threshold,10000,False,False,experiment_7_new_run,,,,,,,,,,,,,,,,,,,,,,,,,,,,
vr_deep_dcfr_plus,VR-DeepDCFR+,vr_deep_dcfr_plus,VR-DeepDCFR+,2,2,1,20000,134906.0,243.64663738300442,1.8668801224226055,0.9999919911384461,1.085598415216446,2.174064803739384e-07,0.007018237840384245,0.540410578250885,2.251890063309503e-10,0.0033267291728407145,outer_iteration,,False,False,experiment_7_new_run,,,,,,,,,,,,,,,,,,,,,,,,,,,,
vr_deep_dcfr_plus,VR-DeepDCFR+,vr_deep_dcfr_plus,VR-DeepDCFR+,2,3,2,40000,256752.0,457.9568875879995,2.0313930939542026,1.0191820009428005,1.1047884250208004,0.033923592418432236,0.4794439375400543,0.49906715750694275,0.003686490235850215,0.004163315519690514,outer_iteration,,False,False,experiment_7_new_run,,,,,,,,,,,,,,,,,,,,,,,,,,,,
vr_deep_dcfr_plus,VR-DeepDCFR+,vr_deep_dcfr_plus,VR-DeepDCFR+,2,4,3,60000,413849.0,693.9398451310044,1.5507129816961174,-0.06469097303411298,0.02091545104388702,0.13709500432014465,0.2817610800266266,0.21610598266124725,0.005338556133210659,0.005921248346567154,outer_iteration,,False,False,experiment_7_new_run,,,,,,,,,,,,,,,,,,,,,,,,,,,,
vr_deep_dcfr_plus,VR-DeepDCFR+,vr_deep_dcfr_plus,VR-DeepDCFR+,2,5,4,80000,576564.0,930.5422421219992,1.0836131749774838,-0.031109330590795348,0.05449709348720465,0.10399642586708069,0.19552135467529297,0.15674737095832825,0.007076079025864601,0.006056300364434719,outer_iteration,,False,False,experiment_7_new_run,,,,,,,,,,,,,,,,,,,,,,,,,,,,
vr_deep_dcfr_plus,VR-DeepDCFR+,vr_deep_dcfr_plus,VR-DeepDCFR+,2,6,5,100000,739271.0,1166.3211588539998,0.8230844207650982,0.053825053010825574,0.13943147708882558,0.06722485274076462,0.21406406164169312,0.14898145198822021,0.006362603511661291,0.006912142504006624,outer_iteration,,False,False,experiment_7_new_run,,,,,,,,,,,,,,,,,,,,,,,,,,,,
vr_deep_dcfr_plus,VR-DeepDCFR+,vr_deep_dcfr_plus,VR-DeepDCFR+,2,7,6,120000,901112.0,1402.6228238160038,0.6590587212357991,-0.022399378765950745,0.06320704531204925,0.054475557059049606,0.16547328233718872,0.12089627236127853,0.006399845704436302,0.006987153552472591,outer_iteration,,False,False,experiment_7_new_run,,,,,,,,,,,,,,,,,,,,,,,,,,,,
vr_deep_dcfr_plus,VR-DeepDCFR+,vr_deep_dcfr_plus,VR-DeepDCFR+,2,8,7,140000,1061785.0,1635.829594611001,0.5438872169045259,-0.045108157991755216,0.04049826608624478,0.04311607778072357,0.07367554306983948,0.11656010150909424,0.0055910092778503895,0.006566192954778671,outer_iteration,,False,False,experiment_7_new_run,,,,,,,,,,,,,,,,,,,,,,,,,,,,
vr_deep_dcfr_plus,VR-DeepDCFR+,vr_deep_dcfr_plus,VR-DeepDCFR+,2,9,8,160000,1221476.0,1868.059807098005,0.4511169041358417,-0.07578987157115177,0.009816552506848222,0.0358583889901638,0.12480670213699341,0.14954228699207306,0.0058116307482123375,0.006598580628633499,outer_iteration,,False,False,experiment_7_new_run,,,,,,,,,,,,,,,,,,,,,,,,,,,,
vr_deep_dcfr_plus,VR-DeepDCFR+,vr_deep_dcfr_plus,VR-DeepDCFR+,2,10,9,180000,1382051.0,2096.7390048290035,0.41100304775227314,-0.07832484031509512,0.007281583762904872,0.032531410455703735,0.10897383093833923,0.09096898883581161,0.006933202035725117,0.006526096723973751,outer_iteration,,False,False,experiment_7_new_run,,,,,,,,,,,,,,,,,,,,,,,,,,,,
vr_deep_dcfr_plus,VR-DeepDCFR+,vr_deep_dcfr_plus,VR-DeepDCFR+,2,11,10,200000,1542871.0,2327.013078600001,0.3122983083317708,-0.10523112449147787,0.019624700413477872,0.029210401698946953,0.13950185477733612,0.1424606889486313,0.006251121871173382,0.007083037868142128,outer_iteration,,False,False,experiment_7_new_run,,,,,,,,,,,,,,,,,,,,,,,,,,,,
vr_deep_dcfr_plus,VR-DeepDCFR+,vr_deep_dcfr_plus,VR-DeepDCFR+,2,12,11,220000,1702795.0,2556.2725327600056,0.33241157772111196,-0.10542029786752283,0.019813873789522832,0.02422907203435898,0.1868221014738083,0.10838117450475693,0.006718715652823448,0.006602928973734379,outer_iteration,,False,False,experiment_7_new_run,,,,,,,,,,,,,,,,,,,,,,,,,,,,
vr_deep_dcfr_plus,VR-DeepDCFR+,vr_deep_dcfr_plus,VR-DeepDCFR+,2,13,12,240000,1860786.0,2782.2532148430037,0.2728959291190285,-0.10667723485256148,0.02107081077456148,0.023760275915265083,0.08918607980012894,0.12176323682069778,0.006527062505483627,0.005956022534519434,outer_iteration,,False,False,experiment_7_new_run,,,,,,,,,,,,,,,,,,,,,,,,,,,,
vr_deep_dcfr_plus,VR-DeepDCFR+,vr_deep_dcfr_plus,VR-DeepDCFR+,2,14,13,260000,2018637.0,3009.2313338620006,0.2465487894384455,-0.10391873818411723,0.018312314106117236,0.019383398815989494,0.1674070507287979,0.15703286230564117,0.006462249904870987,0.006577321328222752,outer_iteration,,False,False,experiment_7_new_run,,,,,,,,,,,,,,,,,,,,,,,,,,,,
vr_deep_dcfr_plus,VR-DeepDCFR+,vr_deep_dcfr_plus,VR-DeepDCFR+,2,15,14,280000,2177294.0,3240.9009520399995,0.25560455280011274,-0.10920576867383971,0.02359934459583972,0.018678927794098854,0.2178526669740677,0.18465697765350342,0.005107381381094456,0.005157835315912962,outer_iteration,,False,False,experiment_7_new_run,,,,,,,,,,,,,,,,,,,,,,,,,,,,
vr_deep_dcfr_plus,VR-DeepDCFR+,vr_deep_dcfr_plus,VR-DeepDCFR+,2,16,15,300000,2337227.0,3470.1280643639984,0.24641836387091476,-0.10589923871457665,0.02029281463657666,0.02000509388744831,0.18191157281398773,0.12936504185199738,0.006470142863690853,0.006160189397633076,outer_iteration,,False,False,experiment_7_new_run,,,,,,,,,,,,,,,,,,,,,,,,,,,,
vr_deep_dcfr_plus,VR-DeepDCFR+,vr_deep_dcfr_plus,VR-DeepDCFR+,2,17,16,320000,2496932.0,3700.744417766,0.26365844760585233,-0.11668659309857346,0.031080169020573464,0.019067224115133286,0.1971176266670227,0.19547860324382782,0.005896641872823238,0.0060994187369942665,outer_iteration,,False,False,experiment_7_new_run,,,,,,,,,,,,,,,,,,,,,,,,,,,,
vr_deep_dcfr_plus,VR-DeepDCFR+,vr_deep_dcfr_plus,VR-DeepDCFR+,2,18,17,340000,2656144.0,3929.0648748899985,0.249204371186188,-0.11514671491273032,0.029540290834730323,0.019243216142058372,0.20500606298446655,0.18210554122924805,0.004999760538339615,0.004647516645491123,outer_iteration,,False,False,experiment_7_new_run,,,,,,,,,,,,,,,,,,,,,,,,,,,,
vr_deep_dcfr_plus,VR-DeepDCFR+,vr_deep_dcfr_plus,VR-DeepDCFR+,2,19,18,360000,2814671.0,4158.7018226920045,0.24165348274613974,-0.09999529360550441,0.014388869527504414,0.019132273271679878,0.1959650069475174,0.1760781854391098,0.006048095878213644,0.006512345280498266,outer_iteration,,False,False,experiment_7_new_run,,,,,,,,,,,,,,,,,,,,,,,,,,,,
vr_deep_dcfr_plus,VR-DeepDCFR+,vr_deep_dcfr_plus,VR-DeepDCFR+,2,20,19,380000,2971879.0,4387.481675704003,0.23234925819022043,-0.10473949726490994,0.019133073186909946,0.021242985501885414,0.22843347489833832,0.12466777116060257,0.005698046647012234,0.005776284262537956,outer_iteration,,False,False,experiment_7_new_run,,,,,,,,,,,,,,,,,,,,,,,,,,,,
vr_deep_dcfr_plus,VR-DeepDCFR+,vr_deep_dcfr_plus,VR-DeepDCFR+,2,21,20,400000,3128647.0,4613.359358694004,0.239514665513375,-0.11438428574649753,0.028777861668497537,0.020220210775732994,0.2512053847312927,0.1696052998304367,0.005812692455947399,0.005852514412254095,outer_iteration,,False,False,experiment_7_new_run,,,,,,,,,,,,,,,,,,,,,,,,,,,,
vr_deep_dcfr_plus,VR-DeepDCFR+,vr_deep_dcfr_plus,VR-DeepDCFR+,2,22,21,420000,3285632.0,4840.626109541001,0.2044088930333169,-0.10941259791830488,0.02380617384030488,0.019459063187241554,0.166614830493927,0.20397800207138062,0.005301096476614475,0.005346603225916624,outer_iteration,,False,False,experiment_7_new_run,,,,,,,,,,,,,,,,,,,,,,,,,,,,
vr_deep_dcfr_plus,VR-DeepDCFR+,vr_deep_dcfr_plus,VR-DeepDCFR+,2,23,22,440000,3442862.0,5070.071631577004,0.22831484835449806,-0.11223932704071643,0.026632902962716434,0.017534298822283745,0.16077332198619843,0.1486453413963318,0.005067494232207537,0.005245325621217489,outer_iteration,,False,False,experiment_7_new_run,,,,,,,,,,,,,,,,,,,,,,,,,,,,
vr_deep_dcfr_plus,VR-DeepDCFR+,vr_deep_dcfr_plus,VR-DeepDCFR+,2,24,23,460000,3598810.0,5298.381520360999,0.2224468501926717,-0.1126008847102995,0.026994460632299502,0.020450536161661148,0.19033707678318024,0.14742878079414368,0.007463173009455204,0.006233168765902519,outer_iteration,,False,False,experiment_7_new_run,,,,,,,,,,,,,,,,,,,,,,,,,,,,
vr_deep_dcfr_plus,VR-DeepDCFR+,vr_deep_dcfr_plus,VR-DeepDCFR+,2,25,24,480000,3755001.0,5526.850754325002,0.2319011401792868,-0.09798595763278908,0.012379533554789088,0.018549473956227303,0.25610944628715515,0.25626450777053833,0.005124385468661785,0.00608672434464097,outer_iteration,,False,False,experiment_7_new_run,,,,,,,,,,,,,,,,,,,,,,,,,,,,
vr_deep_dcfr_plus,VR-DeepDCFR+,vr_deep_dcfr_plus,VR-DeepDCFR+,2,26,25,500000,3911793.0,5755.558474457001,0.23929597885598103,-0.11406322083642062,0.028456796758420624,0.020810158923268318,0.20617330074310303,0.2260441780090332,0.0064607588574290276,0.004618529696017504,outer_iteration,,False,False,experiment_7_new_run,,,,,,,,,,,,,,,,,,,,,,,,,,,,
vr_deep_dcfr_plus,VR-DeepDCFR+,vr_deep_dcfr_plus,VR-DeepDCFR+,2,27,26,520000,4069743.0,5986.188542702999,0.24206580973009997,-0.10785600387091887,0.022249579792918875,0.018739596009254456,0.209867462515831,0.13887019455432892,0.005715825594961643,0.005263018421828747,outer_iteration,,False,False,experiment_7_new_run,,,,,,,,,,,,,,,,,,,,,,,,,,,,
vr_deep_dcfr_plus,VR-DeepDCFR+,vr_deep_dcfr_plus,VR-DeepDCFR+,2,28,27,540000,4227287.0,6217.651385121004,0.2680850684840712,-0.10713030652168998,0.02152388244368998,0.01759752817451954,0.2060338407754898,0.15801243484020233,0.00598483718931675,0.00656420923769474,outer_iteration,,False,False,experiment_7_new_run,,,,,,,,,,,,,,,,,,,,,,,,,,,,
vr_deep_dcfr_plus,VR-DeepDCFR+,vr_deep_dcfr_plus,VR-DeepDCFR+,2,29,28,560000,4385868.0,6447.302624418,0.2283244150509195,-0.09203837625149336,0.006431952173493363,0.017945321276783943,0.2258797138929367,0.19249840080738068,0.005723550450056791,0.005553989205509424,outer_iteration,,False,False,experiment_7_new_run,,,,,,,,,,,,,,,,,,,,,,,,,,,,
vr_deep_dcfr_plus,VR-DeepDCFR+,vr_deep_dcfr_plus,VR-DeepDCFR+,2,30,29,580000,4545141.0,6678.674842739005,0.2270923839226806,-0.09349176120967609,0.007885337131676093,0.017150424420833588,0.182968869805336,0.1652006059885025,0.005520086735486984,0.0057719494216144085,outer_iteration,,False,False,experiment_7_new_run,,,,,,,,,,,,,,,,,,,,,,,,,,,,
vr_deep_dcfr_plus,VR-DeepDCFR+,vr_deep_dcfr_plus,VR-DeepDCFR+,2,31,30,600000,4703573.0,6909.361245527005,0.1908385135857896,-0.1005411161121027,0.014934692034102706,0.018092675134539604,0.19929052889347076,0.12720391154289246,0.0065737213008105755,0.006039449013769627,outer_iteration,,False,False,experiment_7_new_run,,,,,,,,,,,,,,,,,,,,,,,,,,,,
vr_deep_dcfr_plus,VR-DeepDCFR+,vr_deep_dcfr_plus,VR-DeepDCFR+,2,32,31,620000,4860612.0,7137.625185873003,0.16727356354833767,-0.09514226624022554,0.009535842162225541,0.019297247752547264,0.23389452695846558,0.14015822112560272,0.005331205204129219,0.005101571325212717,outer_iteration,,False,False,experiment_7_new_run,,,,,,,,,,,,,,,,,,,,,,,,,,,,
vr_deep_dcfr_plus,VR-DeepDCFR+,vr_deep_dcfr_plus,VR-DeepDCFR+,2,33,32,640000,5016886.0,7366.328356176004,0.1700245365153684,-0.09427621810982892,0.008669794031828923,0.017617689445614815,0.24396908283233643,0.16271363198757172,0.006433979142457247,0.00669693760573864,outer_iteration,,False,False,experiment_7_new_run,,,,,,,,,,,,,,,,,,,,,,,,,,,,
vr_deep_dcfr_plus,VR-DeepDCFR+,vr_deep_dcfr_plus,VR-DeepDCFR+,2,34,33,660000,5175147.0,7600.338256544004,0.2121148712648792,-0.09692531851613861,0.011318894438138619,0.016086997464299202,0.2747187614440918,0.21480649709701538,0.006706562824547291,0.0077284458093345165,outer_iteration,,False,False,experiment_7_new_run,,,,,,,,,,,,,,,,,,,,,,,,,,,,
vr_deep_dcfr_plus,VR-DeepDCFR+,vr_deep_dcfr_plus,VR-DeepDCFR+,2,35,34,680000,5333293.0,7836.268904169003,0.18910515102606051,-0.09267795771054119,0.007071533632541191,0.016328847035765648,0.14986538887023926,0.1751203089952469,0.005789426155388355,0.00573065597563982,outer_iteration,,False,False,experiment_7_new_run,,,,,,,,,,,,,,,,,,,,,,,,,,,,
vr_deep_dcfr_plus,VR-DeepDCFR+,vr_deep_dcfr_plus,VR-DeepDCFR+,2,36,35,700000,5491009.0,8070.634090836,0.19184759893511,-0.09120200600387926,0.005595581925879264,0.016765054315328598,0.19444696605205536,0.17820461094379425,0.005052894353866577,0.006195894908159971,outer_iteration,,False,False,experiment_7_new_run,,,,,,,,,,,,,,,,,,,,,,,,,,,,
vr_deep_dcfr_plus,VR-DeepDCFR+,vr_deep_dcfr_plus,VR-DeepDCFR+,2,37,36,720000,5648717.0,8300.590821879,0.15501702911036944,-0.09055996931117172,0.004953545233171722,0.015009533613920212,0.2181975394487381,0.1854996681213379,0.005918591748923063,0.006305471528321505,outer_iteration,,False,False,experiment_7_new_run,,,,,,,,,,,,,,,,,,,,,,,,,,,,
vr_deep_dcfr_plus,VR-DeepDCFR+,vr_deep_dcfr_plus,VR-DeepDCFR+,2,38,37,740000,5806897.0,8530.517544123002,0.18252215800975644,-0.08926738121450417,0.0036609571365041754,0.01449937466531992,0.21568132936954498,0.2103358954191208,0.006595687475055456,0.006446694955229759,outer_iteration,,False,False,experiment_7_new_run,,,,,,,,,,,,,,,,,,,,,,,,,,,,
vr_deep_dcfr_plus,VR-DeepDCFR+,vr_deep_dcfr_plus,VR-DeepDCFR+,2,39,38,760000,5965090.0,8761.062340698001,0.1871314295791635,-0.0911352634079809,0.0055288393299808974,0.016514478251338005,0.2645353376865387,0.1527629792690277,0.005184453446418047,0.006875039543956518,outer_iteration,,False,False,experiment_7_new_run,,,,,,,,,,,,,,,,,,,,,,,,,,,,
vr_deep_dcfr_plus,VR-DeepDCFR+,vr_deep_dcfr_plus,VR-DeepDCFR+,2,40,39,780000,6122837.0,8990.078572114006,0.17466764086855155,-0.08655186677040391,0.0009454426924039167,0.015954867005348206,0.14341934025287628,0.17061127722263336,0.005374300293624401,0.007494853809475899,outer_iteration,,False,False,experiment_7_new_run,,,,,,,,,,,,,,,,,,,,,,,,,,,,
vr_deep_dcfr_plus,VR-DeepDCFR+,vr_deep_dcfr_plus,VR-DeepDCFR+,2,41,40,800000,6280806.0,9219.710261417,0.1830878067928836,-0.09305998599567789,0.0074535619176778894,0.014365453273057938,0.13290737569332123,0.19172753393650055,0.006435832474380732,0.005851466674357653,outer_iteration,,False,False,experiment_7_new_run,,,,,,,,,,,,,,,,,,,,,,,,,,,,
vr_deep_dcfr_plus,VR-DeepDCFR+,vr_deep_dcfr_plus,VR-DeepDCFR+,2,42,41,820000,6437869.0,9450.067266344005,0.16655689989819294,-0.09535566056332989,0.009749236485329896,0.015699131414294243,0.16298624873161316,0.18378962576389313,0.005047735292464495,0.006209951359778643,outer_iteration,,False,False,experiment_7_new_run,,,,,,,,,,,,,,,,,,,,,,,,,,,,
vr_deep_dcfr_plus,VR-DeepDCFR+,vr_deep_dcfr_plus,VR-DeepDCFR+,2,43,42,840000,6594651.0,9681.683101663002,0.15965631341175143,-0.09136251367196188,0.005756089593961886,0.0158363189548254,0.20105953514575958,0.18223686516284943,0.005002484656870365,0.005999455228447914,outer_iteration,,False,False,experiment_7_new_run,,,,,,,,,,,,,,,,,,,,,,,,,,,,
vr_deep_dcfr_plus,VR-DeepDCFR+,vr_deep_dcfr_plus,VR-DeepDCFR+,2,44,43,860000,6751797.0,9910.374702209003,0.18370190542781425,-0.08968824458125424,0.004081820503254244,0.014585133641958237,0.18054533004760742,0.1904439926147461,0.005872536916285753,0.005544405896216631,outer_iteration,,False,False,experiment_7_new_run,,,,,,,,,,,,,,,,,,,,,,,,,,,,
vr_deep_dcfr_plus,VR-DeepDCFR+,vr_deep_dcfr_plus,VR-DeepDCFR+,2,45,44,880000,6908932.0,10139.284676922005,0.15062147003126894,-0.09360068471241631,0.007994260634416314,0.013943422585725784,0.18640579283237457,0.2204415202140808,0.005996529012918472,0.00539820920675993,outer_iteration,,False,False,experiment_7_new_run,,,,,,,,,,,,,,,,,,,,,,,,,,,,
vr_deep_dcfr_plus,VR-DeepDCFR+,vr_deep_dcfr_plus,VR-DeepDCFR+,2,46,45,900000,7065980.0,10371.60966137,0.16678046032899269,-0.09363960521076081,0.008033181132760817,0.012370042502880096,0.19443996250629425,0.18234789371490479,0.005540104582905769,0.006079092621803284,outer_iteration,,False,False,experiment_7_new_run,,,,,,,,,,,,,,,,,,,,,,,,,,,,
vr_deep_dcfr_plus,VR-DeepDCFR+,vr_deep_dcfr_plus,VR-DeepDCFR+,2,47,46,920000,7223657.0,10603.699778798,0.18501624407557343,-0.09100989592432768,0.0054034718463276815,0.015022075735032558,0.2144138067960739,0.16131941974163055,0.005003146827220917,0.007337308954447508,outer_iteration,,False,False,experiment_7_new_run,,,,,,,,,,,,,,,,,,,,,,,,,,,,
vr_deep_dcfr_plus,VR-DeepDCFR+,vr_deep_dcfr_plus,VR-DeepDCFR+,2,48,47,940000,7381176.0,10832.606315340003,0.17595699291468705,-0.08834401318920684,0.002737589111206848,0.013020251877605915,0.20325519144535065,0.13826467096805573,0.005701684858649969,0.005637709517031908,outer_iteration,,False,False,experiment_7_new_run,,,,,,,,,,,,,,,,,,,,,,,,,,,,
vr_deep_dcfr_plus,VR-DeepDCFR+,vr_deep_dcfr_plus,VR-DeepDCFR+,2,49,48,960000,7539681.0,11064.653091503002,0.15662600447331912,-0.08882849447433355,0.0032220703963335567,0.012850635685026646,0.18100260198116302,0.19440442323684692,0.0057953400537371635,0.005558110773563385,outer_iteration,,False,False,experiment_7_new_run,,,,,,,,,,,,,,,,,,,,,,,,,,,,
vr_deep_dcfr_plus,VR-DeepDCFR+,vr_deep_dcfr_plus,VR-DeepDCFR+,2,50,49,980000,7697535.0,11302.181525445005,0.15789096768716804,-0.09129485078118568,0.005688426703185687,0.012356600724160671,0.16975243389606476,0.18033508956432343,0.006209197454154491,0.006604284048080444,outer_iteration,,False,False,experiment_7_new_run,,,,,,,,,,,,,,,,,,,,,,,,,,,,
vr_deep_dcfr_plus,VR-DeepDCFR+,vr_deep_dcfr_plus,VR-DeepDCFR+,2,51,50,1000000,7856064.0,11537.790553569,0.1685768967595097,-0.09276640274775813,0.007159978669758135,0.01324453204870224,0.18413209915161133,0.17818135023117065,0.007211677264422178,0.0056708985939621925,outer_iteration,,False,False,experiment_7_new_run,,,,,,,,,,,,,,,,,,,,,,,,,,,,
vr_deep_dcfr_plus,VR-DeepDCFR+,vr_deep_dcfr_plus,VR-DeepDCFR+,2,52,51,1020000,8014385.0,11769.194678667001,0.16181198718353695,-0.09662109705013092,0.01101467297213092,0.013829641975462437,0.17352639138698578,0.177364781498909,0.0066343615762889385,0.007043060846626759,outer_iteration,,False,False,experiment_7_new_run,,,,,,,,,,,,,,,,,,,,,,,,,,,,
vr_deep_dcfr_plus,VR-DeepDCFR+,vr_deep_dcfr_plus,VR-DeepDCFR+,2,53,52,1040000,8172599.0,12000.153891692004,0.16459066301581182,-0.09754905191085145,0.011942627832851452,0.013100743293762207,0.17595402896404266,0.15917226672172546,0.006534767337143421,0.00476851174607873,outer_iteration,,False,False,experiment_7_new_run,,,,,,,,,,,,,,,,,,,,,,,,,,,,
vr_deep_dcfr_plus,VR-DeepDCFR+,vr_deep_dcfr_plus,VR-DeepDCFR+,2,54,53,1060000,8330795.0,12232.668947332,0.15877454940600605,-0.094323438774645,0.008717014696645,0.013243713416159153,0.16148504614830017,0.16657941043376923,0.0058641452342271805,0.005917866714298725,outer_iteration,,False,False,experiment_7_new_run,,,,,,,,,,,,,,,,,,,,,,,,,,,,
vr_deep_dcfr_plus,VR-DeepDCFR+,vr_deep_dcfr_plus,VR-DeepDCFR+,2,55,54,1080000,8488182.0,12464.04319669,0.1442016319543129,-0.09493651340175285,0.009330089323752858,0.012732255272567272,0.18610024452209473,0.1488351821899414,0.006899590138345957,0.005470445845276117,outer_iteration,,False,False,experiment_7_new_run,,,,,,,,,,,,,,,,,,,,,,,,,,,,
vr_deep_dcfr_plus,VR-DeepDCFR+,vr_deep_dcfr_plus,VR-DeepDCFR+,2,56,55,1100000,8646284.0,12694.955700172002,0.16655687211464587,-0.09770239082697446,0.012095966748974465,0.013238278217613697,0.18500429391860962,0.18218202888965607,0.004907594993710518,0.006552631035447121,outer_iteration,,False,False,experiment_7_new_run,,,,,,,,,,,,,,,,,,,,,,,,,,,,
vr_deep_dcfr_plus,VR-DeepDCFR+,vr_deep_dcfr_plus,VR-DeepDCFR+,2,57,56,1120000,8804360.0,12924.434569205005,0.1380306197394448,-0.09346844498706383,0.007862020909063835,0.0122349439188838,0.17403019964694977,0.1658846139907837,0.006187513004988432,0.005311569664627314,outer_iteration,,False,False,experiment_7_new_run,,,,,,,,,,,,,,,,,,,,,,,,,,,,
vr_deep_dcfr_plus,VR-DeepDCFR+,vr_deep_dcfr_plus,VR-DeepDCFR+,2,58,57,1140000,8962372.0,13156.76278089,0.13900029174345246,-0.09820525734529306,0.012598833267293066,0.014501468278467655,0.17248661816120148,0.16384820640087128,0.006418876349925995,0.006915008649230003,outer_iteration,,False,False,experiment_7_new_run,,,,,,,,,,,,,,,,,,,,,,,,,,,,
vr_deep_dcfr_plus,VR-DeepDCFR+,vr_deep_dcfr_plus,VR-DeepDCFR+,2,59,58,1160000,9121091.0,13388.242937950003,0.14706216505772307,-0.09814525874349203,0.012538834665492035,0.011833801865577698,0.19708792865276337,0.19038359820842743,0.005547619890421629,0.006077572237700224,outer_iteration,,False,False,experiment_7_new_run,,,,,,,,,,,,,,,,,,,,,,,,,,,,
vr_deep_dcfr_plus,VR-DeepDCFR+,vr_deep_dcfr_plus,VR-DeepDCFR+,2,60,59,1180000,9279351.0,13617.311057649,0.1493304419468836,-0.09816667561646794,0.012560251538467945,0.012396114878356457,0.1911522001028061,0.17741332948207855,0.004818940535187721,0.0069069876335561275,outer_iteration,,False,False,experiment_7_new_run,,,,,,,,,,,,,,,,,,,,,,,,,,,,
vr_deep_dcfr_plus,VR-DeepDCFR+,vr_deep_dcfr_plus,VR-DeepDCFR+,2,61,60,1200000,9435791.0,13847.189460480004,0.14257587350715745,-0.09805654533390212,0.012450121255902127,0.013739127665758133,0.15804660320281982,0.21624934673309326,0.0059171705506742,0.007111953105777502,outer_iteration,,False,False,experiment_7_new_run,,,,,,,,,,,,,,,,,,,,,,,,,,,,
vr_deep_dcfr_plus,VR-DeepDCFR+,vr_deep_dcfr_plus,VR-DeepDCFR+,2,62,61,1220000,9591937.0,14078.131813844004,0.12747558708802853,-0.09713148811373545,0.011525064035735458,0.014043002389371395,0.17295408248901367,0.17268063127994537,0.004752986133098602,0.004615842830389738,outer_iteration,,False,False,experiment_7_new_run,,,,,,,,,,,,,,,,,,,,,,,,,,,,
vr_deep_dcfr_plus,VR-DeepDCFR+,vr_deep_dcfr_plus,VR-DeepDCFR+,2,63,62,1240000,9747643.0,14307.860439504999,0.1547904163909527,-0.09748752530496291,0.011881101226962912,0.014284510165452957,0.18747180700302124,0.17075948417186737,0.0048668719828128815,0.005810413043946028,outer_iteration,,False,False,experiment_7_new_run,,,,,,,,,,,,,,,,,,,,,,,,,,,,
vr_deep_dcfr_plus,VR-DeepDCFR+,vr_deep_dcfr_plus,VR-DeepDCFR+,2,64,63,1260000,9902941.0,14534.939218836,0.12547203798776688,-0.09846933273946154,0.012862908661461545,0.014380834996700287,0.2127251774072647,0.1899566650390625,0.0067382012493908405,0.004970720037817955,outer_iteration,,False,False,experiment_7_new_run,,,,,,,,,,,,,,,,,,,,,,,,,,,,
vr_deep_dcfr_plus,VR-DeepDCFR+,vr_deep_dcfr_plus,VR-DeepDCFR+,2,65,64,1280000,10059440.0,14763.825718419,0.12616802927296245,-0.096450271773314,0.010843847695314004,0.014755030162632465,0.19892926514148712,0.183859184384346,0.005480425897985697,0.005413823761045933,outer_iteration,,False,False,experiment_7_new_run,,,,,,,,,,,,,,,,,,,,,,,,,,,,
vr_deep_dcfr_plus,VR-DeepDCFR+,vr_deep_dcfr_plus,VR-DeepDCFR+,2,66,65,1300000,10215716.0,14994.199909019,0.1368044132836373,-0.09949131375699419,0.013884889678994192,0.01485271006822586,0.19844214618206024,0.15718387067317963,0.00522906519472599,0.0053549762815237045,outer_iteration,,False,False,experiment_7_new_run,,,,,,,,,,,,,,,,,,,,,,,,,,,,
vr_deep_dcfr_plus,VR-DeepDCFR+,vr_deep_dcfr_plus,VR-DeepDCFR+,2,67,66,1320000,10373582.0,15227.066694794004,0.12909812460132564,-0.09922651723995501,0.013620093161955019,0.013644990511238575,0.19170589745044708,0.1438944786787033,0.005737642757594585,0.005028790794312954,outer_iteration,,False,False,experiment_7_new_run,,,,,,,,,,,,,,,,,,,,,,,,,,,,
vr_deep_dcfr_plus,VR-DeepDCFR+,vr_deep_dcfr_plus,VR-DeepDCFR+,2,68,67,1340000,10531679.0,15456.357286261999,0.15898651153803883,-0.0964812825337647,0.010874858455764705,0.013720287941396236,0.18670426309108734,0.14607052505016327,0.005264928098767996,0.005159568507224321,outer_iteration,,False,False,experiment_7_new_run,,,,,,,,,,,,,,,,,,,,,,,,,,,,
vr_deep_dcfr_plus,VR-DeepDCFR+,vr_deep_dcfr_plus,VR-DeepDCFR+,2,69,68,1360000,10688755.0,15687.283003977005,0.13721250615482317,-0.09730492814599095,0.011698504067990959,0.013383984565734863,0.1708042174577713,0.15636442601680756,0.0047773090191185474,0.00581724476069212,outer_iteration,,False,False,experiment_7_new_run,,,,,,,,,,,,,,,,,,,,,,,,,,,,
vr_deep_dcfr_plus,VR-DeepDCFR+,vr_deep_dcfr_plus,VR-DeepDCFR+,2,70,69,1380000,10845187.0,15917.034432651002,0.13161813263898708,-0.0948001042319464,0.009193680153946407,0.013978592120110989,0.2294558435678482,0.16639430820941925,0.004714480601251125,0.00617528660222888,outer_iteration,,False,False,experiment_7_new_run,,,,,,,,,,,,,,,,,,,,,,,,,,,,
vr_deep_dcfr_plus,VR-DeepDCFR+,vr_deep_dcfr_plus,VR-DeepDCFR+,2,71,70,1400000,11001698.0,16145.663718675001,0.13933143184047464,-0.093628707194306,0.008022283116305998,0.013461668975651264,0.2424643188714981,0.22019504010677338,0.00569087965413928,0.005208916962146759,outer_iteration,,False,False,experiment_7_new_run,,,,,,,,,,,,,,,,,,,,,,,,,,,,
vr_deep_dcfr_plus,VR-DeepDCFR+,vr_deep_dcfr_plus,VR-DeepDCFR+,2,72,71,1420000,11158695.0,16373.590590536005,0.14684374600843553,-0.09483805584682548,0.00923163176882548,0.01319542434066534,0.19902463257312775,0.17625148594379425,0.005789672490209341,0.004383703228086233,outer_iteration,,False,False,experiment_7_new_run,,,,,,,,,,,,,,,,,,,,,,,,,,,,
vr_deep_dcfr_plus,VR-DeepDCFR+,vr_deep_dcfr_plus,VR-DeepDCFR+,2,73,72,1440000,11315904.0,16601.764325362004,0.14018944210659146,-0.09329097795186123,0.00768455387386123,0.013468095101416111,0.18814168870449066,0.16869615018367767,0.006085634231567383,0.006591978948563337,outer_iteration,,False,False,experiment_7_new_run,,,,,,,,,,,,,,,,,,,,,,,,,,,,
vr_deep_dcfr_plus,VR-DeepDCFR+,vr_deep_dcfr_plus,VR-DeepDCFR+,2,74,73,1460000,11474647.0,16833.064702183,0.12903217133623107,-0.09495528262039532,0.009348858542395325,0.013674472458660603,0.23846906423568726,0.1934615820646286,0.006925871595740318,0.006603666581213474,outer_iteration,,False,False,experiment_7_new_run,,,,,,,,,,,,,,,,,,,,,,,,,,,,
vr_deep_dcfr_plus,VR-DeepDCFR+,vr_deep_dcfr_plus,VR-DeepDCFR+,2,75,74,1480000,11634442.0,17062.267419027005,0.13512790867494126,-0.09458980698095909,0.008983382902959094,0.012720856815576553,0.21102122962474823,0.16114836931228638,0.006512660998851061,0.00613643042743206,outer_iteration,,False,False,experiment_7_new_run,,,,,,,,,,,,,,,,,,,,,,,,,,,,
vr_deep_dcfr_plus,VR-DeepDCFR+,vr_deep_dcfr_plus,VR-DeepDCFR+,2,76,75,1500000,11793031.0,17289.932787926,0.13167987931698497,-0.09184231179500008,0.00623588771700008,0.015210025943815708,0.17867136001586914,0.130851611495018,0.007091745734214783,0.004141105338931084,outer_iteration,,False,False,experiment_7_new_run,,,,,,,,,,,,,,,,,,,,,,,,,,,,
vr_deep_dcfr_plus,VR-DeepDCFR+,vr_deep_dcfr_plus,VR-DeepDCFR+,2,77,76,1520000,11951285.0,17518.525564499003,0.14604481388301374,-0.08643727543822666,0.0008308513602266615,0.013165608048439026,0.1812337040901184,0.17475265264511108,0.00488768657669425,0.006254351232200861,outer_iteration,,False,False,experiment_7_new_run,,,,,,,,,,,,,,,,,,,,,,,,,,,,
vr_deep_dcfr_plus,VR-DeepDCFR+,vr_deep_dcfr_plus,VR-DeepDCFR+,2,78,77,1540000,12109446.0,17748.550590538005,0.12150586850402557,-0.0900183737039355,0.00441194962593551,0.012811906635761261,0.1782238930463791,0.19777633249759674,0.006964379921555519,0.004788123536854982,outer_iteration,,False,False,experiment_7_new_run,,,,,,,,,,,,,,,,,,,,,,,,,,,,
vr_deep_dcfr_plus,VR-DeepDCFR+,vr_deep_dcfr_plus,VR-DeepDCFR+,2,79,78,1560000,12266661.0,17977.313013127,0.12093808941811728,-0.09004461236748484,0.0044381882894848484,0.01360879372805357,0.18495409190654755,0.18081514537334442,0.005811735056340694,0.005005840677767992,outer_iteration,,False,False,experiment_7_new_run,,,,,,,,,,,,,,,,,,,,,,,,,,,,
vr_deep_dcfr_plus,VR-DeepDCFR+,vr_deep_dcfr_plus,VR-DeepDCFR+,2,80,79,1580000,12422928.0,18203.622488408,0.13060197560255757,-0.08734093843728746,0.0017345143592874673,0.012569248676300049,0.17291097342967987,0.17502033710479736,0.006225806660950184,0.005353197921067476,outer_iteration,,False,False,experiment_7_new_run,,,,,,,,,,,,,,,,,,,,,,,,,,,,
vr_deep_dcfr_plus,VR-DeepDCFR+,vr_deep_dcfr_plus,VR-DeepDCFR+,2,81,80,1600000,12579218.0,18432.448815693002,0.1263553170798707,-0.08910069511203825,0.0034942710340382516,0.01378172729164362,0.22610485553741455,0.1638113111257553,0.005654374603182077,0.006075630895793438,outer_iteration,,False,False,experiment_7_new_run,,,,,,,,,,,,,,,,,,,,,,,,,,,,
vr_deep_dcfr_plus,VR-DeepDCFR+,vr_deep_dcfr_plus,VR-DeepDCFR+,2,82,81,1620000,12735826.0,18662.159381407,0.16743987793962845,-0.09064532526307073,0.005038901185070735,0.013494889251887798,0.21152977645397186,0.20334173738956451,0.006104570813477039,0.005528371315449476,outer_iteration,,False,False,experiment_7_new_run,,,,,,,,,,,,,,,,,,,,,,,,,,,,
vr_deep_dcfr_plus,VR-DeepDCFR+,vr_deep_dcfr_plus,VR-DeepDCFR+,2,83,82,1640000,12892068.0,18886.605955853003,0.12368192170880422,-0.09096689693803306,0.005360472860033064,0.01199172344058752,0.1915542632341385,0.17767827212810516,0.0060148900374770164,0.004799754358828068,outer_iteration,,False,False,experiment_7_new_run,,,,,,,,,,,,,,,,,,,,,,,,,,,,
vr_deep_dcfr_plus,VR-DeepDCFR+,vr_deep_dcfr_plus,VR-DeepDCFR+,2,84,83,1660000,13049772.0,19114.509434661,0.1326233879612185,-0.0920621194815126,0.00645569540351261,0.01247581746429205,0.15838272869586945,0.20088602602481842,0.0055088805966079235,0.006103134248405695,outer_iteration,,False,False,experiment_7_new_run,,,,,,,,,,,,,,,,,,,,,,,,,,,,
vr_deep_dcfr_plus,VR-DeepDCFR+,vr_deep_dcfr_plus,VR-DeepDCFR+,2,85,84,1680000,13207541.0,19343.189411516003,0.14200117775950583,-0.09057332221624781,0.004966898138247813,0.012799744494259357,0.17280727624893188,0.19461067020893097,0.006335672922432423,0.00786553043872118,outer_iteration,,False,False,experiment_7_new_run,,,,,,,,,,,,,,,,,,,,,,,,,,,,
vr_deep_dcfr_plus,VR-DeepDCFR+,vr_deep_dcfr_plus,VR-DeepDCFR+,2,86,85,1700000,13365250.0,19571.934231868,0.13471838489079893,-0.09007750718736479,0.004471083109364796,0.013172837905585766,0.1512092649936676,0.16700811684131622,0.005250581074506044,0.006178662646561861,outer_iteration,,False,False,experiment_7_new_run,,,,,,,,,,,,,,,,,,,,,,,,,,,,
vr_deep_dcfr_plus,VR-DeepDCFR+,vr_deep_dcfr_plus,VR-DeepDCFR+,2,87,86,1720000,13522606.0,19801.412837931,0.11124022542058552,-0.08925671473165947,0.0036502906536594742,0.01245939265936613,0.2125207781791687,0.19814717769622803,0.0058401236310601234,0.006455851718783379,outer_iteration,,False,False,experiment_7_new_run,,,,,,,,,,,,,,,,,,,,,,,,,,,,
vr_deep_dcfr_plus,VR-DeepDCFR+,vr_deep_dcfr_plus,VR-DeepDCFR+,2,88,87,1740000,13679774.0,20029.454666647005,0.11954556109097741,-0.0928707481929531,0.007264324114953105,0.01239122822880745,0.19608525931835175,0.1459217518568039,0.006501207128167152,0.0048071639612317085,outer_iteration,,False,False,experiment_7_new_run,,,,,,,,,,,,,,,,,,,,,,,,,,,,
vr_deep_dcfr_plus,VR-DeepDCFR+,vr_deep_dcfr_plus,VR-DeepDCFR+,2,89,88,1760000,13837017.0,20258.626764545,0.11605218656734023,-0.09097150472922991,0.0053650806512299115,0.01309819146990776,0.1697157770395279,0.1843356490135193,0.006632168311625719,0.00581575371325016,outer_iteration,,False,False,experiment_7_new_run,,,,,,,,,,,,,,,,,,,,,,,,,,,,
vr_deep_dcfr_plus,VR-DeepDCFR+,vr_deep_dcfr_plus,VR-DeepDCFR+,2,90,89,1780000,13993645.0,20488.528074893,0.11505723734742121,-0.09233311261981375,0.006726688541813755,0.01217727642506361,0.17192703485488892,0.13615682721138,0.00570047227665782,0.007151711266487837,outer_iteration,,False,False,experiment_7_new_run,,,,,,,,,,,,,,,,,,,,,,,,,,,,
vr_deep_dcfr_plus,VR-DeepDCFR+,vr_deep_dcfr_plus,VR-DeepDCFR+,2,91,90,1800000,14150843.0,20717.618718372003,0.12691460258549903,-0.08782698714206466,0.002220563064064665,0.012085380963981152,0.17242713272571564,0.16976511478424072,0.004765071906149387,0.0071492986753582954,outer_iteration,,False,False,experiment_7_new_run,,,,,,,,,,,,,,,,,,,,,,,,,,,,
vr_deep_dcfr_plus,VR-DeepDCFR+,vr_deep_dcfr_plus,VR-DeepDCFR+,2,92,91,1820000,14308034.0,20944.240726441,0.12254832083724808,-0.09217045417539427,0.006564030097394272,0.011834677308797836,0.2031223028898239,0.1710866242647171,0.005779747851192951,0.005563611164689064,outer_iteration,,False,False,experiment_7_new_run,,,,,,,,,,,,,,,,,,,,,,,,,,,,
vr_deep_dcfr_plus,VR-DeepDCFR+,vr_deep_dcfr_plus,VR-DeepDCFR+,2,93,92,1840000,14464891.0,21174.532980928,0.11456105968698818,-0.08808305934579402,0.002476635267794028,0.011876136064529419,0.18728822469711304,0.1757202297449112,0.004968494176864624,0.006472035311162472,outer_iteration,,False,False,experiment_7_new_run,,,,,,,,,,,,,,,,,,,,,,,,,,,,
vr_deep_dcfr_plus,VR-DeepDCFR+,vr_deep_dcfr_plus,VR-DeepDCFR+,2,94,93,1860000,14622623.0,21404.377207771002,0.12417625706599643,-0.09016787526430492,0.004561451186304924,0.011573810130357742,0.19648587703704834,0.177706778049469,0.005066945217549801,0.004427668172866106,outer_iteration,,False,False,experiment_7_new_run,,,,,,,,,,,,,,,,,,,,,,,,,,,,
vr_deep_dcfr_plus,VR-DeepDCFR+,vr_deep_dcfr_plus,VR-DeepDCFR+,2,95,94,1880000,14779416.0,21632.519078193,0.113490466685771,-0.08960810112835499,0.004001677050354993,0.0130360908806324,0.17787110805511475,0.1475425362586975,0.00645322073251009,0.005477345548570156,outer_iteration,,False,False,experiment_7_new_run,,,,,,,,,,,,,,,,,,,,,,,,,,,,
vr_deep_dcfr_plus,VR-DeepDCFR+,vr_deep_dcfr_plus,VR-DeepDCFR+,2,96,95,1900000,14936792.0,21860.232644087002,0.12274313655626394,-0.0876449296206315,0.002038505542631505,0.012014838866889477,0.18578143417835236,0.14894922077655792,0.005763960536569357,0.005942292045801878,outer_iteration,,False,False,experiment_7_new_run,,,,,,,,,,,,,,,,,,,,,,,,,,,,
vr_deep_dcfr_plus,VR-DeepDCFR+,vr_deep_dcfr_plus,VR-DeepDCFR+,2,97,96,1920000,15094893.0,22091.401479223,0.12739278780739594,-0.08967580589010171,0.004069381812101716,0.012379717081785202,0.17885200679302216,0.19820918142795563,0.006111891474574804,0.005846369080245495,outer_iteration,,False,False,experiment_7_new_run,,,,,,,,,,,,,,,,,,,,,,,,,,,,
vr_deep_pdcfr_plus,VR-DeepPDCFR+,vr_deep_pdcfr_plus,VR-DeepPDCFR+,0,0,0,0,0.0,0.7559438979951665,2.373611111111111,-0.078125,0.007481424077999996,,,,,,initial_untrained_policy,,True,False,experiment_7_new_run,,,,,,,,,,,,,,,,,,,,,,,,,,,,
vr_deep_pdcfr_plus,VR-DeepPDCFR+,vr_deep_pdcfr_plus,VR-DeepPDCFR+,0,1,1,1407,10002.0,27.49395599199488,1.0023578422449977,0.0023195980719777493,0.08792602214997775,1.5742731562795598e-09,,,,,early_node_threshold,10000,False,False,experiment_7_new_run,,,,,,,,,,,,,,,,,,,,,,,,,,,,
vr_deep_pdcfr_plus,VR-DeepPDCFR+,vr_deep_pdcfr_plus,VR-DeepPDCFR+,0,2,1,20000,132409.0,274.9069896860019,3.523642657339611,1.0000005641843772,1.0856069882623771,2.0687751600689808e-07,0.006870147306472063,0.4477769434452057,2.449275504634585e-10,0.0014225468039512634,outer_iteration,,False,False,experiment_7_new_run,,,,,,,,,,,,,,,,,,,,,,,,,,,,
vr_deep_pdcfr_plus,VR-DeepPDCFR+,vr_deep_pdcfr_plus,VR-DeepPDCFR+,0,3,2,40000,274787.0,534.0933073469932,4.47258104084091,-0.3180621892909446,0.2324557652129446,0.09906879812479019,0.7310194969177246,0.2897982895374298,0.00500143226236105,0.005216049030423164,outer_iteration,,False,False,experiment_7_new_run,,,,,,,,,,,,,,,,,,,,,,,,,,,,
vr_deep_pdcfr_plus,VR-DeepPDCFR+,vr_deep_pdcfr_plus,VR-DeepPDCFR+,0,4,3,60000,439484.0,809.2759646819904,2.500096387511493,-0.059884180245318774,0.02572224383268122,0.15353703498840332,0.32129302620887756,0.24936455488204956,0.005911852233111858,0.006902770139276981,outer_iteration,,False,False,experiment_7_new_run,,,,,,,,,,,,,,,,,,,,,,,,,,,,
vr_deep_pdcfr_plus,VR-DeepPDCFR+,vr_deep_pdcfr_plus,VR-DeepPDCFR+,0,5,4,80000,601630.0,1089.1958120329946,1.82756841471516,0.33845581449722106,0.4240622385752211,0.12008290737867355,0.2771328091621399,0.23988394439220428,0.0069841560907661915,0.006675366312265396,outer_iteration,,False,False,experiment_7_new_run,,,,,,,,,,,,,,,,,,,,,,,,,,,,
vr_deep_pdcfr_plus,VR-DeepPDCFR+,vr_deep_pdcfr_plus,VR-DeepPDCFR+,0,6,5,100000,763317.0,1360.6691841400025,1.141261936331513,0.077817704413291,0.163424128491291,0.09347572177648544,0.09203270822763443,0.1057361364364624,0.0072313700802624226,0.006371836643666029,outer_iteration,,False,False,experiment_7_new_run,,,,,,,,,,,,,,,,,,,,,,,,,,,,
vr_deep_pdcfr_plus,VR-DeepPDCFR+,vr_deep_pdcfr_plus,VR-DeepPDCFR+,0,7,6,120000,922790.0,1627.6507096559944,0.732159974578781,0.010534745864429484,0.09614116994242948,0.07085996866226196,0.1878473162651062,0.1084180548787117,0.006589248776435852,0.006426166743040085,outer_iteration,,False,False,experiment_7_new_run,,,,,,,,,,,,,,,,,,,,,,,,,,,,
vr_deep_pdcfr_plus,VR-DeepPDCFR+,vr_deep_pdcfr_plus,VR-DeepPDCFR+,0,8,7,140000,1075338.0,1897.8094711360027,0.5963010195873226,-0.020027099446551677,0.06557932463144832,0.06169046461582184,0.09405901283025742,0.13012966513633728,0.006528637837618589,0.006461458746343851,outer_iteration,,False,False,experiment_7_new_run,,,,,,,,,,,,,,,,,,,,,,,,,,,,
vr_deep_pdcfr_plus,VR-DeepPDCFR+,vr_deep_pdcfr_plus,VR-DeepPDCFR+,0,9,8,160000,1231473.0,2165.9981324129913,0.5097835796545245,-0.039802341547035935,0.04580408253096406,0.05589756369590759,0.10011769086122513,0.12013282626867294,0.006733002606779337,0.007425261661410332,outer_iteration,,False,False,experiment_7_new_run,,,,,,,,,,,,,,,,,,,,,,,,,,,,
vr_deep_pdcfr_plus,VR-DeepPDCFR+,vr_deep_pdcfr_plus,VR-DeepPDCFR+,0,10,9,180000,1388915.0,2432.834497967997,0.4152211152089001,-0.07807784641433779,0.007528577663662203,0.047386232763528824,0.0870937630534172,0.11351915448904037,0.007001260761171579,0.006484098732471466,outer_iteration,,False,False,experiment_7_new_run,,,,,,,,,,,,,,,,,,,,,,,,,,,,
vr_deep_pdcfr_plus,VR-DeepPDCFR+,vr_deep_pdcfr_plus,VR-DeepPDCFR+,0,11,10,200000,1543712.0,2698.8502549050027,0.3626816489190186,-0.08660725656467266,0.0010008324866726676,0.040204647928476334,0.11832943558692932,0.10756480693817139,0.006332290358841419,0.006815640721470118,outer_iteration,,False,False,experiment_7_new_run,,,,,,,,,,,,,,,,,,,,,,,,,,,,
vr_deep_pdcfr_plus,VR-DeepPDCFR+,vr_deep_pdcfr_plus,VR-DeepPDCFR+,0,12,11,220000,1697657.0,2963.222314054001,0.352167732100673,-0.09606021760956696,0.01045379353156696,0.03253434598445892,0.1115255281329155,0.1219894215464592,0.007054382003843784,0.00748159596696496,outer_iteration,,False,False,experiment_7_new_run,,,,,,,,,,,,,,,,,,,,,,,,,,,,
vr_deep_pdcfr_plus,VR-DeepPDCFR+,vr_deep_pdcfr_plus,VR-DeepPDCFR+,0,13,12,240000,1853990.0,3226.458274839999,0.3230786728302625,-0.09840125304484504,0.012794828966845043,0.02911972999572754,0.08627938479185104,0.09780506044626236,0.006835687905550003,0.006725226528942585,outer_iteration,,False,False,experiment_7_new_run,,,,,,,,,,,,,,,,,,,,,,,,,,,,
vr_deep_pdcfr_plus,VR-DeepPDCFR+,vr_deep_pdcfr_plus,VR-DeepPDCFR+,0,14,13,260000,2012463.0,3492.6511482210044,0.32538668307896973,-0.11484628839058644,0.029239864312586447,0.029391318559646606,0.15594716370105743,0.13911713659763336,0.006362812127918005,0.007341847755014896,outer_iteration,,False,False,experiment_7_new_run,,,,,,,,,,,,,,,,,,,,,,,,,,,,
vr_deep_pdcfr_plus,VR-DeepPDCFR+,vr_deep_pdcfr_plus,VR-DeepPDCFR+,0,15,14,280000,2169354.0,3759.077961559,0.32435744923573967,-0.11650534900691334,0.030898924928913343,0.025951886549592018,0.1010725125670433,0.1810455322265625,0.006104951724410057,0.006776751950383186,outer_iteration,,False,False,experiment_7_new_run,,,,,,,,,,,,,,,,,,,,,,,,,,,,
vr_deep_pdcfr_plus,VR-DeepPDCFR+,vr_deep_pdcfr_plus,VR-DeepPDCFR+,0,16,15,300000,2326662.0,4024.4336104190006,0.33591022112602714,-0.10757059345494047,0.02196416937694047,0.026013465598225594,0.15830089151859283,0.16749010980129242,0.005658961832523346,0.005132650025188923,outer_iteration,,False,False,experiment_7_new_run,,,,,,,,,,,,,,,,,,,,,,,,,,,,
vr_deep_pdcfr_plus,VR-DeepPDCFR+,vr_deep_pdcfr_plus,VR-DeepPDCFR+,0,17,16,320000,2484422.0,4288.742021098995,0.2762887961223125,-0.1103603689405229,0.0247539448625229,0.024580521509051323,0.13917912542819977,0.18170185387134552,0.005141257308423519,0.007565592881292105,outer_iteration,,False,False,experiment_7_new_run,,,,,,,,,,,,,,,,,,,,,,,,,,,,
vr_deep_pdcfr_plus,VR-DeepPDCFR+,vr_deep_pdcfr_plus,VR-DeepPDCFR+,0,18,17,340000,2643225.0,4557.655876983001,0.27582848256511283,-0.11174094373509491,0.026134519657094915,0.0231791865080595,0.22255833446979523,0.15643544495105743,0.005152050871402025,0.005502562969923019,outer_iteration,,False,False,experiment_7_new_run,,,,,,,,,,,,,,,,,,,,,,,,,,,,
vr_deep_pdcfr_plus,VR-DeepPDCFR+,vr_deep_pdcfr_plus,VR-DeepPDCFR+,0,19,18,360000,2801869.0,4827.130130475998,0.2559707029160153,-0.11344973856999929,0.027843314491999296,0.023184271529316902,0.12050525099039078,0.17947065830230713,0.006795933935791254,0.006453707814216614,outer_iteration,,False,False,experiment_7_new_run,,,,,,,,,,,,,,,,,,,,,,,,,,,,
vr_deep_pdcfr_plus,VR-DeepPDCFR+,vr_deep_pdcfr_plus,VR-DeepPDCFR+,0,20,19,380000,2960976.0,5093.088447667993,0.2776813311621825,-0.11205468998376017,0.026448265905760174,0.021379956975579262,0.2260647416114807,0.1589822918176651,0.006150065455585718,0.007223666179925203,outer_iteration,,False,False,experiment_7_new_run,,,,,,,,,,,,,,,,,,,,,,,,,,,,
vr_deep_pdcfr_plus,VR-DeepPDCFR+,vr_deep_pdcfr_plus,VR-DeepPDCFR+,0,21,20,400000,3118592.0,5360.422827080998,0.2304985515588702,-0.10548637217022055,0.01987994809222056,0.021240271627902985,0.16746272146701813,0.16376663744449615,0.005797020625323057,0.005599900148808956,outer_iteration,,False,False,experiment_7_new_run,,,,,,,,,,,,,,,,,,,,,,,,,,,,
vr_deep_pdcfr_plus,VR-DeepPDCFR+,vr_deep_pdcfr_plus,VR-DeepPDCFR+,0,22,21,420000,3275970.0,5626.610894718993,0.23590697650150483,-0.10815360704251142,0.022547182964511428,0.020906655117869377,0.1545838862657547,0.1301369071006775,0.006762403063476086,0.00739621976390481,outer_iteration,,False,False,experiment_7_new_run,,,,,,,,,,,,,,,,,,,,,,,,,,,,
vr_deep_pdcfr_plus,VR-DeepPDCFR+,vr_deep_pdcfr_plus,VR-DeepPDCFR+,0,23,22,440000,3434259.0,5891.180327537993,0.21145198938565066,-0.11028174552509978,0.024675321447099788,0.01790771447122097,0.18308275938034058,0.18161176145076752,0.0068843308836221695,0.005012602545320988,outer_iteration,,False,False,experiment_7_new_run,,,,,,,,,,,,,,,,,,,,,,,,,,,,
vr_deep_pdcfr_plus,VR-DeepPDCFR+,vr_deep_pdcfr_plus,VR-DeepPDCFR+,0,24,23,460000,3593001.0,6158.100189895995,0.23365307210423106,-0.09208707541178601,0.006480651333786017,0.021014906466007233,0.1570797711610794,0.20068906247615814,0.005606285762041807,0.0049552395939826965,outer_iteration,,False,False,experiment_7_new_run,,,,,,,,,,,,,,,,,,,,,,,,,,,,
vr_deep_pdcfr_plus,VR-DeepPDCFR+,vr_deep_pdcfr_plus,VR-DeepPDCFR+,0,25,24,480000,3752402.0,6427.137591416991,0.22835623146159836,-0.09394921573756707,0.00834279165956707,0.02072881907224655,0.14095906913280487,0.19192425906658173,0.006044846959412098,0.006022362504154444,outer_iteration,,False,False,experiment_7_new_run,,,,,,,,,,,,,,,,,,,,,,,,,,,,
vr_deep_pdcfr_plus,VR-DeepPDCFR+,vr_deep_pdcfr_plus,VR-DeepPDCFR+,0,26,25,500000,3909634.0,6693.909395556999,0.20825753151681878,-0.08961679358188654,0.004010369503886543,0.018744660541415215,0.211298868060112,0.14533370733261108,0.007154202554374933,0.0053636459633708,outer_iteration,,False,False,experiment_7_new_run,,,,,,,,,,,,,,,,,,,,,,,,,,,,
vr_deep_pdcfr_plus,VR-DeepPDCFR+,vr_deep_pdcfr_plus,VR-DeepPDCFR+,0,27,26,520000,4068410.0,6961.605461701998,0.20130466797317664,-0.1037021066026391,0.018095682524639098,0.020706184208393097,0.15833723545074463,0.1614655703306198,0.005104477982968092,0.005539177916944027,outer_iteration,,False,False,experiment_7_new_run,,,,,,,,,,,,,,,,,,,,,,,,,,,,
vr_deep_pdcfr_plus,VR-DeepPDCFR+,vr_deep_pdcfr_plus,VR-DeepPDCFR+,0,28,27,540000,4225271.0,7230.9839170439955,0.1856102333754292,-0.09268846415714163,0.0070820400791416355,0.01894824579358101,0.2620992362499237,0.18999731540679932,0.005265099927783012,0.005320928990840912,outer_iteration,,False,False,experiment_7_new_run,,,,,,,,,,,,,,,,,,,,,,,,,,,,
vr_deep_pdcfr_plus,VR-DeepPDCFR+,vr_deep_pdcfr_plus,VR-DeepPDCFR+,0,29,28,560000,4383184.0,7500.449892702003,0.19913596445490134,-0.09918865570703855,0.013582231629038558,0.020435145124793053,0.21111063659191132,0.1112530529499054,0.006588946562260389,0.005812841467559338,outer_iteration,,False,False,experiment_7_new_run,,,,,,,,,,,,,,,,,,,,,,,,,,,,
vr_deep_pdcfr_plus,VR-DeepPDCFR+,vr_deep_pdcfr_plus,VR-DeepPDCFR+,0,30,29,580000,4541713.0,7766.148986147004,0.1905179137051054,-0.10237808150358615,0.01677165742558616,0.019564839079976082,0.20955760776996613,0.13907258212566376,0.006678515113890171,0.0055686780251562595,outer_iteration,,False,False,experiment_7_new_run,,,,,,,,,,,,,,,,,,,,,,,,,,,,
vr_deep_pdcfr_plus,VR-DeepPDCFR+,vr_deep_pdcfr_plus,VR-DeepPDCFR+,0,31,30,600000,4699614.0,8033.014099138003,0.18129020531377693,-0.09605196083122755,0.010445536753227555,0.017915142700076103,0.20138931274414062,0.15447098016738892,0.0051344833336770535,0.00585987139493227,outer_iteration,,False,False,experiment_7_new_run,,,,,,,,,,,,,,,,,,,,,,,,,,,,
vr_deep_pdcfr_plus,VR-DeepPDCFR+,vr_deep_pdcfr_plus,VR-DeepPDCFR+,0,32,31,620000,4857827.0,8302.863638255993,0.19020473944063154,-0.10396806881132689,0.018361644733326896,0.018597686663269997,0.1931171417236328,0.1624823957681656,0.005385356489568949,0.005066941026598215,outer_iteration,,False,False,experiment_7_new_run,,,,,,,,,,,,,,,,,,,,,,,,,,,,
vr_deep_pdcfr_plus,VR-DeepPDCFR+,vr_deep_pdcfr_plus,VR-DeepPDCFR+,0,33,32,640000,5015358.0,8567.989097733996,0.17201215887991628,-0.09645425953133402,0.010847835453334023,0.017006846144795418,0.2263539582490921,0.1759849339723587,0.00601534079760313,0.007351733278483152,outer_iteration,,False,False,experiment_7_new_run,,,,,,,,,,,,,,,,,,,,,,,,,,,,
vr_deep_pdcfr_plus,VR-DeepPDCFR+,vr_deep_pdcfr_plus,VR-DeepPDCFR+,0,34,33,660000,5173462.0,8833.099163143997,0.1614769987522393,-0.09638752026123193,0.010781096183231934,0.016552789136767387,0.18340444564819336,0.14777101576328278,0.006919221952557564,0.005932859145104885,outer_iteration,,False,False,experiment_7_new_run,,,,,,,,,,,,,,,,,,,,,,,,,,,,
vr_deep_pdcfr_plus,VR-DeepPDCFR+,vr_deep_pdcfr_plus,VR-DeepPDCFR+,0,35,34,680000,5334997.0,9105.686007564,0.17597208473423254,-0.09326198458973656,0.007655560511736562,0.01668953336775303,0.16519735753536224,0.1757914274930954,0.0054414160549640656,0.006297244690358639,outer_iteration,,False,False,experiment_7_new_run,,,,,,,,,,,,,,,,,,,,,,,,,,,,
vr_deep_pdcfr_plus,VR-DeepPDCFR+,vr_deep_pdcfr_plus,VR-DeepPDCFR+,0,36,35,700000,5493854.0,9370.319549731998,0.16325762723173667,-0.09335200143754196,0.007745577359541969,0.01744041033089161,0.13731706142425537,0.12799914181232452,0.007083357311785221,0.004979413002729416,outer_iteration,,False,False,experiment_7_new_run,,,,,,,,,,,,,,,,,,,,,,,,,,,,
vr_deep_pdcfr_plus,VR-DeepPDCFR+,vr_deep_pdcfr_plus,VR-DeepPDCFR+,0,37,36,720000,5651824.0,9635.718559403002,0.16565285556050438,-0.09456506351651978,0.00895863943851978,0.015893666073679924,0.22473378479480743,0.18525683879852295,0.005689363460987806,0.005748971365392208,outer_iteration,,False,False,experiment_7_new_run,,,,,,,,,,,,,,,,,,,,,,,,,,,,
vr_deep_pdcfr_plus,VR-DeepPDCFR+,vr_deep_pdcfr_plus,VR-DeepPDCFR+,0,38,37,740000,5809878.0,9904.141708712996,0.18421965017684855,-0.10372175572921452,0.018115331651214525,0.0159642081707716,0.23772494494915009,0.13422143459320068,0.007564130704849958,0.005660060793161392,outer_iteration,,False,False,experiment_7_new_run,,,,,,,,,,,,,,,,,,,,,,,,,,,,
vr_deep_pdcfr_plus,VR-DeepPDCFR+,vr_deep_pdcfr_plus,VR-DeepPDCFR+,0,39,38,760000,5966841.0,10166.964942559993,0.17091649331762016,-0.1035625933463396,0.01795616926833961,0.014352086931467056,0.16869908571243286,0.22410237789154053,0.006440667901188135,0.004592512268573046,outer_iteration,,False,False,experiment_7_new_run,,,,,,,,,,,,,,,,,,,,,,,,,,,,
vr_deep_pdcfr_plus,VR-DeepPDCFR+,vr_deep_pdcfr_plus,VR-DeepPDCFR+,0,40,39,780000,6125691.0,10431.723752962003,0.1729042749503768,-0.09288573739547173,0.007279313317471739,0.016819359734654427,0.16673700511455536,0.21849651634693146,0.006511488929390907,0.0053269630298018456,outer_iteration,,False,False,experiment_7_new_run,,,,,,,,,,,,,,,,,,,,,,,,,,,,
vr_deep_pdcfr_plus,VR-DeepPDCFR+,vr_deep_pdcfr_plus,VR-DeepPDCFR+,0,41,40,800000,6284005.0,10696.066694983994,0.1745528506440236,-0.10078363712514335,0.015177213047143354,0.014835551381111145,0.18024183809757233,0.14415495097637177,0.00558151351287961,0.004128119442611933,outer_iteration,,False,False,experiment_7_new_run,,,,,,,,,,,,,,,,,,,,,,,,,,,,
vr_deep_pdcfr_plus,VR-DeepPDCFR+,vr_deep_pdcfr_plus,VR-DeepPDCFR+,0,42,41,820000,6442415.0,10962.987443794002,0.16654842410252557,-0.09594697285821407,0.010340548780214079,0.017353245988488197,0.21699465811252594,0.16184505820274353,0.006635610945522785,0.0037055891007184982,outer_iteration,,False,False,experiment_7_new_run,,,,,,,,,,,,,,,,,,,,,,,,,,,,
vr_deep_pdcfr_plus,VR-DeepPDCFR+,vr_deep_pdcfr_plus,VR-DeepPDCFR+,0,43,42,840000,6597221.0,11223.999960485991,0.1540954665084002,-0.09899309744128484,0.013386673363284848,0.016327911987900734,0.14557400345802307,0.19832806289196014,0.005578931886702776,0.004755701869726181,outer_iteration,,False,False,experiment_7_new_run,,,,,,,,,,,,,,,,,,,,,,,,,,,,
vr_deep_pdcfr_plus,VR-DeepPDCFR+,vr_deep_pdcfr_plus,VR-DeepPDCFR+,0,44,43,860000,6752999.0,11485.224227305996,0.14852319182058288,-0.09884894083696294,0.013242516758962944,0.015620131976902485,0.21293342113494873,0.22000350058078766,0.005316133610904217,0.004979589022696018,outer_iteration,,False,False,experiment_7_new_run,,,,,,,,,,,,,,,,,,,,,,,,,,,,
vr_deep_pdcfr_plus,VR-DeepPDCFR+,vr_deep_pdcfr_plus,VR-DeepPDCFR+,0,45,44,880000,6908757.0,11749.651916581992,0.1705513485840472,-0.10233945238213335,0.016733028304133354,0.014881819486618042,0.20825433731079102,0.1584388166666031,0.005381371360272169,0.005146186798810959,outer_iteration,,False,False,experiment_7_new_run,,,,,,,,,,,,,,,,,,,,,,,,,,,,
vr_deep_pdcfr_plus,VR-DeepPDCFR+,vr_deep_pdcfr_plus,VR-DeepPDCFR+,0,46,45,900000,7064220.0,12011.543901771001,0.1693490195578301,-0.09712529680033744,0.01151887272233744,0.014329404570162296,0.2296745926141739,0.21778182685375214,0.00499758031219244,0.005820015445351601,outer_iteration,,False,False,experiment_7_new_run,,,,,,,,,,,,,,,,,,,,,,,,,,,,
vr_deep_pdcfr_plus,VR-DeepPDCFR+,vr_deep_pdcfr_plus,VR-DeepPDCFR+,0,47,46,920000,7221457.0,12272.283770978,0.15253561439963859,-0.09886823451377513,0.013261810435775137,0.015350616537034512,0.23204626142978668,0.1595233827829361,0.00420026620849967,0.005433505866676569,outer_iteration,,False,False,experiment_7_new_run,,,,,,,,,,,,,,,,,,,,,,,,,,,,
vr_deep_pdcfr_plus,VR-DeepPDCFR+,vr_deep_pdcfr_plus,VR-DeepPDCFR+,0,48,47,940000,7377944.0,12534.656519665004,0.16522852769772844,-0.09889493602044439,0.01328851194244439,0.0144038749858737,0.20003944635391235,0.18411321938037872,0.005637886933982372,0.003935750108212233,outer_iteration,,False,False,experiment_7_new_run,,,,,,,,,,,,,,,,,,,,,,,,,,,,
vr_deep_pdcfr_plus,VR-DeepPDCFR+,vr_deep_pdcfr_plus,VR-DeepPDCFR+,0,49,48,960000,7535648.0,12799.423029793004,0.1423051286839777,-0.09926868419041615,0.013662260112416155,0.012867458164691925,0.1655433475971222,0.15774153172969818,0.006808937527239323,0.006380314938724041,outer_iteration,,False,False,experiment_7_new_run,,,,,,,,,,,,,,,,,,,,,,,,,,,,
vr_deep_pdcfr_plus,VR-DeepPDCFR+,vr_deep_pdcfr_plus,VR-DeepPDCFR+,0,50,49,980000,7692980.0,13060.214009535994,0.150708506645586,-0.09361668602816936,0.008010261950169364,0.013109716586768627,0.2043486386537552,0.17690689861774445,0.006494834553450346,0.00564443226903677,outer_iteration,,False,False,experiment_7_new_run,,,,,,,,,,,,,,,,,,,,,,,,,,,,
vr_deep_pdcfr_plus,VR-DeepPDCFR+,vr_deep_pdcfr_plus,VR-DeepPDCFR+,0,51,50,1000000,7852159.0,13321.864778488001,0.1543254407191908,-0.09317085378155843,0.007564429703558431,0.015223563648760319,0.22788047790527344,0.16116894781589508,0.005195772275328636,0.005694769322872162,outer_iteration,,False,False,experiment_7_new_run,,,,,,,,,,,,,,,,,,,,,,,,,,,,
vr_deep_pdcfr_plus,VR-DeepPDCFR+,vr_deep_pdcfr_plus,VR-DeepPDCFR+,0,52,51,1020000,8011531.0,13588.680162456003,0.15529700704168048,-0.09222015300205683,0.00661372892405683,0.01290920376777649,0.18356384336948395,0.1965543031692505,0.006410220172256231,0.006340282969176769,outer_iteration,,False,False,experiment_7_new_run,,,,,,,,,,,,,,,,,,,,,,,,,,,,
vr_deep_pdcfr_plus,VR-DeepPDCFR+,vr_deep_pdcfr_plus,VR-DeepPDCFR+,0,53,52,1040000,8168969.0,13851.759874365991,0.2091361272211845,-0.09190949216592428,0.006303068087924288,0.013346741907298565,0.2650701701641083,0.21718156337738037,0.0066311233676970005,0.004943348933011293,outer_iteration,,False,False,experiment_7_new_run,,,,,,,,,,,,,,,,,,,,,,,,,,,,
vr_deep_pdcfr_plus,VR-DeepPDCFR+,vr_deep_pdcfr_plus,VR-DeepPDCFR+,0,54,53,1060000,8326365.0,14112.592717498002,0.15538459142742228,-0.08745242145706841,0.0018459973790684175,0.014056761749088764,0.19830656051635742,0.17770326137542725,0.004767037928104401,0.004936956334859133,outer_iteration,,False,False,experiment_7_new_run,,,,,,,,,,,,,,,,,,,,,,,,,,,,
vr_deep_pdcfr_plus,VR-DeepPDCFR+,vr_deep_pdcfr_plus,VR-DeepPDCFR+,0,55,54,1080000,8482499.0,14374.469651231004,0.1805591412393328,-0.09321750165447945,0.007611077576479455,0.014168918132781982,0.19576632976531982,0.15407715737819672,0.005721536464989185,0.0053169503808021545,outer_iteration,,False,False,experiment_7_new_run,,,,,,,,,,,,,,,,,,,,,,,,,,,,
vr_deep_pdcfr_plus,VR-DeepPDCFR+,vr_deep_pdcfr_plus,VR-DeepPDCFR+,0,56,55,1100000,8638520.0,14636.008739408993,0.15580388104667064,-0.09196999291330196,0.0063635688353019665,0.013296592980623245,0.1985359638929367,0.15115633606910706,0.005134847480803728,0.006972047500312328,outer_iteration,,False,False,experiment_7_new_run,,,,,,,,,,,,,,,,,,,,,,,,,,,,
vr_deep_pdcfr_plus,VR-DeepPDCFR+,vr_deep_pdcfr_plus,VR-DeepPDCFR+,0,57,56,1120000,8795221.0,14897.480100870001,0.16911756871246528,-0.08476853468747411,0.0008378893905258838,0.013272163458168507,0.19206835329532623,0.14290985465049744,0.00476567167788744,0.005935224238783121,outer_iteration,,False,False,experiment_7_new_run,,,,,,,,,,,,,,,,,,,,,,,,,,,,
vr_deep_pdcfr_plus,VR-DeepPDCFR+,vr_deep_pdcfr_plus,VR-DeepPDCFR+,0,58,57,1140000,8951377.0,15159.502113814,0.15544158692529553,-0.0879282448110138,0.0023218207330138046,0.014214828610420227,0.16220052540302277,0.16647343337535858,0.007390753831714392,0.006460564211010933,outer_iteration,,False,False,experiment_7_new_run,,,,,,,,,,,,,,,,,,,,,,,,,,,,
vr_deep_pdcfr_plus,VR-DeepPDCFR+,vr_deep_pdcfr_plus,VR-DeepPDCFR+,0,59,58,1160000,9107524.0,15424.585774630992,0.13657860407862407,-0.08579229273657896,0.00018586865857896095,0.013733983971178532,0.15251372754573822,0.14458556473255157,0.0052246046252548695,0.004920783452689648,outer_iteration,,False,False,experiment_7_new_run,,,,,,,,,,,,,,,,,,,,,,,,,,,,
vr_deep_pdcfr_plus,VR-DeepPDCFR+,vr_deep_pdcfr_plus,VR-DeepPDCFR+,0,60,59,1180000,9263772.0,15685.321701662004,0.16368243419082762,-0.0865516818472247,0.0009452577692247027,0.013075464405119419,0.2385808229446411,0.1812456250190735,0.005415391642600298,0.006566052790731192,outer_iteration,,False,False,experiment_7_new_run,,,,,,,,,,,,,,,,,,,,,,,,,,,,
vr_deep_pdcfr_plus,VR-DeepPDCFR+,vr_deep_pdcfr_plus,VR-DeepPDCFR+,0,61,60,1200000,9423562.0,15949.769861038993,0.14076431232035275,-0.08634402151776141,0.0007375974397614143,0.013033811934292316,0.23127126693725586,0.1874622106552124,0.005216899793595076,0.005337361712008715,outer_iteration,,False,False,experiment_7_new_run,,,,,,,,,,,,,,,,,,,,,,,,,,,,
vr_deep_pdcfr_plus,VR-DeepPDCFR+,vr_deep_pdcfr_plus,VR-DeepPDCFR+,0,62,61,1220000,9581083.0,16214.426068543995,0.17296390112098825,-0.08700800462983824,0.0014015805518382413,0.01345707755535841,0.1698085069656372,0.19142353534698486,0.005931559018790722,0.0044355993159115314,outer_iteration,,False,False,experiment_7_new_run,,,,,,,,,,,,,,,,,,,,,,,,,,,,
vr_deep_pdcfr_plus,VR-DeepPDCFR+,vr_deep_pdcfr_plus,VR-DeepPDCFR+,0,63,62,1240000,9738939.0,16476.124115996005,0.12909653618128641,-0.08527463648095779,0.0003317875970422074,0.013830031268298626,0.18158896267414093,0.13734613358974457,0.006487502716481686,0.0052450234070420265,outer_iteration,,False,False,experiment_7_new_run,,,,,,,,,,,,,,,,,,,,,,,,,,,,
vr_deep_pdcfr_plus,VR-DeepPDCFR+,vr_deep_pdcfr_plus,VR-DeepPDCFR+,0,64,63,1260000,9896183.0,16737.163783568,0.15940005501341115,-0.0848030795239898,0.0008033445540101963,0.012862558476626873,0.19545519351959229,0.17125137150287628,0.006330105476081371,0.006641092244535685,outer_iteration,,False,False,experiment_7_new_run,,,,,,,,,,,,,,,,,,,,,,,,,,,,
vr_deep_pdcfr_plus,VR-DeepPDCFR+,vr_deep_pdcfr_plus,VR-DeepPDCFR+,0,65,64,1280000,10053364.0,16998.400630887,0.14058771328913694,-0.08077974084889139,0.004826683229108605,0.012994983233511448,0.18607598543167114,0.11648693680763245,0.005312764551490545,0.0053641474805772305,outer_iteration,,False,False,experiment_7_new_run,,,,,,,,,,,,,,,,,,,,,,,,,,,,
vr_deep_pdcfr_plus,VR-DeepPDCFR+,vr_deep_pdcfr_plus,VR-DeepPDCFR+,0,66,65,1300000,10208644.0,17259.205101986998,0.12283419386698091,-0.08611912342384159,0.0005126993458415968,0.014033571816980839,0.2269514799118042,0.14058183133602142,0.00461101159453392,0.006398140452802181,outer_iteration,,False,False,experiment_7_new_run,,,,,,,,,,,,,,,,,,,,,,,,,,,,
vr_deep_pdcfr_plus,VR-DeepPDCFR+,vr_deep_pdcfr_plus,VR-DeepPDCFR+,0,67,66,1320000,10364716.0,17519.457614764993,0.10844599333647154,-0.09205166606857068,0.006445241990570685,0.015030630864202976,0.1630232036113739,0.1794552057981491,0.0050620464608073235,0.006218138616532087,outer_iteration,,False,False,experiment_7_new_run,,,,,,,,,,,,,,,,,,,,,,,,,,,,
vr_deep_pdcfr_plus,VR-DeepPDCFR+,vr_deep_pdcfr_plus,VR-DeepPDCFR+,0,68,67,1340000,10521153.0,17777.878362945004,0.13807122261563873,-0.09031754711748785,0.004711123039487855,0.013188894838094711,0.19414491951465607,0.22009582817554474,0.005852119997143745,0.005447872448712587,outer_iteration,,False,False,experiment_7_new_run,,,,,,,,,,,,,,,,,,,,,,,,,,,,
vr_deep_pdcfr_plus,VR-DeepPDCFR+,vr_deep_pdcfr_plus,VR-DeepPDCFR+,0,69,68,1360000,10678413.0,18042.272880610995,0.13330546145476893,-0.08970709313203196,0.004100669054031961,0.013338166289031506,0.17660462856292725,0.15665222704410553,0.006046076770871878,0.006429862231016159,outer_iteration,,False,False,experiment_7_new_run,,,,,,,,,,,,,,,,,,,,,,,,,,,,
vr_deep_pdcfr_plus,VR-DeepPDCFR+,vr_deep_pdcfr_plus,VR-DeepPDCFR+,0,70,69,1380000,10835210.0,18301.237074998004,0.13899560352674026,-0.08710282634410565,0.0014964022661056592,0.013502438552677631,0.17525149881839752,0.20318566262722015,0.00479379016906023,0.006348402705043554,outer_iteration,,False,False,experiment_7_new_run,,,,,,,,,,,,,,,,,,,,,,,,,,,,
vr_deep_pdcfr_plus,VR-DeepPDCFR+,vr_deep_pdcfr_plus,VR-DeepPDCFR+,0,71,70,1400000,10992519.0,18560.332410896997,0.15946471780463775,-0.09246973366944913,0.006863309591449138,0.014203215949237347,0.15733514726161957,0.19042867422103882,0.004921384155750275,0.0050369249656796455,outer_iteration,,False,False,experiment_7_new_run,,,,,,,,,,,,,,,,,,,,,,,,,,,,
vr_deep_pdcfr_plus,VR-DeepPDCFR+,vr_deep_pdcfr_plus,VR-DeepPDCFR+,0,72,71,1420000,11149162.0,18820.963237852993,0.10879633897522467,-0.0880389660037324,0.002432541925732404,0.013675195164978504,0.19597816467285156,0.19311146438121796,0.005143688526004553,0.004885598551481962,outer_iteration,,False,False,experiment_7_new_run,,,,,,,,,,,,,,,,,,,,,,,,,,,,
vr_deep_pdcfr_plus,VR-DeepPDCFR+,vr_deep_pdcfr_plus,VR-DeepPDCFR+,0,73,72,1440000,11306074.0,19083.387665299,0.1309798931363945,-0.08726659665440223,0.001660172576402233,0.013502217829227448,0.16428177058696747,0.17829810082912445,0.006317697931081057,0.004952286370098591,outer_iteration,,False,False,experiment_7_new_run,,,,,,,,,,,,,,,,,,,,,,,,,,,,
vr_deep_pdcfr_plus,VR-DeepPDCFR+,vr_deep_pdcfr_plus,VR-DeepPDCFR+,0,74,73,1460000,11462278.0,19343.059286171992,0.1461297590197463,-0.09309606521539834,0.007489641137398348,0.013635029084980488,0.1954665184020996,0.21605272591114044,0.00680882204324007,0.005033832974731922,outer_iteration,,False,False,experiment_7_new_run,,,,,,,,,,,,,,,,,,,,,,,,,,,,
vr_deep_pdcfr_plus,VR-DeepPDCFR+,vr_deep_pdcfr_plus,VR-DeepPDCFR+,0,75,74,1480000,11619684.0,19601.632836418998,0.13242607612873664,-0.08766427604097979,0.0020578519629797926,0.01263105496764183,0.1927192211151123,0.1552044302225113,0.004543343558907509,0.005091441795229912,outer_iteration,,False,False,experiment_7_new_run,,,,,,,,,,,,,,,,,,,,,,,,,,,,
vr_deep_pdcfr_plus,VR-DeepPDCFR+,vr_deep_pdcfr_plus,VR-DeepPDCFR+,0,76,75,1500000,11776909.0,19863.523584923998,0.13147525889523629,-0.08806858727277128,0.0024621631947712858,0.01095022726804018,0.1675310879945755,0.194548562169075,0.005267377011477947,0.004338784143328667,outer_iteration,,False,False,experiment_7_new_run,,,,,,,,,,,,,,,,,,,,,,,,,,,,
vr_deep_pdcfr_plus,VR-DeepPDCFR+,vr_deep_pdcfr_plus,VR-DeepPDCFR+,0,77,76,1520000,11935419.0,20122.943592673997,0.10386255470517046,-0.08421200098468606,0.0013944230933139318,0.012494906783103943,0.19037611782550812,0.13935880362987518,0.005193762481212616,0.006109011359512806,outer_iteration,,False,False,experiment_7_new_run,,,,,,,,,,,,,,,,,,,,,,,,,,,,
vr_deep_pdcfr_plus,VR-DeepPDCFR+,vr_deep_pdcfr_plus,VR-DeepPDCFR+,0,78,77,1540000,12093200.0,20379.631036905004,0.12643365452678482,-0.09004649096534928,0.004440066887349284,0.012081269174814224,0.21851487457752228,0.17875410616397858,0.005802248138934374,0.005856095813214779,outer_iteration,,False,False,experiment_7_new_run,,,,,,,,,,,,,,,,,,,,,,,,,,,,
vr_deep_pdcfr_plus,VR-DeepPDCFR+,vr_deep_pdcfr_plus,VR-DeepPDCFR+,0,79,78,1560000,12249170.0,20640.533098129992,0.11608983310530091,-0.09392845152182544,0.008322027443825444,0.012589528225362301,0.13789965212345123,0.16222254931926727,0.00593762518838048,0.0072571877390146255,outer_iteration,,False,False,experiment_7_new_run,,,,,,,,,,,,,,,,,,,,,,,,,,,,
vr_deep_pdcfr_plus,VR-DeepPDCFR+,vr_deep_pdcfr_plus,VR-DeepPDCFR+,0,80,79,1580000,12405424.0,20901.600786487004,0.1547373883655742,-0.0851894682740384,0.00041695580396160226,0.011503315530717373,0.17414437234401703,0.14992596209049225,0.005624096840620041,0.005208005663007498,outer_iteration,,False,False,experiment_7_new_run,,,,,,,,,,,,,,,,,,,,,,,,,,,,
vr_deep_pdcfr_plus,VR-DeepPDCFR+,vr_deep_pdcfr_plus,VR-DeepPDCFR+,0,81,80,1600000,12560903.0,21160.142750569998,0.148896363733385,-0.08665702301778283,0.0010505989397828347,0.010962002910673618,0.14767029881477356,0.1261538714170456,0.0059037357568740845,0.006164081860333681,outer_iteration,,False,False,experiment_7_new_run,,,,,,,,,,,,,,,,,,,,,,,,,,,,
vr_deep_pdcfr_plus,VR-DeepPDCFR+,vr_deep_pdcfr_plus,VR-DeepPDCFR+,0,82,81,1620000,12716328.0,21417.585988334,0.11869401896307576,-0.08989343974107353,0.004287015663073532,0.011756271123886108,0.14360098540782928,0.13754187524318695,0.004640683531761169,0.005074916873127222,outer_iteration,,False,False,experiment_7_new_run,,,,,,,,,,,,,,,,,,,,,,,,,,,,
vr_deep_pdcfr_plus,VR-DeepPDCFR+,vr_deep_pdcfr_plus,VR-DeepPDCFR+,0,83,82,1640000,12870654.0,21679.187495605,0.11707843595274556,-0.0865604984600126,0.0009540743820126013,0.012212979607284069,0.1697801947593689,0.16016235947608948,0.0066834078170359135,0.0053915646858513355,outer_iteration,,False,False,experiment_7_new_run,,,,,,,,,,,,,,,,,,,,,,,,,,,,
vr_deep_pdcfr_plus,VR-DeepPDCFR+,vr_deep_pdcfr_plus,VR-DeepPDCFR+,0,84,83,1660000,13025328.0,21940.687437465996,0.1292227158286044,-0.08877614528557759,0.0031697212075775943,0.010662652552127838,0.17181845009326935,0.1825510412454605,0.005501940846443176,0.005535681266337633,outer_iteration,,False,False,experiment_7_new_run,,,,,,,,,,,,,,,,,,,,,,,,,,,,
vr_deep_pdcfr_plus,VR-DeepPDCFR+,vr_deep_pdcfr_plus,VR-DeepPDCFR+,0,85,84,1680000,13181475.0,22197.998269867996,0.10578891480197342,-0.08435464988785113,0.001251774190148866,0.012190678156912327,0.226645365357399,0.17905616760253906,0.004579766187816858,0.0044491044245660305,outer_iteration,,False,False,experiment_7_new_run,,,,,,,,,,,,,,,,,,,,,,,,,,,,
vr_deep_pdcfr_plus,VR-DeepPDCFR+,vr_deep_pdcfr_plus,VR-DeepPDCFR+,0,86,85,1700000,13336994.0,22458.443763739997,0.1296829998066365,-0.08653096727204301,0.0009245431940430177,0.010625080205500126,0.19814617931842804,0.19820523262023926,0.006924002896994352,0.006578091531991959,outer_iteration,,False,False,experiment_7_new_run,,,,,,,,,,,,,,,,,,,,,,,,,,,,
vr_deep_pdcfr_plus,VR-DeepPDCFR+,vr_deep_pdcfr_plus,VR-DeepPDCFR+,0,87,86,1720000,13493064.0,22720.578639115993,0.12562402621052166,-0.0836266539959207,0.0019797700820792935,0.011488699354231358,0.1451958864927292,0.21194224059581757,0.006342470645904541,0.00575078371912241,outer_iteration,,False,False,experiment_7_new_run,,,,,,,,,,,,,,,,,,,,,,,,,,,,
vr_deep_pdcfr_plus,VR-DeepPDCFR+,vr_deep_pdcfr_plus,VR-DeepPDCFR+,0,88,87,1740000,13648948.0,22977.894882066,0.1403688561784608,-0.08184249812316646,0.003763925954833533,0.010933217592537403,0.18428492546081543,0.16545835137367249,0.005597775802016258,0.004872164689004421,outer_iteration,,False,False,experiment_7_new_run,,,,,,,,,,,,,,,,,,,,,,,,,,,,
vr_deep_pdcfr_plus,VR-DeepPDCFR+,vr_deep_pdcfr_plus,VR-DeepPDCFR+,0,89,88,1760000,13805633.0,23237.187543638996,0.12933966679318748,-0.07974061876213367,0.005865805315866321,0.011997625231742859,0.1655212938785553,0.1587619036436081,0.0058639682829380035,0.006376366131007671,outer_iteration,,False,False,experiment_7_new_run,,,,,,,,,,,,,,,,,,,,,,,,,,,,
vr_deep_pdcfr_plus,VR-DeepPDCFR+,vr_deep_pdcfr_plus,VR-DeepPDCFR+,0,90,89,1780000,13960366.0,23503.093309140997,0.1432830655621471,-0.08422084577501296,0.0013855783029870367,0.011624626815319061,0.24196182191371918,0.20264993607997894,0.005416675470769405,0.004671524278819561,outer_iteration,,False,False,experiment_7_new_run,,,,,,,,,,,,,,,,,,,,,,,,,,,,
vr_deep_pdcfr_plus,VR-DeepPDCFR+,vr_deep_pdcfr_plus,VR-DeepPDCFR+,0,91,90,1800000,14115485.0,23760.473973101005,0.12872277481350974,-0.08403269289067247,0.0015737311873275234,0.01091004814952612,0.2186405509710312,0.2016913741827011,0.0055502625182271,0.005529382266104221,outer_iteration,,False,False,experiment_7_new_run,,,,,,,,,,,,,,,,,,,,,,,,,,,,
vr_deep_pdcfr_plus,VR-DeepPDCFR+,vr_deep_pdcfr_plus,VR-DeepPDCFR+,0,92,91,1820000,14271324.0,24016.913840894995,0.11895298779746132,-0.08401279758280988,0.001593626495190112,0.013079620897769928,0.18943767249584198,0.19834434986114502,0.005579641088843346,0.006809597834944725,outer_iteration,,False,False,experiment_7_new_run,,,,,,,,,,,,,,,,,,,,,,,,,,,,
vr_deep_pdcfr_plus,VR-DeepPDCFR+,vr_deep_pdcfr_plus,VR-DeepPDCFR+,0,93,92,1840000,14424787.0,24277.08374299,0.10841807540263902,-0.08608380936928606,0.00047738529128606155,0.01141048502177,0.1945439577102661,0.2196493297815323,0.006051225587725639,0.005307171493768692,outer_iteration,,False,False,experiment_7_new_run,,,,,,,,,,,,,,,,,,,,,,,,,,,,
vr_deep_pdcfr_plus,VR-DeepPDCFR+,vr_deep_pdcfr_plus,VR-DeepPDCFR+,0,94,93,1860000,14578817.0,24534.32849458199,0.10009465269377854,-0.08501061447198952,0.0005958096060104806,0.011545904912054539,0.19741173088550568,0.17601947486400604,0.005527053959667683,0.005695895291864872,outer_iteration,,False,False,experiment_7_new_run,,,,,,,,,,,,,,,,,,,,,,,,,,,,
vr_deep_pdcfr_plus,VR-DeepPDCFR+,vr_deep_pdcfr_plus,VR-DeepPDCFR+,0,95,94,1880000,14733732.0,24793.151425574004,0.13703089420359532,-0.08144048010070928,0.004165943977290712,0.011562417261302471,0.19073402881622314,0.16158927977085114,0.004992823116481304,0.004727010149508715,outer_iteration,,False,False,experiment_7_new_run,,,,,,,,,,,,,,,,,,,,,,,,,,,,
vr_deep_pdcfr_plus,VR-DeepPDCFR+,vr_deep_pdcfr_plus,VR-DeepPDCFR+,0,96,95,1900000,14889273.0,25051.730719988,0.11940481289270174,-0.08330901805908908,0.0022974060189109163,0.01166537869721651,0.20407216250896454,0.16497807204723358,0.006054716184735298,0.005179685074836016,outer_iteration,,False,False,experiment_7_new_run,,,,,,,,,,,,,,,,,,,,,,,,,,,,
vr_deep_pdcfr_plus,VR-DeepPDCFR+,vr_deep_pdcfr_plus,VR-DeepPDCFR+,0,97,96,1920000,15043123.0,25311.369169343,0.12627463290596505,-0.08697639920521136,0.001369975127211362,0.01169249415397644,0.19528283178806305,0.20497000217437744,0.005514904856681824,0.005190073512494564,outer_iteration,,False,False,experiment_7_new_run,,,,,,,,,,,,,,,,,,,,,,,,,,,,
vr_deep_pdcfr_plus,VR-DeepPDCFR+,vr_deep_pdcfr_plus,VR-DeepPDCFR+,1,0,0,0,0.0,0.7403682169970125,2.373611111111111,-0.078125,0.007481424077999996,,,,,,initial_untrained_policy,,True,False,experiment_7_new_run,,,,,,,,,,,,,,,,,,,,,,,,,,,,
vr_deep_pdcfr_plus,VR-DeepPDCFR+,vr_deep_pdcfr_plus,VR-DeepPDCFR+,1,1,1,1429,10001.0,26.513956124996184,1.0016968491206566,0.0010798883972856776,0.08668631247528567,1.1275762545892576e-08,,,,,early_node_threshold,10000,False,False,experiment_7_new_run,,,,,,,,,,,,,,,,,,,,,,,,,,,,
vr_deep_pdcfr_plus,VR-DeepPDCFR+,vr_deep_pdcfr_plus,VR-DeepPDCFR+,1,2,1,20000,132292.0,273.1509790229902,3.8811775689510757,0.9999425166546154,1.0855489407326153,1.5839263767247758e-07,0.006766956299543381,0.3996840715408325,1.8379281430114247e-10,0.0015203619841486216,outer_iteration,,False,False,experiment_7_new_run,,,,,,,,,,,,,,,,,,,,,,,,,,,,
vr_deep_pdcfr_plus,VR-DeepPDCFR+,vr_deep_pdcfr_plus,VR-DeepPDCFR+,1,3,2,40000,268741.0,521.4017241379916,2.5427346166617664,-0.6884117555008419,0.6028053314228419,0.06352067738771439,0.3746071755886078,0.21847325563430786,0.004519270732998848,0.004995130468159914,outer_iteration,,False,False,experiment_7_new_run,,,,,,,,,,,,,,,,,,,,,,,,,,,,
vr_deep_pdcfr_plus,VR-DeepPDCFR+,vr_deep_pdcfr_plus,VR-DeepPDCFR+,1,4,3,60000,426753.0,786.8810261199978,2.175775566905462,-0.18681824477548653,0.10121182069748653,0.12286257743835449,0.3092045187950134,0.22349156439304352,0.004774690605700016,0.00572951789945364,outer_iteration,,False,False,experiment_7_new_run,,,,,,,,,,,,,,,,,,,,,,,,,,,,
vr_deep_pdcfr_plus,VR-DeepPDCFR+,vr_deep_pdcfr_plus,VR-DeepPDCFR+,1,5,4,80000,588741.0,1054.2881818069873,1.8768828112498395,0.09523243783879887,0.18083886191679888,0.12402790784835815,0.27999478578567505,0.17166216671466827,0.005902815610170364,0.00592487957328558,outer_iteration,,False,False,experiment_7_new_run,,,,,,,,,,,,,,,,,,,,,,,,,,,,
vr_deep_pdcfr_plus,VR-DeepPDCFR+,vr_deep_pdcfr_plus,VR-DeepPDCFR+,1,6,5,100000,744769.0,1317.324344816996,1.0969975587664713,-0.1187666776586673,0.03316025358066731,0.09020131826400757,0.272868275642395,0.07967907190322876,0.005385969299823046,0.004964448977261782,outer_iteration,,False,False,experiment_7_new_run,,,,,,,,,,,,,,,,,,,,,,,,,,,,
vr_deep_pdcfr_plus,VR-DeepPDCFR+,vr_deep_pdcfr_plus,VR-DeepPDCFR+,1,7,6,120000,901740.0,1584.2748742999975,0.9043211199785506,-0.059112800102069596,0.0264936239759304,0.07859913259744644,0.16681160032749176,0.11807208508253098,0.00593211967498064,0.006388941779732704,outer_iteration,,False,False,experiment_7_new_run,,,,,,,,,,,,,,,,,,,,,,,,,,,,
vr_deep_pdcfr_plus,VR-DeepPDCFR+,vr_deep_pdcfr_plus,VR-DeepPDCFR+,1,8,7,140000,1061781.0,1854.2091295179998,0.6478064714766583,-0.11731017797473683,0.03170375389673684,0.06745661050081253,0.1842624694108963,0.11980753391981125,0.0067431326024234295,0.006675434298813343,outer_iteration,,False,False,experiment_7_new_run,,,,,,,,,,,,,,,,,,,,,,,,,,,,
vr_deep_pdcfr_plus,VR-DeepPDCFR+,vr_deep_pdcfr_plus,VR-DeepPDCFR+,1,9,8,160000,1220219.0,2118.0718145609862,0.5202729823905959,-0.13326503270340184,0.047658608625401847,0.05622920021414757,0.18627166748046875,0.11858638375997543,0.007066780235618353,0.006169326603412628,outer_iteration,,False,False,experiment_7_new_run,,,,,,,,,,,,,,,,,,,,,,,,,,,,
vr_deep_pdcfr_plus,VR-DeepPDCFR+,vr_deep_pdcfr_plus,VR-DeepPDCFR+,1,10,9,180000,1376960.0,2375.74790437099,0.4895409279811885,-0.1241961527640002,0.038589728686000205,0.05016804859042168,0.1239098310470581,0.18523375689983368,0.004839351866394281,0.006783324759453535,outer_iteration,,False,False,experiment_7_new_run,,,,,,,,,,,,,,,,,,,,,,,,,,,,
vr_deep_pdcfr_plus,VR-DeepPDCFR+,vr_deep_pdcfr_plus,VR-DeepPDCFR+,1,11,10,200000,1533431.0,2639.9887231159955,0.5082121284478535,-0.07343306199067809,0.012173362087321907,0.04207839071750641,0.09343726187944412,0.20152612030506134,0.005509674083441496,0.006581858266144991,outer_iteration,,False,False,experiment_7_new_run,,,,,,,,,,,,,,,,,,,,,,,,,,,,
vr_deep_pdcfr_plus,VR-DeepPDCFR+,vr_deep_pdcfr_plus,VR-DeepPDCFR+,1,12,11,220000,1688828.0,2895.0809301969857,0.440624323077515,-0.11429513123498825,0.02868870715698825,0.03972581401467323,0.15766309201717377,0.14149732887744904,0.006649268791079521,0.0058785430155694485,outer_iteration,,False,False,experiment_7_new_run,,,,,,,,,,,,,,,,,,,,,,,,,,,,
vr_deep_pdcfr_plus,VR-DeepPDCFR+,vr_deep_pdcfr_plus,VR-DeepPDCFR+,1,13,12,240000,1841287.0,3147.1142178869923,0.38902718104566797,-0.1138661472439989,0.02825972316599891,0.03938784822821617,0.12252140790224075,0.12710468471050262,0.00582653284072876,0.00643764715641737,outer_iteration,,False,False,experiment_7_new_run,,,,,,,,,,,,,,,,,,,,,,,,,,,,
vr_deep_pdcfr_plus,VR-DeepPDCFR+,vr_deep_pdcfr_plus,VR-DeepPDCFR+,1,14,13,260000,1995616.0,3404.628550191992,0.3569047582694956,-0.13764466935486502,0.05203824527686503,0.03251618519425392,0.1570659726858139,0.09568199515342712,0.007622179109603167,0.005919461604207754,outer_iteration,,False,False,experiment_7_new_run,,,,,,,,,,,,,,,,,,,,,,,,,,,,
vr_deep_pdcfr_plus,VR-DeepPDCFR+,vr_deep_pdcfr_plus,VR-DeepPDCFR+,1,15,14,280000,2153488.0,3668.4872204659914,0.3307075705455168,-0.13512049883156035,0.04951407475356036,0.030178332701325417,0.15689827501773834,0.08428826183080673,0.00728304497897625,0.006466498598456383,outer_iteration,,False,False,experiment_7_new_run,,,,,,,,,,,,,,,,,,,,,,,,,,,,
vr_deep_pdcfr_plus,VR-DeepPDCFR+,vr_deep_pdcfr_plus,VR-DeepPDCFR+,1,16,15,300000,2308341.0,3925.105328531994,0.28937905934582975,-0.13704864190164165,0.05144221782364165,0.0282948836684227,0.1633492112159729,0.23073606193065643,0.006495332811027765,0.006446969695389271,outer_iteration,,False,False,experiment_7_new_run,,,,,,,,,,,,,,,,,,,,,,,,,,,,
vr_deep_pdcfr_plus,VR-DeepPDCFR+,vr_deep_pdcfr_plus,VR-DeepPDCFR+,1,17,16,320000,2465629.0,4184.165847156997,0.26444530418164974,-0.1210749910636034,0.0354685669856034,0.027005275711417198,0.2154250293970108,0.1557331681251526,0.005683526862412691,0.006255908403545618,outer_iteration,,False,False,experiment_7_new_run,,,,,,,,,,,,,,,,,,,,,,,,,,,,
vr_deep_pdcfr_plus,VR-DeepPDCFR+,vr_deep_pdcfr_plus,VR-DeepPDCFR+,1,18,17,340000,2622449.0,4448.42837324299,0.27078172734323214,-0.1220486807236135,0.0364422566456135,0.024662373587489128,0.1682988405227661,0.13969165086746216,0.005139418877661228,0.007535815238952637,outer_iteration,,False,False,experiment_7_new_run,,,,,,,,,,,,,,,,,,,,,,,,,,,,
vr_deep_pdcfr_plus,VR-DeepPDCFR+,vr_deep_pdcfr_plus,VR-DeepPDCFR+,1,19,18,360000,2778606.0,4704.693299834995,0.23516549489990438,-0.11572345272731369,0.03011702864931369,0.026196399703621864,0.15338438749313354,0.17050838470458984,0.006002582609653473,0.005828118417412043,outer_iteration,,False,False,experiment_7_new_run,,,,,,,,,,,,,,,,,,,,,,,,,,,,
vr_deep_pdcfr_plus,VR-DeepPDCFR+,vr_deep_pdcfr_plus,VR-DeepPDCFR+,1,20,19,380000,2933170.0,4961.490660757991,0.25761639235496114,-0.11532569815215038,0.029719274074150384,0.024684859439730644,0.24392683804035187,0.15735174715518951,0.006434121169149876,0.0069204107858240604,outer_iteration,,False,False,experiment_7_new_run,,,,,,,,,,,,,,,,,,,,,,,,,,,,
vr_deep_pdcfr_plus,VR-DeepPDCFR+,vr_deep_pdcfr_plus,VR-DeepPDCFR+,1,21,20,400000,3088551.0,5223.15023103499,0.22604523003316532,-0.11849746720580026,0.032891043127800265,0.021438883617520332,0.21220465004444122,0.16685537993907928,0.005812033545225859,0.0052201696671545506,outer_iteration,,False,False,experiment_7_new_run,,,,,,,,,,,,,,,,,,,,,,,,,,,,
vr_deep_pdcfr_plus,VR-DeepPDCFR+,vr_deep_pdcfr_plus,VR-DeepPDCFR+,1,22,21,420000,3244044.0,5481.511718373993,0.21772081522467085,-0.10841819256893279,0.02281176849093279,0.02388501912355423,0.20714901387691498,0.17007093131542206,0.007472940254956484,0.0061501613818109035,outer_iteration,,False,False,experiment_7_new_run,,,,,,,,,,,,,,,,,,,,,,,,,,,,
vr_deep_pdcfr_plus,VR-DeepPDCFR+,vr_deep_pdcfr_plus,VR-DeepPDCFR+,1,23,22,440000,3401947.0,5743.212677874995,0.2202469505749331,-0.103495726619305,0.01788930254130501,0.02261085994541645,0.2480066865682602,0.1272760033607483,0.005345724523067474,0.006960255093872547,outer_iteration,,False,False,experiment_7_new_run,,,,,,,,,,,,,,,,,,,,,,,,,,,,
vr_deep_pdcfr_plus,VR-DeepPDCFR+,vr_deep_pdcfr_plus,VR-DeepPDCFR+,1,24,23,460000,3559967.0,6004.121205953998,0.20036045143507425,-0.1106805069653562,0.0250740828873562,0.01966780424118042,0.16549156606197357,0.15689195692539215,0.005319075658917427,0.005852314177900553,outer_iteration,,False,False,experiment_7_new_run,,,,,,,,,,,,,,,,,,,,,,,,,,,,
vr_deep_pdcfr_plus,VR-DeepPDCFR+,vr_deep_pdcfr_plus,VR-DeepPDCFR+,1,25,24,480000,3717668.0,6265.792294862986,0.20086277673967454,-0.11182830874152808,0.02622188466352808,0.02096862532198429,0.2061685174703598,0.1518675535917282,0.0056783705949783325,0.005126018542796373,outer_iteration,,False,False,experiment_7_new_run,,,,,,,,,,,,,,,,,,,,,,,,,,,,
vr_deep_pdcfr_plus,VR-DeepPDCFR+,vr_deep_pdcfr_plus,VR-DeepPDCFR+,1,26,25,500000,3876430.0,6524.258680173996,0.18872992388654142,-0.10154590405162942,0.01593947997362942,0.020789938047528267,0.22514040768146515,0.1315900683403015,0.0065489234402775764,0.005229969974607229,outer_iteration,,False,False,experiment_7_new_run,,,,,,,,,,,,,,,,,,,,,,,,,,,,
vr_deep_pdcfr_plus,VR-DeepPDCFR+,vr_deep_pdcfr_plus,VR-DeepPDCFR+,1,27,26,520000,4034255.0,6782.213030132989,0.18252742316906106,-0.10191961469988398,0.01631319062188398,0.019425395876169205,0.2271430492401123,0.1689901351928711,0.005826456937938929,0.005954981781542301,outer_iteration,,False,False,experiment_7_new_run,,,,,,,,,,,,,,,,,,,,,,,,,,,,
vr_deep_pdcfr_plus,VR-DeepPDCFR+,vr_deep_pdcfr_plus,VR-DeepPDCFR+,1,28,27,540000,4192952.0,7044.611799422986,0.1788827936371176,-0.10604584183345667,0.02043941775545667,0.019818734377622604,0.1895790547132492,0.23409192264080048,0.006850773934274912,0.004526360891759396,outer_iteration,,False,False,experiment_7_new_run,,,,,,,,,,,,,,,,,,,,,,,,,,,,
vr_deep_pdcfr_plus,VR-DeepPDCFR+,vr_deep_pdcfr_plus,VR-DeepPDCFR+,1,29,28,560000,4351203.0,7304.881798685994,0.19544620818651728,-0.10021566771758425,0.014609243639584255,0.01715315319597721,0.19743883609771729,0.177019402384758,0.006204538978636265,0.00551625806838274,outer_iteration,,False,False,experiment_7_new_run,,,,,,,,,,,,,,,,,,,,,,,,,,,,
vr_deep_pdcfr_plus,VR-DeepPDCFR+,vr_deep_pdcfr_plus,VR-DeepPDCFR+,1,30,29,580000,4508455.0,7566.464400027995,0.1699924611996093,-0.10316224712394828,0.017555823045948285,0.01956002041697502,0.19758237898349762,0.12752528488636017,0.006463048048317432,0.005326691549271345,outer_iteration,,False,False,experiment_7_new_run,,,,,,,,,,,,,,,,,,,,,,,,,,,,
vr_deep_pdcfr_plus,VR-DeepPDCFR+,vr_deep_pdcfr_plus,VR-DeepPDCFR+,1,31,30,600000,4665028.0,7824.564848298993,0.19161371484772705,-0.10338262405355408,0.01777619997555409,0.01816515438258648,0.1754435896873474,0.15482327342033386,0.005807685665786266,0.0058954693377017975,outer_iteration,,False,False,experiment_7_new_run,,,,,,,,,,,,,,,,,,,,,,,,,,,,
vr_deep_pdcfr_plus,VR-DeepPDCFR+,vr_deep_pdcfr_plus,VR-DeepPDCFR+,1,32,31,620000,4821767.0,8089.298734132986,0.1849504675838079,-0.09993086773265622,0.014324443654656224,0.017513694241642952,0.14356854557991028,0.17195433378219604,0.005277702119201422,0.004554128274321556,outer_iteration,,False,False,experiment_7_new_run,,,,,,,,,,,,,,,,,,,,,,,,,,,,
vr_deep_pdcfr_plus,VR-DeepPDCFR+,vr_deep_pdcfr_plus,VR-DeepPDCFR+,1,33,32,640000,4977822.0,8348.428585616988,0.17999068091887732,-0.10331700839479976,0.01771058431679977,0.015606495551764965,0.18426911532878876,0.1820138543844223,0.0052789803594350815,0.0066391522996127605,outer_iteration,,False,False,experiment_7_new_run,,,,,,,,,,,,,,,,,,,,,,,,,,,,
vr_deep_pdcfr_plus,VR-DeepPDCFR+,vr_deep_pdcfr_plus,VR-DeepPDCFR+,1,34,33,660000,5134754.0,8606.300820178993,0.15173728038976675,-0.10209556197262684,0.016489137894626846,0.016247671097517014,0.14775791764259338,0.1514388471841812,0.0053548021242022514,0.004530587233603001,outer_iteration,,False,False,experiment_7_new_run,,,,,,,,,,,,,,,,,,,,,,,,,,,,
vr_deep_pdcfr_plus,VR-DeepPDCFR+,vr_deep_pdcfr_plus,VR-DeepPDCFR+,1,35,34,680000,5292334.0,8867.076703167986,0.19266477702527984,-0.10031193901201149,0.014705514934011496,0.017618520185351372,0.16601644456386566,0.1511950045824051,0.0055337753146886826,0.0052501726895570755,outer_iteration,,False,False,experiment_7_new_run,,,,,,,,,,,,,,,,,,,,,,,,,,,,
vr_deep_pdcfr_plus,VR-DeepPDCFR+,vr_deep_pdcfr_plus,VR-DeepPDCFR+,1,36,35,700000,5449006.0,9124.761043532999,0.19260316335398173,-0.09579294411052386,0.010186520032523863,0.017374811694025993,0.19187051057815552,0.1416998654603958,0.004361222963780165,0.005128544755280018,outer_iteration,,False,False,experiment_7_new_run,,,,,,,,,,,,,,,,,,,,,,,,,,,,
vr_deep_pdcfr_plus,VR-DeepPDCFR+,vr_deep_pdcfr_plus,VR-DeepPDCFR+,1,37,36,720000,5604743.0,9383.117709683997,0.15927151468327255,-0.09444938560641616,0.008842961528416168,0.015924936160445213,0.17087964713573456,0.18843555450439453,0.003887887578457594,0.005952779669314623,outer_iteration,,False,False,experiment_7_new_run,,,,,,,,,,,,,,,,,,,,,,,,,,,,
vr_deep_pdcfr_plus,VR-DeepPDCFR+,vr_deep_pdcfr_plus,VR-DeepPDCFR+,1,38,37,740000,5761343.0,9645.060264676998,0.16559051511353556,-0.10198101405404683,0.016374589976046836,0.015948045998811722,0.20003819465637207,0.16229145228862762,0.006185112055391073,0.005071423016488552,outer_iteration,,False,False,experiment_7_new_run,,,,,,,,,,,,,,,,,,,,,,,,,,,,
vr_deep_pdcfr_plus,VR-DeepPDCFR+,vr_deep_pdcfr_plus,VR-DeepPDCFR+,1,39,38,760000,5917687.0,9908.39506521399,0.15677388947911503,-0.09993849948225503,0.014332075404255032,0.016179600730538368,0.18819673359394073,0.20184867084026337,0.006921964231878519,0.006056634709239006,outer_iteration,,False,False,experiment_7_new_run,,,,,,,,,,,,,,,,,,,,,,,,,,,,
vr_deep_pdcfr_plus,VR-DeepPDCFR+,vr_deep_pdcfr_plus,VR-DeepPDCFR+,1,40,39,780000,6075766.0,10170.353749935995,0.16622511201559298,-0.09689301101006598,0.011286586932065981,0.01975342445075512,0.22896867990493774,0.19499756395816803,0.004733431618660688,0.005545887164771557,outer_iteration,,False,False,experiment_7_new_run,,,,,,,,,,,,,,,,,,,,,,,,,,,,
vr_deep_pdcfr_plus,VR-DeepPDCFR+,vr_deep_pdcfr_plus,VR-DeepPDCFR+,1,41,40,800000,6232452.0,10428.643919951995,0.1540010216243758,-0.0958418557716118,0.01023543169361181,0.015788869932293892,0.16729043424129486,0.21933592855930328,0.005644741002470255,0.0050948625430464745,outer_iteration,,False,False,experiment_7_new_run,,,,,,,,,,,,,,,,,,,,,,,,,,,,
vr_deep_pdcfr_plus,VR-DeepPDCFR+,vr_deep_pdcfr_plus,VR-DeepPDCFR+,1,42,41,820000,6390864.0,10693.249070720994,0.15712702330556153,-0.09890071649271048,0.013294292414710487,0.016795387491583824,0.19805927574634552,0.13150665163993835,0.0056672594510018826,0.005318893119692802,outer_iteration,,False,False,experiment_7_new_run,,,,,,,,,,,,,,,,,,,,,,,,,,,,
vr_deep_pdcfr_plus,VR-DeepPDCFR+,vr_deep_pdcfr_plus,VR-DeepPDCFR+,1,43,42,840000,6547818.0,10953.414616092996,0.16721741880824204,-0.0938198777960792,0.008213453718079203,0.017091020941734314,0.1853802651166916,0.1755215972661972,0.005239500664174557,0.006447336170822382,outer_iteration,,False,False,experiment_7_new_run,,,,,,,,,,,,,,,,,,,,,,,,,,,,
vr_deep_pdcfr_plus,VR-DeepPDCFR+,vr_deep_pdcfr_plus,VR-DeepPDCFR+,1,44,43,860000,6703583.0,11213.288552262995,0.1301065159382384,-0.09410681712650534,0.008500393048505347,0.016275877133011818,0.19290995597839355,0.16288377344608307,0.004725982900708914,0.00597796868532896,outer_iteration,,False,False,experiment_7_new_run,,,,,,,,,,,,,,,,,,,,,,,,,,,,
vr_deep_pdcfr_plus,VR-DeepPDCFR+,vr_deep_pdcfr_plus,VR-DeepPDCFR+,1,45,44,880000,6859742.0,11475.028371775988,0.15720953935732146,-0.09355706450335463,0.007950640425354635,0.015862558037042618,0.2397851198911667,0.18494446575641632,0.006103992462158203,0.005629012361168861,outer_iteration,,False,False,experiment_7_new_run,,,,,,,,,,,,,,,,,,,,,,,,,,,,
vr_deep_pdcfr_plus,VR-DeepPDCFR+,vr_deep_pdcfr_plus,VR-DeepPDCFR+,1,46,45,900000,7018485.0,11741.057266082993,0.1362693928165778,-0.09232570719804273,0.006719283120042732,0.015245593152940273,0.22337059676647186,0.16178524494171143,0.004533218219876289,0.004853966645896435,outer_iteration,,False,False,experiment_7_new_run,,,,,,,,,,,,,,,,,,,,,,,,,,,,
vr_deep_pdcfr_plus,VR-DeepPDCFR+,vr_deep_pdcfr_plus,VR-DeepPDCFR+,1,47,46,920000,7175150.0,12000.519145774,0.13343644534115398,-0.09226129185958587,0.006654867781585874,0.01577909290790558,0.20378875732421875,0.19182080030441284,0.005466367583721876,0.005598538089543581,outer_iteration,,False,False,experiment_7_new_run,,,,,,,,,,,,,,,,,,,,,,,,,,,,
vr_deep_pdcfr_plus,VR-DeepPDCFR+,vr_deep_pdcfr_plus,VR-DeepPDCFR+,1,48,47,940000,7331329.0,12256.879495132991,0.14043987600123972,-0.09203938716108714,0.006432963083087148,0.015022273175418377,0.17521323263645172,0.1809500902891159,0.006162985693663359,0.005834520794451237,outer_iteration,,False,False,experiment_7_new_run,,,,,,,,,,,,,,,,,,,,,,,,,,,,
vr_deep_pdcfr_plus,VR-DeepPDCFR+,vr_deep_pdcfr_plus,VR-DeepPDCFR+,1,49,48,960000,7488221.0,12521.940515521987,0.1440222756679539,-0.08871576417991639,0.003109340101916394,0.014670359902083874,0.24827860295772552,0.13335572183132172,0.004935663193464279,0.007134926505386829,outer_iteration,,False,False,experiment_7_new_run,,,,,,,,,,,,,,,,,,,,,,,,,,,,
vr_deep_pdcfr_plus,VR-DeepPDCFR+,vr_deep_pdcfr_plus,VR-DeepPDCFR+,1,50,49,980000,7644147.0,12780.063094615994,0.15931827672959187,-0.08916683360219135,0.0035604095241913575,0.016103656962513924,0.20617759227752686,0.132466122508049,0.005688576027750969,0.005806800909340382,outer_iteration,,False,False,experiment_7_new_run,,,,,,,,,,,,,,,,,,,,,,,,,,,,
vr_deep_pdcfr_plus,VR-DeepPDCFR+,vr_deep_pdcfr_plus,VR-DeepPDCFR+,1,51,50,1000000,7801316.0,13039.559376417994,0.14650649101681523,-0.08919586283085806,0.003589438752858068,0.014450316317379475,0.19649450480937958,0.17479078471660614,0.00705250259488821,0.0055213673040270805,outer_iteration,,False,False,experiment_7_new_run,,,,,,,,,,,,,,,,,,,,,,,,,,,,
vr_deep_pdcfr_plus,VR-DeepPDCFR+,vr_deep_pdcfr_plus,VR-DeepPDCFR+,1,52,51,1020000,7959041.0,13300.532059475998,0.13150728065142397,-0.0924870018475552,0.00688057776955521,0.014418265782296658,0.21598057448863983,0.14701855182647705,0.004829621873795986,0.0049849944189190865,outer_iteration,,False,False,experiment_7_new_run,,,,,,,,,,,,,,,,,,,,,,,,,,,,
vr_deep_pdcfr_plus,VR-DeepPDCFR+,vr_deep_pdcfr_plus,VR-DeepPDCFR+,1,53,52,1040000,8116453.0,13563.567519687,0.1368952954136728,-0.09445044840956163,0.008844024331561631,0.014413676224648952,0.21935920417308807,0.2164631485939026,0.005460971966385841,0.006068623159080744,outer_iteration,,False,False,experiment_7_new_run,,,,,,,,,,,,,,,,,,,,,,,,,,,,
vr_deep_pdcfr_plus,VR-DeepPDCFR+,vr_deep_pdcfr_plus,VR-DeepPDCFR+,1,54,53,1060000,8274158.0,13822.710031493,0.1362063995567114,-0.0916155709577755,0.006009146879775509,0.014300443232059479,0.15454518795013428,0.14316429197788239,0.0054733045399188995,0.006347921676933765,outer_iteration,,False,False,experiment_7_new_run,,,,,,,,,,,,,,,,,,,,,,,,,,,,
vr_deep_pdcfr_plus,VR-DeepPDCFR+,vr_deep_pdcfr_plus,VR-DeepPDCFR+,1,55,54,1080000,8429251.0,14079.773578324995,0.15390817220942904,-0.08859678964792461,0.0029903655699246162,0.01576114259660244,0.2887214422225952,0.19572734832763672,0.006767373997718096,0.007525382097810507,outer_iteration,,False,False,experiment_7_new_run,,,,,,,,,,,,,,,,,,,,,,,,,,,,
vr_deep_pdcfr_plus,VR-DeepPDCFR+,vr_deep_pdcfr_plus,VR-DeepPDCFR+,1,56,55,1100000,8586101.0,14343.496475064996,0.15826210426597886,-0.09374000177002739,0.008133577692027397,0.01366694550961256,0.1475011110305786,0.17290587723255157,0.006189034320414066,0.005722502246499062,outer_iteration,,False,False,experiment_7_new_run,,,,,,,,,,,,,,,,,,,,,,,,,,,,
vr_deep_pdcfr_plus,VR-DeepPDCFR+,vr_deep_pdcfr_plus,VR-DeepPDCFR+,1,57,56,1120000,8742295.0,14603.587709518994,0.13197311121878405,-0.09177997961189993,0.006173555533899935,0.016091078519821167,0.23471051454544067,0.16300736367702484,0.0060965921729803085,0.0073079816065728664,outer_iteration,,False,False,experiment_7_new_run,,,,,,,,,,,,,,,,,,,,,,,,,,,,
vr_deep_pdcfr_plus,VR-DeepPDCFR+,vr_deep_pdcfr_plus,VR-DeepPDCFR+,1,58,57,1140000,8898660.0,14864.77533276299,0.13965802109956943,-0.0896349770817777,0.0040285530037777045,0.013160119764506817,0.13308091461658478,0.14866144955158234,0.0061691030859947205,0.005511407274752855,outer_iteration,,False,False,experiment_7_new_run,,,,,,,,,,,,,,,,,,,,,,,,,,,,
vr_deep_pdcfr_plus,VR-DeepPDCFR+,vr_deep_pdcfr_plus,VR-DeepPDCFR+,1,59,58,1160000,9053918.0,15126.861561518992,0.14726784354456038,-0.09227932082123352,0.006672896743233528,0.012245618738234043,0.16016565263271332,0.1711830496788025,0.005848327651619911,0.005520481616258621,outer_iteration,,False,False,experiment_7_new_run,,,,,,,,,,,,,,,,,,,,,,,,,,,,
vr_deep_pdcfr_plus,VR-DeepPDCFR+,vr_deep_pdcfr_plus,VR-DeepPDCFR+,1,60,59,1180000,9209243.0,15387.308053600995,0.14022894509314182,-0.08832865507308782,0.0027222309950878237,0.012820854783058167,0.1309719979763031,0.14055809378623962,0.005278181284666061,0.006380199454724789,outer_iteration,,False,False,experiment_7_new_run,,,,,,,,,,,,,,,,,,,,,,,,,,,,
vr_deep_pdcfr_plus,VR-DeepPDCFR+,vr_deep_pdcfr_plus,VR-DeepPDCFR+,1,61,60,1200000,9365074.0,15643.655797119995,0.13995738124423523,-0.08844335172126944,0.0028369276432694407,0.01288654375821352,0.18684451282024384,0.18214698135852814,0.00577640300616622,0.0075851608999073505,outer_iteration,,False,False,experiment_7_new_run,,,,,,,,,,,,,,,,,,,,,,,,,,,,
vr_deep_pdcfr_plus,VR-DeepPDCFR+,vr_deep_pdcfr_plus,VR-DeepPDCFR+,1,62,61,1220000,9520726.0,15900.778075031994,0.13261331455280115,-0.09076889028343621,0.005162466205436214,0.013257754035294056,0.27298036217689514,0.20793843269348145,0.005498830694705248,0.005858931224793196,outer_iteration,,False,False,experiment_7_new_run,,,,,,,,,,,,,,,,,,,,,,,,,,,,
vr_deep_pdcfr_plus,VR-DeepPDCFR+,vr_deep_pdcfr_plus,VR-DeepPDCFR+,1,63,62,1240000,9677217.0,16163.50483313699,0.12203452692158517,-0.08867296963635074,0.0030665455583507445,0.012501928955316544,0.17912495136260986,0.1594025045633316,0.005849652457982302,0.005940740462392569,outer_iteration,,False,False,experiment_7_new_run,,,,,,,,,,,,,,,,,,,,,,,,,,,,
vr_deep_pdcfr_plus,VR-DeepPDCFR+,vr_deep_pdcfr_plus,VR-DeepPDCFR+,1,64,63,1260000,9833608.0,16422.572319675994,0.1422781097282099,-0.09058524300632037,0.004978818928320375,0.012876302935183048,0.2232869267463684,0.1493060439825058,0.005647549405694008,0.006114554591476917,outer_iteration,,False,False,experiment_7_new_run,,,,,,,,,,,,,,,,,,,,,,,,,,,,
vr_deep_pdcfr_plus,VR-DeepPDCFR+,vr_deep_pdcfr_plus,VR-DeepPDCFR+,1,65,64,1280000,9989527.0,16681.296556489993,0.1335000201873323,-0.09337411617746236,0.007767692099462362,0.01259212102741003,0.22464734315872192,0.17289133369922638,0.0056306771002709866,0.004655503202229738,outer_iteration,,False,False,experiment_7_new_run,,,,,,,,,,,,,,,,,,,,,,,,,,,,
vr_deep_pdcfr_plus,VR-DeepPDCFR+,vr_deep_pdcfr_plus,VR-DeepPDCFR+,1,66,65,1300000,10145545.0,16944.167450864,0.1600268996815235,-0.10053760754422664,0.014931183466226641,0.012964080087840557,0.17048116028308868,0.19927100837230682,0.006103211548179388,0.006753217428922653,outer_iteration,,False,False,experiment_7_new_run,,,,,,,,,,,,,,,,,,,,,,,,,,,,
vr_deep_pdcfr_plus,VR-DeepPDCFR+,vr_deep_pdcfr_plus,VR-DeepPDCFR+,1,67,66,1320000,10301706.0,17208.403802326997,0.13423677601517753,-0.09066847789287277,0.005062053814872777,0.013569866307079792,0.2061425894498825,0.20723752677440643,0.006195918191224337,0.0075399382039904594,outer_iteration,,False,False,experiment_7_new_run,,,,,,,,,,,,,,,,,,,,,,,,,,,,
vr_deep_pdcfr_plus,VR-DeepPDCFR+,vr_deep_pdcfr_plus,VR-DeepPDCFR+,1,68,67,1340000,10458062.0,17470.854082660997,0.1611056104920512,-0.09144602082270945,0.005839596744709449,0.011227025650441647,0.19859285652637482,0.18631760776042938,0.00605586264282465,0.005232652183622122,outer_iteration,,False,False,experiment_7_new_run,,,,,,,,,,,,,,,,,,,,,,,,,,,,
vr_deep_pdcfr_plus,VR-DeepPDCFR+,vr_deep_pdcfr_plus,VR-DeepPDCFR+,1,69,68,1360000,10614537.0,17731.60759633599,0.12283396166733102,-0.08792091798825971,0.0023144939102597156,0.013701744377613068,0.23339681327342987,0.1863606572151184,0.005283982492983341,0.006957722827792168,outer_iteration,,False,False,experiment_7_new_run,,,,,,,,,,,,,,,,,,,,,,,,,,,,
vr_deep_pdcfr_plus,VR-DeepPDCFR+,vr_deep_pdcfr_plus,VR-DeepPDCFR+,1,70,69,1380000,10770809.0,17994.410458663988,0.147767435925647,-0.09503274966268149,0.009426325584681497,0.012503240257501602,0.2206110954284668,0.164423406124115,0.005467014852911234,0.006828408222645521,outer_iteration,,False,False,experiment_7_new_run,,,,,,,,,,,,,,,,,,,,,,,,,,,,
vr_deep_pdcfr_plus,VR-DeepPDCFR+,vr_deep_pdcfr_plus,VR-DeepPDCFR+,1,71,70,1400000,10926679.0,18252.711073167986,0.1337648617746019,-0.09487706829128112,0.009270644213281123,0.012800862081348896,0.18499018251895905,0.24798232316970825,0.006945400964468718,0.004646405577659607,outer_iteration,,False,False,experiment_7_new_run,,,,,,,,,,,,,,,,,,,,,,,,,,,,
vr_deep_pdcfr_plus,VR-DeepPDCFR+,vr_deep_pdcfr_plus,VR-DeepPDCFR+,1,72,71,1420000,11084791.0,18513.863148672986,0.13050853532010548,-0.08943589028272853,0.0038294662047285294,0.014102731831371784,0.18331490457057953,0.1604420393705368,0.006350016221404076,0.005141598172485828,outer_iteration,,False,False,experiment_7_new_run,,,,,,,,,,,,,,,,,,,,,,,,,,,,
vr_deep_pdcfr_plus,VR-DeepPDCFR+,vr_deep_pdcfr_plus,VR-DeepPDCFR+,1,73,72,1440000,11242613.0,18781.628921822994,0.12286142883135859,-0.08945723519354218,0.0038508111155421826,0.01237663347274065,0.20820403099060059,0.16999059915542603,0.005402879323810339,0.006474265828728676,outer_iteration,,False,False,experiment_7_new_run,,,,,,,,,,,,,,,,,,,,,,,,,,,,
vr_deep_pdcfr_plus,VR-DeepPDCFR+,vr_deep_pdcfr_plus,VR-DeepPDCFR+,1,74,73,1460000,11400949.0,19045.23748363499,0.14821745665115793,-0.09347395137614589,0.007867527298145896,0.013267863541841507,0.20733843743801117,0.15032248198986053,0.006214182358235121,0.004615399055182934,outer_iteration,,False,False,experiment_7_new_run,,,,,,,,,,,,,,,,,,,,,,,,,,,,
vr_deep_pdcfr_plus,VR-DeepPDCFR+,vr_deep_pdcfr_plus,VR-DeepPDCFR+,1,75,74,1480000,11559815.0,19306.611267563,0.12124406874039105,-0.09469567117586508,0.009089247097865086,0.011921997182071209,0.18672417104244232,0.18286658823490143,0.005399547517299652,0.005436388775706291,outer_iteration,,False,False,experiment_7_new_run,,,,,,,,,,,,,,,,,,,,,,,,,,,,
vr_deep_pdcfr_plus,VR-DeepPDCFR+,vr_deep_pdcfr_plus,VR-DeepPDCFR+,1,76,75,1500000,11718921.0,19568.431595872986,0.11984152032304501,-0.09654904504696932,0.010942620968969322,0.013369170017540455,0.1759123057126999,0.14694061875343323,0.00710992980748415,0.00626305490732193,outer_iteration,,False,False,experiment_7_new_run,,,,,,,,,,,,,,,,,,,,,,,,,,,,
vr_deep_pdcfr_plus,VR-DeepPDCFR+,vr_deep_pdcfr_plus,VR-DeepPDCFR+,1,77,76,1520000,11877609.0,19834.844559260993,0.11658905673691754,-0.09267517813510162,0.0070687540571016255,0.012185223400592804,0.15738898515701294,0.1861945539712906,0.006658350583165884,0.004451455548405647,outer_iteration,,False,False,experiment_7_new_run,,,,,,,,,,,,,,,,,,,,,,,,,,,,
vr_deep_pdcfr_plus,VR-DeepPDCFR+,vr_deep_pdcfr_plus,VR-DeepPDCFR+,1,78,77,1540000,12036340.0,20097.81063471199,0.15619373571705325,-0.0937924970142629,0.008186072936262903,0.010987844318151474,0.17937125265598297,0.16949321329593658,0.0066541763953864574,0.005887883715331554,outer_iteration,,False,False,experiment_7_new_run,,,,,,,,,,,,,,,,,,,,,,,,,,,,
vr_deep_pdcfr_plus,VR-DeepPDCFR+,vr_deep_pdcfr_plus,VR-DeepPDCFR+,1,79,78,1560000,12192728.0,20358.33241160799,0.1163728396385787,-0.09670650919761545,0.011100085119615452,0.011689688079059124,0.18747085332870483,0.14545974135398865,0.006223966367542744,0.006279212422668934,outer_iteration,,False,False,experiment_7_new_run,,,,,,,,,,,,,,,,,,,,,,,,,,,,
vr_deep_pdcfr_plus,VR-DeepPDCFR+,vr_deep_pdcfr_plus,VR-DeepPDCFR+,1,80,79,1580000,12348565.0,20621.415057508988,0.1388087920501223,-0.09925227958766905,0.013645855509669055,0.012790077365934849,0.2046908736228943,0.22254832088947296,0.006377303972840309,0.0055226958356797695,outer_iteration,,False,False,experiment_7_new_run,,,,,,,,,,,,,,,,,,,,,,,,,,,,
vr_deep_pdcfr_plus,VR-DeepPDCFR+,vr_deep_pdcfr_plus,VR-DeepPDCFR+,1,81,80,1600000,12505082.0,20883.607012826993,0.17766077660977492,-0.08878610489653377,0.0031796808185337727,0.011965802870690823,0.17038363218307495,0.1559336632490158,0.005553779657930136,0.0052400389686226845,outer_iteration,,False,False,experiment_7_new_run,,,,,,,,,,,,,,,,,,,,,,,,,,,,
vr_deep_pdcfr_plus,VR-DeepPDCFR+,vr_deep_pdcfr_plus,VR-DeepPDCFR+,1,82,81,1620000,12662509.0,21142.694730464995,0.12637843498936524,-0.09844950619922688,0.012843082121226881,0.012267090380191803,0.1609046459197998,0.18240569531917572,0.006736366543918848,0.0066832443699240685,outer_iteration,,False,False,experiment_7_new_run,,,,,,,,,,,,,,,,,,,,,,,,,,,,
vr_deep_pdcfr_plus,VR-DeepPDCFR+,vr_deep_pdcfr_plus,VR-DeepPDCFR+,1,83,82,1640000,12819620.0,21405.443559328996,0.11614742552818487,-0.09810324693616448,0.012496822858164489,0.013108464889228344,0.17901362478733063,0.15716992318630219,0.005671931430697441,0.005573166534304619,outer_iteration,,False,False,experiment_7_new_run,,,,,,,,,,,,,,,,,,,,,,,,,,,,
vr_deep_pdcfr_plus,VR-DeepPDCFR+,vr_deep_pdcfr_plus,VR-DeepPDCFR+,1,84,83,1660000,12976103.0,21668.917254516986,0.12517296973642486,-0.09454182457749463,0.008935400499494636,0.01122149545699358,0.16892148554325104,0.13281622529029846,0.006528568919748068,0.004745117388665676,outer_iteration,,False,False,experiment_7_new_run,,,,,,,,,,,,,,,,,,,,,,,,,,,,
vr_deep_pdcfr_plus,VR-DeepPDCFR+,vr_deep_pdcfr_plus,VR-DeepPDCFR+,1,85,84,1680000,13134112.0,21929.666440270987,0.12194599937634765,-0.09275233210373582,0.007145908025735823,0.011622301302850246,0.16237935423851013,0.11517993360757828,0.006126392167061567,0.006774374283850193,outer_iteration,,False,False,experiment_7_new_run,,,,,,,,,,,,,,,,,,,,,,,,,,,,
vr_deep_pdcfr_plus,VR-DeepPDCFR+,vr_deep_pdcfr_plus,VR-DeepPDCFR+,1,86,85,1700000,13290414.0,22190.618716344994,0.10531786861034745,-0.09583576183774167,0.010229337759741677,0.011328846216201782,0.144834503531456,0.14643079042434692,0.006131558213382959,0.0039548263885080814,outer_iteration,,False,False,experiment_7_new_run,,,,,,,,,,,,,,,,,,,,,,,,,,,,
vr_deep_pdcfr_plus,VR-DeepPDCFR+,vr_deep_pdcfr_plus,VR-DeepPDCFR+,1,87,86,1720000,13449063.0,22458.008395678,0.12008432566286695,-0.09642620104500108,0.01081977696700108,0.011186056770384312,0.18785418570041656,0.15941286087036133,0.004912399686872959,0.005742652341723442,outer_iteration,,False,False,experiment_7_new_run,,,,,,,,,,,,,,,,,,,,,,,,,,,,
vr_deep_pdcfr_plus,VR-DeepPDCFR+,vr_deep_pdcfr_plus,VR-DeepPDCFR+,1,88,87,1740000,13605594.0,22721.320216641994,0.12860713300404303,-0.09710598322462358,0.01149955914662358,0.011708068661391735,0.1800069957971573,0.18885190784931183,0.006755639798939228,0.004902944900095463,outer_iteration,,False,False,experiment_7_new_run,,,,,,,,,,,,,,,,,,,,,,,,,,,,
vr_deep_pdcfr_plus,VR-DeepPDCFR+,vr_deep_pdcfr_plus,VR-DeepPDCFR+,1,89,88,1760000,13762305.0,22984.581926030995,0.12797556953030598,-0.09003430671208454,0.004427882634084543,0.012043227441608906,0.21336548030376434,0.17358823120594025,0.004854907281696796,0.006291687022894621,outer_iteration,,False,False,experiment_7_new_run,,,,,,,,,,,,,,,,,,,,,,,,,,,,
vr_deep_pdcfr_plus,VR-DeepPDCFR+,vr_deep_pdcfr_plus,VR-DeepPDCFR+,1,90,89,1780000,13918621.0,23248.27093597199,0.1449832731672422,-0.09209520578021213,0.006488781702212135,0.011890416033565998,0.1685669869184494,0.12980635464191437,0.006147479638457298,0.005871417000889778,outer_iteration,,False,False,experiment_7_new_run,,,,,,,,,,,,,,,,,,,,,,,,,,,,
vr_deep_pdcfr_plus,VR-DeepPDCFR+,vr_deep_pdcfr_plus,VR-DeepPDCFR+,1,91,90,1800000,14075189.0,23513.472628011994,0.11513478787291685,-0.09533150310903923,0.009725079031039238,0.012002814561128616,0.23701708018779755,0.17855556309223175,0.004571258556097746,0.005225266329944134,outer_iteration,,False,False,experiment_7_new_run,,,,,,,,,,,,,,,,,,,,,,,,,,,,
vr_deep_pdcfr_plus,VR-DeepPDCFR+,vr_deep_pdcfr_plus,VR-DeepPDCFR+,1,92,91,1820000,14232457.0,23775.29031916699,0.12447320362844591,-0.09580220743726098,0.010195783359260982,0.011132889427244663,0.20633210241794586,0.16101190447807312,0.005603593308478594,0.00594269298017025,outer_iteration,,False,False,experiment_7_new_run,,,,,,,,,,,,,,,,,,,,,,,,,,,,
vr_deep_pdcfr_plus,VR-DeepPDCFR+,vr_deep_pdcfr_plus,VR-DeepPDCFR+,1,93,92,1840000,14389494.0,24038.709745533997,0.13605171057956483,-0.09387876049223678,0.008272336414236789,0.011505498550832272,0.15883655846118927,0.15038225054740906,0.004611627198755741,0.005328236147761345,outer_iteration,,False,False,experiment_7_new_run,,,,,,,,,,,,,,,,,,,,,,,,,,,,
vr_deep_pdcfr_plus,VR-DeepPDCFR+,vr_deep_pdcfr_plus,VR-DeepPDCFR+,1,94,93,1860000,14546634.0,24304.402241675998,0.10240918027018499,-0.0945721772585709,0.008965753180570898,0.010413754731416702,0.20121769607067108,0.17101824283599854,0.004606388974934816,0.005369595251977444,outer_iteration,,False,False,experiment_7_new_run,,,,,,,,,,,,,,,,,,,,,,,,,,,,
vr_deep_pdcfr_plus,VR-DeepPDCFR+,vr_deep_pdcfr_plus,VR-DeepPDCFR+,1,95,94,1880000,14703423.0,24566.179904268996,0.11847484987529565,-0.0926256050804028,0.0070191810024027995,0.011269635520875454,0.1919732689857483,0.12784449756145477,0.005380090791732073,0.00612874049693346,outer_iteration,,False,False,experiment_7_new_run,,,,,,,,,,,,,,,,,,,,,,,,,,,,
vr_deep_pdcfr_plus,VR-DeepPDCFR+,vr_deep_pdcfr_plus,VR-DeepPDCFR+,1,96,95,1900000,14860262.0,24828.734432528,0.13040605669636995,-0.09185680047643327,0.006250376398433274,0.012050632387399673,0.24051082134246826,0.17095226049423218,0.006446030456572771,0.00638293894007802,outer_iteration,,False,False,experiment_7_new_run,,,,,,,,,,,,,,,,,,,,,,,,,,,,
vr_deep_pdcfr_plus,VR-DeepPDCFR+,vr_deep_pdcfr_plus,VR-DeepPDCFR+,1,97,96,1920000,15017182.0,25093.019664087988,0.12219104584468381,-0.09425936878632618,0.008652944708326185,0.011008203029632568,0.1400737315416336,0.16129645705223083,0.005712361540645361,0.005757165607064962,outer_iteration,,False,False,experiment_7_new_run,,,,,,,,,,,,,,,,,,,,,,,,,,,,
vr_deep_pdcfr_plus,VR-DeepPDCFR+,vr_deep_pdcfr_plus,VR-DeepPDCFR+,2,0,0,0,0.0,0.7536557260027621,2.373611111111111,-0.078125,0.007481424077999996,,,,,,initial_untrained_policy,,True,False,experiment_7_new_run,,,,,,,,,,,,,,,,,,,,,,,,,,,,
vr_deep_pdcfr_plus,VR-DeepPDCFR+,vr_deep_pdcfr_plus,VR-DeepPDCFR+,2,1,1,1409,10003.0,27.60091748900595,1.0178505267638551,0.013648119021937716,0.09925454309993771,1.750217570872792e-08,,,,,early_node_threshold,10000,False,False,experiment_7_new_run,,,,,,,,,,,,,,,,,,,,,,,,,,,,
vr_deep_pdcfr_plus,VR-DeepPDCFR+,vr_deep_pdcfr_plus,VR-DeepPDCFR+,2,2,1,20000,129509.0,275.402210433007,4.000208272108763,0.9998359881884316,1.0854424122664315,1.264587154992114e-07,0.00706988200545311,0.2858419716358185,9.808332618321813e-11,0.0003804794396273792,outer_iteration,,False,False,experiment_7_new_run,,,,,,,,,,,,,,,,,,,,,,,,,,,,
vr_deep_pdcfr_plus,VR-DeepPDCFR+,vr_deep_pdcfr_plus,VR-DeepPDCFR+,2,3,2,40000,289567.0,552.1277123269974,6.303881228423487,1.1291685533808429,1.2147749774588428,0.14058056473731995,1.0480576753616333,0.3145739734172821,0.0007764820475131273,0.0038655423559248447,outer_iteration,,False,False,experiment_7_new_run,,,,,,,,,,,,,,,,,,,,,,,,,,,,
vr_deep_pdcfr_plus,VR-DeepPDCFR+,vr_deep_pdcfr_plus,VR-DeepPDCFR+,2,4,3,60000,447578.0,825.8804245869978,3.455427739446572,1.6672557089814595,1.7528621330594594,0.07536856085062027,0.15427830815315247,0.10135848075151443,0.0037014714907854795,0.004944679327309132,outer_iteration,,False,False,experiment_7_new_run,,,,,,,,,,,,,,,,,,,,,,,,,,,,
vr_deep_pdcfr_plus,VR-DeepPDCFR+,vr_deep_pdcfr_plus,VR-DeepPDCFR+,2,5,4,80000,612589.0,1103.1471334590024,2.4337952972302412,0.9329475819759825,1.0185540060539824,0.1009693369269371,0.0884908139705658,0.08178076893091202,0.00422088336199522,0.004914436023682356,outer_iteration,,False,False,experiment_7_new_run,,,,,,,,,,,,,,,,,,,,,,,,,,,,
vr_deep_pdcfr_plus,VR-DeepPDCFR+,vr_deep_pdcfr_plus,VR-DeepPDCFR+,2,6,5,100000,771187.0,1372.7510115260084,1.4089378213407304,0.5590864217378264,0.6446928458158264,0.08608563989400864,0.06648094952106476,0.06964325159788132,0.005649063736200333,0.005258325487375259,outer_iteration,,False,False,experiment_7_new_run,,,,,,,,,,,,,,,,,,,,,,,,,,,,
vr_deep_pdcfr_plus,VR-DeepPDCFR+,vr_deep_pdcfr_plus,VR-DeepPDCFR+,2,7,6,120000,931874.0,1641.2978338670073,0.8897647689083842,0.22542895526556386,0.31103537934356384,0.06855125725269318,0.10724961757659912,0.05538780614733696,0.005236112046986818,0.005104859825223684,outer_iteration,,False,False,experiment_7_new_run,,,,,,,,,,,,,,,,,,,,,,,,,,,,
vr_deep_pdcfr_plus,VR-DeepPDCFR+,vr_deep_pdcfr_plus,VR-DeepPDCFR+,2,8,7,140000,1089060.0,1912.0537394400017,0.7375645602855879,0.10351406496925492,0.18912048904725492,0.06079905107617378,0.08043962717056274,0.10316785424947739,0.004858299158513546,0.004891088232398033,outer_iteration,,False,False,experiment_7_new_run,,,,,,,,,,,,,,,,,,,,,,,,,,,,
vr_deep_pdcfr_plus,VR-DeepPDCFR+,vr_deep_pdcfr_plus,VR-DeepPDCFR+,2,9,8,160000,1248456.0,2179.104945220999,0.563941882141339,0.010287264085752784,0.09589368816375278,0.04711272194981575,0.05823477730154991,0.0723499208688736,0.005131460726261139,0.005200531333684921,outer_iteration,,False,False,experiment_7_new_run,,,,,,,,,,,,,,,,,,,,,,,,,,,,
vr_deep_pdcfr_plus,VR-DeepPDCFR+,vr_deep_pdcfr_plus,VR-DeepPDCFR+,2,10,9,180000,1407764.0,2446.6495041290036,0.48547908196800427,-0.03259578933468579,0.0530106347433142,0.04185682162642479,0.056196168065071106,0.09759791940450668,0.005171701777726412,0.005635188426822424,outer_iteration,,False,False,experiment_7_new_run,,,,,,,,,,,,,,,,,,,,,,,,,,,,
vr_deep_pdcfr_plus,VR-DeepPDCFR+,vr_deep_pdcfr_plus,VR-DeepPDCFR+,2,11,10,200000,1565934.0,2715.538273434009,0.39232780073149476,-0.05509861627302931,0.030507807804970685,0.03568601980805397,0.11152610927820206,0.07706907391548157,0.006260037422180176,0.005361221730709076,outer_iteration,,False,False,experiment_7_new_run,,,,,,,,,,,,,,,,,,,,,,,,,,,,
vr_deep_pdcfr_plus,VR-DeepPDCFR+,vr_deep_pdcfr_plus,VR-DeepPDCFR+,2,12,11,220000,1721062.0,2980.3494291140087,0.3246846677594889,-0.05635790943316954,0.029248514644830456,0.0297140721231699,0.10755891352891922,0.08924409002065659,0.005139362998306751,0.005868182517588139,outer_iteration,,False,False,experiment_7_new_run,,,,,,,,,,,,,,,,,,,,,,,,,,,,
vr_deep_pdcfr_plus,VR-DeepPDCFR+,vr_deep_pdcfr_plus,VR-DeepPDCFR+,2,13,12,240000,1880216.0,3244.9515465690056,0.3055118504256231,-0.06332846394374969,0.022277960134250305,0.027834245935082436,0.08696020394563675,0.07530402392148972,0.005751521326601505,0.005367814563214779,outer_iteration,,False,False,experiment_7_new_run,,,,,,,,,,,,,,,,,,,,,,,,,,,,
vr_deep_pdcfr_plus,VR-DeepPDCFR+,vr_deep_pdcfr_plus,VR-DeepPDCFR+,2,14,13,260000,2037999.0,3509.971494559999,0.28113245104483586,-0.07211441613189376,0.013492007946106235,0.02461407519876957,0.0756385549902916,0.061701904982328415,0.005959664937108755,0.00584721565246582,outer_iteration,,False,False,experiment_7_new_run,,,,,,,,,,,,,,,,,,,,,,,,,,,,
vr_deep_pdcfr_plus,VR-DeepPDCFR+,vr_deep_pdcfr_plus,VR-DeepPDCFR+,2,15,14,280000,2195048.0,3777.5084711700038,0.2606248833924935,-0.0761012606376156,0.009505163440384393,0.024647144600749016,0.08642766624689102,0.1470615118741989,0.00529770040884614,0.006248198449611664,outer_iteration,,False,False,experiment_7_new_run,,,,,,,,,,,,,,,,,,,,,,,,,,,,
vr_deep_pdcfr_plus,VR-DeepPDCFR+,vr_deep_pdcfr_plus,VR-DeepPDCFR+,2,16,15,300000,2350828.0,4040.5640583310014,0.23669838218085243,-0.08695894272449511,0.0013525186464951183,0.021070076152682304,0.07407010346651077,0.1324569135904312,0.0058807553723454475,0.00600092438980937,outer_iteration,,False,False,experiment_7_new_run,,,,,,,,,,,,,,,,,,,,,,,,,,,,
vr_deep_pdcfr_plus,VR-DeepPDCFR+,vr_deep_pdcfr_plus,VR-DeepPDCFR+,2,17,16,320000,2505742.0,4302.781649780998,0.2512467295946518,-0.0940203999967188,0.0084139759187188,0.022448033094406128,0.17739124596118927,0.13967902958393097,0.004252404905855656,0.005867449101060629,outer_iteration,,False,False,experiment_7_new_run,,,,,,,,,,,,,,,,,,,,,,,,,,,,
vr_deep_pdcfr_plus,VR-DeepPDCFR+,vr_deep_pdcfr_plus,VR-DeepPDCFR+,2,18,17,340000,2662004.0,4567.210802157002,0.24619831650227386,-0.0890782282564471,0.0034718041784470993,0.021168002858757973,0.13076137006282806,0.10565805435180664,0.005667381454259157,0.005829263012856245,outer_iteration,,False,False,experiment_7_new_run,,,,,,,,,,,,,,,,,,,,,,,,,,,,
vr_deep_pdcfr_plus,VR-DeepPDCFR+,vr_deep_pdcfr_plus,VR-DeepPDCFR+,2,19,18,360000,2818906.0,4833.430297900006,0.2580153560955887,-0.08296774014911895,0.0026386839288810443,0.02062947489321232,0.21274913847446442,0.195906400680542,0.005074501037597656,0.004246504977345467,outer_iteration,,False,False,experiment_7_new_run,,,,,,,,,,,,,,,,,,,,,,,,,,,,
vr_deep_pdcfr_plus,VR-DeepPDCFR+,vr_deep_pdcfr_plus,VR-DeepPDCFR+,2,20,19,380000,2977384.0,5097.677005698002,0.25294753610994924,-0.08855515551563958,0.0029487314376395873,0.02094518579542637,0.19488799571990967,0.1448356658220291,0.005115779582411051,0.006036542356014252,outer_iteration,,False,False,experiment_7_new_run,,,,,,,,,,,,,,,,,,,,,,,,,,,,
vr_deep_pdcfr_plus,VR-DeepPDCFR+,vr_deep_pdcfr_plus,VR-DeepPDCFR+,2,21,20,400000,3134940.0,5362.288887249,0.2563023113123519,-0.08740864861020126,0.0018022245322012603,0.019995687529444695,0.16788595914840698,0.21567034721374512,0.00479314848780632,0.0052674636244773865,outer_iteration,,False,False,experiment_7_new_run,,,,,,,,,,,,,,,,,,,,,,,,,,,,
vr_deep_pdcfr_plus,VR-DeepPDCFR+,vr_deep_pdcfr_plus,VR-DeepPDCFR+,2,22,21,420000,3292001.0,5629.050427702008,0.24641181420225505,-0.09265383000022931,0.007047405922229313,0.018738316372036934,0.2249048501253128,0.21293677389621735,0.005903842858970165,0.00485356105491519,outer_iteration,,False,False,experiment_7_new_run,,,,,,,,,,,,,,,,,,,,,,,,,,,,
vr_deep_pdcfr_plus,VR-DeepPDCFR+,vr_deep_pdcfr_plus,VR-DeepPDCFR+,2,23,22,440000,3449455.0,5890.140378222,0.25958940119661167,-0.10005693520845393,0.014450511130453939,0.01874847523868084,0.17212946712970734,0.20316235721111298,0.004739908501505852,0.004473485983908176,outer_iteration,,False,False,experiment_7_new_run,,,,,,,,,,,,,,,,,,,,,,,,,,,,
vr_deep_pdcfr_plus,VR-DeepPDCFR+,vr_deep_pdcfr_plus,VR-DeepPDCFR+,2,24,23,460000,3605726.0,6154.111705279007,0.23518768796346484,-0.09896133804903717,0.013354913971037177,0.018988803029060364,0.13321363925933838,0.15317530930042267,0.005324991885572672,0.004372141323983669,outer_iteration,,False,False,experiment_7_new_run,,,,,,,,,,,,,,,,,,,,,,,,,,,,
vr_deep_pdcfr_plus,VR-DeepPDCFR+,vr_deep_pdcfr_plus,VR-DeepPDCFR+,2,25,24,480000,3761970.0,6417.827691159997,0.25711376215940546,-0.10007331340757353,0.014466889329573532,0.017876528203487396,0.19676516950130463,0.19060741364955902,0.005182287655770779,0.007220019120723009,outer_iteration,,False,False,experiment_7_new_run,,,,,,,,,,,,,,,,,,,,,,,,,,,,
vr_deep_pdcfr_plus,VR-DeepPDCFR+,vr_deep_pdcfr_plus,VR-DeepPDCFR+,2,26,25,500000,3920091.0,6681.980206913999,0.2187839712490815,-0.09041811654773316,0.0048116924697331614,0.016499551013112068,0.14365805685520172,0.15887780487537384,0.006772002205252647,0.0046696532517671585,outer_iteration,,False,False,experiment_7_new_run,,,,,,,,,,,,,,,,,,,,,,,,,,,,
vr_deep_pdcfr_plus,VR-DeepPDCFR+,vr_deep_pdcfr_plus,VR-DeepPDCFR+,2,27,26,520000,4078294.0,6946.504517374007,0.21853889151180747,-0.09660540899669778,0.010998984918697788,0.0174443107098341,0.21030329167842865,0.16653414070606232,0.005339927971363068,0.00564556522294879,outer_iteration,,False,False,experiment_7_new_run,,,,,,,,,,,,,,,,,,,,,,,,,,,,
vr_deep_pdcfr_plus,VR-DeepPDCFR+,vr_deep_pdcfr_plus,VR-DeepPDCFR+,2,28,27,540000,4235179.0,7211.784072675,0.22153538914738263,-0.09236868366917655,0.006762259591176559,0.0162950586527586,0.178727924823761,0.2081034779548645,0.00546333147212863,0.00610692985355854,outer_iteration,,False,False,experiment_7_new_run,,,,,,,,,,,,,,,,,,,,,,,,,,,,
vr_deep_pdcfr_plus,VR-DeepPDCFR+,vr_deep_pdcfr_plus,VR-DeepPDCFR+,2,29,28,560000,4394945.0,7479.949924735003,0.2036695556640402,-0.09521717886680117,0.009610754788801176,0.017166903242468834,0.16229532659053802,0.14185026288032532,0.005116133019328117,0.005273738410323858,outer_iteration,,False,False,experiment_7_new_run,,,,,,,,,,,,,,,,,,,,,,,,,,,,
vr_deep_pdcfr_plus,VR-DeepPDCFR+,vr_deep_pdcfr_plus,VR-DeepPDCFR+,2,30,29,580000,4553998.0,7743.787502040999,0.2069099718196042,-0.0916993925782934,0.006092968500293408,0.016722682863473892,0.21502840518951416,0.19371597468852997,0.004916162695735693,0.005448915529996157,outer_iteration,,False,False,experiment_7_new_run,,,,,,,,,,,,,,,,,,,,,,,,,,,,
vr_deep_pdcfr_plus,VR-DeepPDCFR+,vr_deep_pdcfr_plus,VR-DeepPDCFR+,2,31,30,600000,4711665.0,8009.9784203559975,0.20237182708588014,-0.09653049631006427,0.010924072232064277,0.018159916624426842,0.2247391939163208,0.1832112818956375,0.007158189080655575,0.006043149158358574,outer_iteration,,False,False,experiment_7_new_run,,,,,,,,,,,,,,,,,,,,,,,,,,,,
vr_deep_pdcfr_plus,VR-DeepPDCFR+,vr_deep_pdcfr_plus,VR-DeepPDCFR+,2,32,31,620000,4869947.0,8275.911139015006,0.1767462101638943,-0.09513989168487724,0.009533467606877247,0.015147975645959377,0.18671280145645142,0.17044486105442047,0.00627128966152668,0.004484069067984819,outer_iteration,,False,False,experiment_7_new_run,,,,,,,,,,,,,,,,,,,,,,,,,,,,
vr_deep_pdcfr_plus,VR-DeepPDCFR+,vr_deep_pdcfr_plus,VR-DeepPDCFR+,2,33,32,640000,5027879.0,8540.376557363998,0.17137876905681199,-0.09164909579960429,0.00604267172160429,0.0170851182192564,0.1669607013463974,0.15337978303432465,0.006092954892665148,0.004894902929663658,outer_iteration,,False,False,experiment_7_new_run,,,,,,,,,,,,,,,,,,,,,,,,,,,,
vr_deep_pdcfr_plus,VR-DeepPDCFR+,vr_deep_pdcfr_plus,VR-DeepPDCFR+,2,34,33,660000,5186306.0,8804.733256294,0.21090195347815768,-0.09376060149285234,0.008154177414852345,0.013636570423841476,0.1979607343673706,0.13670654594898224,0.005183419678360224,0.005994435399770737,outer_iteration,,False,False,experiment_7_new_run,,,,,,,,,,,,,,,,,,,,,,,,,,,,
vr_deep_pdcfr_plus,VR-DeepPDCFR+,vr_deep_pdcfr_plus,VR-DeepPDCFR+,2,35,34,680000,5344553.0,9072.015453380009,0.18446385010642674,-0.09027273634885424,0.004666312270854248,0.014955420978367329,0.14098413288593292,0.15777510404586792,0.004256832879036665,0.005442331545054913,outer_iteration,,False,False,experiment_7_new_run,,,,,,,,,,,,,,,,,,,,,,,,,,,,
vr_deep_pdcfr_plus,VR-DeepPDCFR+,vr_deep_pdcfr_plus,VR-DeepPDCFR+,2,36,35,700000,5503289.0,9338.403076134011,0.16522757452017578,-0.08884443342346277,0.0032380093454627695,0.013560258783400059,0.19315378367900848,0.13922417163848877,0.005038601346313953,0.0056313201785087585,outer_iteration,,False,False,experiment_7_new_run,,,,,,,,,,,,,,,,,,,,,,,,,,,,
vr_deep_pdcfr_plus,VR-DeepPDCFR+,vr_deep_pdcfr_plus,VR-DeepPDCFR+,2,37,36,720000,5660404.0,9600.947092217,0.17694305953304507,-0.0951234764324431,0.009517052354443098,0.015080943703651428,0.22606392204761505,0.150081068277359,0.005448144860565662,0.005252040922641754,outer_iteration,,False,False,experiment_7_new_run,,,,,,,,,,,,,,,,,,,,,,,,,,,,
vr_deep_pdcfr_plus,VR-DeepPDCFR+,vr_deep_pdcfr_plus,VR-DeepPDCFR+,2,38,37,740000,5819220.0,9868.275254313005,0.16803416209190034,-0.09537761521427943,0.00977119113627943,0.015722105279564857,0.2038094401359558,0.1810346394777298,0.005168630741536617,0.007038256153464317,outer_iteration,,False,False,experiment_7_new_run,,,,,,,,,,,,,,,,,,,,,,,,,,,,
vr_deep_pdcfr_plus,VR-DeepPDCFR+,vr_deep_pdcfr_plus,VR-DeepPDCFR+,2,39,38,760000,5976918.0,10133.954868825997,0.1716248340868195,-0.09114463334468453,0.005538209266684538,0.013901199214160442,0.15347564220428467,0.16834141314029694,0.005385763011872768,0.0058251856826245785,outer_iteration,,False,False,experiment_7_new_run,,,,,,,,,,,,,,,,,,,,,,,,,,,,
vr_deep_pdcfr_plus,VR-DeepPDCFR+,vr_deep_pdcfr_plus,VR-DeepPDCFR+,2,40,39,780000,6134346.0,10397.543059414005,0.18220574837225945,-0.09567720971573715,0.010070785637737154,0.013953126035630703,0.2006307691335678,0.1679728776216507,0.005590674001723528,0.005553986877202988,outer_iteration,,False,False,experiment_7_new_run,,,,,,,,,,,,,,,,,,,,,,,,,,,,
vr_deep_pdcfr_plus,VR-DeepPDCFR+,vr_deep_pdcfr_plus,VR-DeepPDCFR+,2,41,40,800000,6293193.0,10663.74931162801,0.15413450047292257,-0.0943585381310649,0.008752114053064905,0.014042840339243412,0.172873854637146,0.169266939163208,0.004937628284096718,0.006132644135504961,outer_iteration,,False,False,experiment_7_new_run,,,,,,,,,,,,,,,,,,,,,,,,,,,,
vr_deep_pdcfr_plus,VR-DeepPDCFR+,vr_deep_pdcfr_plus,VR-DeepPDCFR+,2,42,41,820000,6452511.0,10931.437390662002,0.16282501644885472,-0.0956422548754347,0.010035830797434711,0.01406326238065958,0.18538998067378998,0.21603046357631683,0.005851528141647577,0.006473582237958908,outer_iteration,,False,False,experiment_7_new_run,,,,,,,,,,,,,,,,,,,,,,,,,,,,
vr_deep_pdcfr_plus,VR-DeepPDCFR+,vr_deep_pdcfr_plus,VR-DeepPDCFR+,2,43,42,840000,6611198.0,11198.074372447008,0.16291257297567324,-0.09226118903748573,0.006654764959485734,0.013210306875407696,0.22594289481639862,0.14612914621829987,0.004465173929929733,0.006002807058393955,outer_iteration,,False,False,experiment_7_new_run,,,,,,,,,,,,,,,,,,,,,,,,,,,,
vr_deep_pdcfr_plus,VR-DeepPDCFR+,vr_deep_pdcfr_plus,VR-DeepPDCFR+,2,44,43,860000,6770585.0,11463.724816169997,0.18111454636543964,-0.09225400465257078,0.00664758057457078,0.012833592481911182,0.1726740151643753,0.1709037870168686,0.005476740654557943,0.005539007019251585,outer_iteration,,False,False,experiment_7_new_run,,,,,,,,,,,,,,,,,,,,,,,,,,,,
vr_deep_pdcfr_plus,VR-DeepPDCFR+,vr_deep_pdcfr_plus,VR-DeepPDCFR+,2,45,44,880000,6930235.0,11732.614449953006,0.18483625447794672,-0.09046759711097085,0.0048611730329708586,0.014352481812238693,0.1722361445426941,0.15243974328041077,0.0064332811161875725,0.004107268061488867,outer_iteration,,False,False,experiment_7_new_run,,,,,,,,,,,,,,,,,,,,,,,,,,,,
vr_deep_pdcfr_plus,VR-DeepPDCFR+,vr_deep_pdcfr_plus,VR-DeepPDCFR+,2,46,45,900000,7089085.0,11999.986070375002,0.14754631152745043,-0.09275569652530524,0.007149272447305247,0.013645852915942669,0.16575424373149872,0.21704043447971344,0.005953534971922636,0.006346562877297401,outer_iteration,,False,False,experiment_7_new_run,,,,,,,,,,,,,,,,,,,,,,,,,,,,
vr_deep_pdcfr_plus,VR-DeepPDCFR+,vr_deep_pdcfr_plus,VR-DeepPDCFR+,2,47,46,920000,7247255.0,12263.769693801005,0.15451331428650636,-0.0933364588759541,0.007730034797954102,0.01342884823679924,0.17164884507656097,0.1942887306213379,0.005023512989282608,0.005431472323834896,outer_iteration,,False,False,experiment_7_new_run,,,,,,,,,,,,,,,,,,,,,,,,,,,,
vr_deep_pdcfr_plus,VR-DeepPDCFR+,vr_deep_pdcfr_plus,VR-DeepPDCFR+,2,48,47,940000,7405185.0,12528.51767537801,0.15061842318642177,-0.0940300580519641,0.008423633973964104,0.013853266835212708,0.18382035195827484,0.18160076439380646,0.004562600515782833,0.005298642907291651,outer_iteration,,False,False,experiment_7_new_run,,,,,,,,,,,,,,,,,,,,,,,,,,,,
vr_deep_pdcfr_plus,VR-DeepPDCFR+,vr_deep_pdcfr_plus,VR-DeepPDCFR+,2,49,48,960000,7562405.0,12795.725558917999,0.16057326108571773,-0.09105787178654731,0.005451447708547316,0.012342936359345913,0.17377729713916779,0.14530737698078156,0.0066398442722857,0.006421622820198536,outer_iteration,,False,False,experiment_7_new_run,,,,,,,,,,,,,,,,,,,,,,,,,,,,
vr_deep_pdcfr_plus,VR-DeepPDCFR+,vr_deep_pdcfr_plus,VR-DeepPDCFR+,2,50,49,980000,7720569.0,13061.494927271997,0.16505116868174463,-0.09241639333721025,0.0068099692592102495,0.012856834568083286,0.19717328250408173,0.20911026000976562,0.005568577442318201,0.005189565941691399,outer_iteration,,False,False,experiment_7_new_run,,,,,,,,,,,,,,,,,,,,,,,,,,,,
vr_deep_pdcfr_plus,VR-DeepPDCFR+,vr_deep_pdcfr_plus,VR-DeepPDCFR+,2,51,50,1000000,7877397.0,13324.540804082004,0.14777496015399472,-0.09260235899748892,0.006995934919488925,0.013315198011696339,0.1648881435394287,0.13659463822841644,0.005261184182018042,0.005190825089812279,outer_iteration,,False,False,experiment_7_new_run,,,,,,,,,,,,,,,,,,,,,,,,,,,,
vr_deep_pdcfr_plus,VR-DeepPDCFR+,vr_deep_pdcfr_plus,VR-DeepPDCFR+,2,52,51,1020000,8034005.0,13591.519624989,0.14421994918026387,-0.0955118906358442,0.009905466557844203,0.013200848363339901,0.21200329065322876,0.1599939614534378,0.006310672033578157,0.007656719535589218,outer_iteration,,False,False,experiment_7_new_run,,,,,,,,,,,,,,,,,,,,,,,,,,,,
vr_deep_pdcfr_plus,VR-DeepPDCFR+,vr_deep_pdcfr_plus,VR-DeepPDCFR+,2,53,52,1040000,8189820.0,13857.536405891005,0.16372490972721132,-0.09609349121000346,0.010487067132003466,0.013800293207168579,0.16640719771385193,0.11365720629692078,0.006754476577043533,0.00597686180844903,outer_iteration,,False,False,experiment_7_new_run,,,,,,,,,,,,,,,,,,,,,,,,,,,,
vr_deep_pdcfr_plus,VR-DeepPDCFR+,vr_deep_pdcfr_plus,VR-DeepPDCFR+,2,54,53,1060000,8346977.0,14122.965437741004,0.15125352707072626,-0.1007013394719842,0.015094915393984207,0.012976467609405518,0.1850867122411728,0.15148209035396576,0.005573759321123362,0.005062696989625692,outer_iteration,,False,False,experiment_7_new_run,,,,,,,,,,,,,,,,,,,,,,,,,,,,
vr_deep_pdcfr_plus,VR-DeepPDCFR+,vr_deep_pdcfr_plus,VR-DeepPDCFR+,2,55,54,1080000,8504479.0,14389.09790890901,0.16219831272372942,-0.09532143512793673,0.009715011049936731,0.012324848212301731,0.1731271743774414,0.18236559629440308,0.00635719858109951,0.004953237250447273,outer_iteration,,False,False,experiment_7_new_run,,,,,,,,,,,,,,,,,,,,,,,,,,,,
vr_deep_pdcfr_plus,VR-DeepPDCFR+,vr_deep_pdcfr_plus,VR-DeepPDCFR+,2,56,55,1100000,8661760.0,14655.730037921006,0.1441841482036629,-0.09505082577857799,0.00944440170057799,0.01275856513530016,0.14257845282554626,0.13155566155910492,0.006294547580182552,0.005359874572604895,outer_iteration,,False,False,experiment_7_new_run,,,,,,,,,,,,,,,,,,,,,,,,,,,,
vr_deep_pdcfr_plus,VR-DeepPDCFR+,vr_deep_pdcfr_plus,VR-DeepPDCFR+,2,57,56,1120000,8819660.0,14920.414156448998,0.17128786187881262,-0.09744266358626338,0.011836239508263388,0.013211286626756191,0.18773305416107178,0.15764544904232025,0.004621138330549002,0.005204337649047375,outer_iteration,,False,False,experiment_7_new_run,,,,,,,,,,,,,,,,,,,,,,,,,,,,
vr_deep_pdcfr_plus,VR-DeepPDCFR+,vr_deep_pdcfr_plus,VR-DeepPDCFR+,2,58,57,1140000,8978611.0,15189.619656556999,0.139949216753922,-0.10029443742883087,0.014688013350830878,0.01262595970183611,0.22330673038959503,0.13174386322498322,0.004588158801198006,0.005238824989646673,outer_iteration,,False,False,experiment_7_new_run,,,,,,,,,,,,,,,,,,,,,,,,,,,,
vr_deep_pdcfr_plus,VR-DeepPDCFR+,vr_deep_pdcfr_plus,VR-DeepPDCFR+,2,59,58,1160000,9136573.0,15456.798593354993,0.1612689837483947,-0.09656572114645712,0.010959297068457122,0.01292319968342781,0.20030564069747925,0.13480426371097565,0.005441067740321159,0.005653712898492813,outer_iteration,,False,False,experiment_7_new_run,,,,,,,,,,,,,,,,,,,,,,,,,,,,
vr_deep_pdcfr_plus,VR-DeepPDCFR+,vr_deep_pdcfr_plus,VR-DeepPDCFR+,2,60,59,1180000,9293044.0,15719.688953672012,0.167393994828139,-0.09466223802085771,0.009055813942857718,0.011568753980100155,0.1699034720659256,0.2449168711900711,0.005794808734208345,0.004807864315807819,outer_iteration,,False,False,experiment_7_new_run,,,,,,,,,,,,,,,,,,,,,,,,,,,,
vr_deep_pdcfr_plus,VR-DeepPDCFR+,vr_deep_pdcfr_plus,VR-DeepPDCFR+,2,61,60,1200000,9449845.0,15980.771915524005,0.1624115313992652,-0.08995382100982804,0.004347396931828049,0.012863780371844769,0.20397938787937164,0.1718934327363968,0.005099279340356588,0.005667225923389196,outer_iteration,,False,False,experiment_7_new_run,,,,,,,,,,,,,,,,,,,,,,,,,,,,
vr_deep_pdcfr_plus,VR-DeepPDCFR+,vr_deep_pdcfr_plus,VR-DeepPDCFR+,2,62,61,1220000,9605296.0,16246.092164575006,0.13263582007910502,-0.09484732578871133,0.009240901710711333,0.011958223767578602,0.19735874235630035,0.16402824223041534,0.005086784716695547,0.004311470780521631,outer_iteration,,False,False,experiment_7_new_run,,,,,,,,,,,,,,,,,,,,,,,,,,,,
vr_deep_pdcfr_plus,VR-DeepPDCFR+,vr_deep_pdcfr_plus,VR-DeepPDCFR+,2,63,62,1240000,9761485.0,16510.348394955014,0.17378067162556815,-0.0924218800081722,0.006815455930172201,0.011915590614080429,0.21559453010559082,0.15197111666202545,0.005614164285361767,0.004284125752747059,outer_iteration,,False,False,experiment_7_new_run,,,,,,,,,,,,,,,,,,,,,,,,,,,,
vr_deep_pdcfr_plus,VR-DeepPDCFR+,vr_deep_pdcfr_plus,VR-DeepPDCFR+,2,64,63,1260000,9917207.0,16772.521036449005,0.15718085934297338,-0.10043793340160961,0.014831509323609618,0.01216091588139534,0.17113304138183594,0.14744171500205994,0.005554480478167534,0.006473906338214874,outer_iteration,,False,False,experiment_7_new_run,,,,,,,,,,,,,,,,,,,,,,,,,,,,
vr_deep_pdcfr_plus,VR-DeepPDCFR+,vr_deep_pdcfr_plus,VR-DeepPDCFR+,2,65,64,1280000,10072253.0,17035.465947146993,0.1280383490771741,-0.08827170013125293,0.002665276053252938,0.012710514478385448,0.1945260763168335,0.18563967943191528,0.005306052044034004,0.004528333432972431,outer_iteration,,False,False,experiment_7_new_run,,,,,,,,,,,,,,,,,,,,,,,,,,,,
vr_deep_pdcfr_plus,VR-DeepPDCFR+,vr_deep_pdcfr_plus,VR-DeepPDCFR+,2,66,65,1300000,10227691.0,17298.603816379997,0.15779910137895442,-0.09465596644202118,0.009049542364021182,0.012438205070793629,0.17562192678451538,0.18900418281555176,0.004748251289129257,0.005353032611310482,outer_iteration,,False,False,experiment_7_new_run,,,,,,,,,,,,,,,,,,,,,,,,,,,,
vr_deep_pdcfr_plus,VR-DeepPDCFR+,vr_deep_pdcfr_plus,VR-DeepPDCFR+,2,67,66,1320000,10384103.0,17562.280101112003,0.12368163695630055,-0.09469896041305526,0.00909253633505526,0.01145091187208891,0.17301441729068756,0.12483004480600357,0.00463086599484086,0.005161359906196594,outer_iteration,,False,False,experiment_7_new_run,,,,,,,,,,,,,,,,,,,,,,,,,,,,
vr_deep_pdcfr_plus,VR-DeepPDCFR+,vr_deep_pdcfr_plus,VR-DeepPDCFR+,2,68,67,1340000,10540941.0,17825.75150671901,0.14296415234961046,-0.09535392092499712,0.00974749684699712,0.011358165182173252,0.17913086712360382,0.14808966219425201,0.006236843299120665,0.0050500622019171715,outer_iteration,,False,False,experiment_7_new_run,,,,,,,,,,,,,,,,,,,,,,,,,,,,
vr_deep_pdcfr_plus,VR-DeepPDCFR+,vr_deep_pdcfr_plus,VR-DeepPDCFR+,2,69,68,1360000,10699202.0,18092.006520639,0.12792631267515706,-0.09652041015702323,0.010913986079023233,0.012220345437526703,0.1992250680923462,0.17392010986804962,0.006213093176484108,0.004730588290840387,outer_iteration,,False,False,experiment_7_new_run,,,,,,,,,,,,,,,,,,,,,,,,,,,,
vr_deep_pdcfr_plus,VR-DeepPDCFR+,vr_deep_pdcfr_plus,VR-DeepPDCFR+,2,70,69,1380000,10856533.0,18357.89036530099,0.12927505694251878,-0.09299457132700392,0.007388147249003926,0.011322611011564732,0.1680290699005127,0.18977250158786774,0.006854805164039135,0.006561538204550743,outer_iteration,,False,False,experiment_7_new_run,,,,,,,,,,,,,,,,,,,,,,,,,,,,
vr_deep_pdcfr_plus,VR-DeepPDCFR+,vr_deep_pdcfr_plus,VR-DeepPDCFR+,2,71,70,1400000,11014147.0,18622.054690785008,0.1471076626850079,-0.09502701246740791,0.009420588389407916,0.011340140365064144,0.17100279033184052,0.18359820544719696,0.00559857627376914,0.006331333890557289,outer_iteration,,False,False,experiment_7_new_run,,,,,,,,,,,,,,,,,,,,,,,,,,,,
vr_deep_pdcfr_plus,VR-DeepPDCFR+,vr_deep_pdcfr_plus,VR-DeepPDCFR+,2,72,71,1420000,11172240.0,18888.029068192,0.1330559435276617,-0.09198570005438098,0.00637927597638098,0.011856954544782639,0.15056081116199493,0.16832435131072998,0.004792069084942341,0.006026764400303364,outer_iteration,,False,False,experiment_7_new_run,,,,,,,,,,,,,,,,,,,,,,,,,,,,
vr_deep_pdcfr_plus,VR-DeepPDCFR+,vr_deep_pdcfr_plus,VR-DeepPDCFR+,2,73,72,1440000,11329686.0,19152.891779332014,0.15375173446230106,-0.08890207089690585,0.003295646818905859,0.011739101260900497,0.20620201528072357,0.15564735233783722,0.006727464962750673,0.005790595896542072,outer_iteration,,False,False,experiment_7_new_run,,,,,,,,,,,,,,,,,,,,,,,,,,,,
vr_deep_pdcfr_plus,VR-DeepPDCFR+,vr_deep_pdcfr_plus,VR-DeepPDCFR+,2,74,73,1460000,11486256.0,19415.977554437995,0.1475031918891934,-0.09254394717621756,0.00693752309821756,0.010888063348829746,0.19486504793167114,0.18669553101062775,0.0062308358028531075,0.005134587176144123,outer_iteration,,False,False,experiment_7_new_run,,,,,,,,,,,,,,,,,,,,,,,,,,,,
vr_deep_pdcfr_plus,VR-DeepPDCFR+,vr_deep_pdcfr_plus,VR-DeepPDCFR+,2,75,74,1480000,11642846.0,19678.331452809012,0.15266855956165615,-0.09109907066042691,0.005492646582426916,0.011006209068000317,0.15672574937343597,0.1881728619337082,0.005429061129689217,0.005778003949671984,outer_iteration,,False,False,experiment_7_new_run,,,,,,,,,,,,,,,,,,,,,,,,,,,,
vr_deep_pdcfr_plus,VR-DeepPDCFR+,vr_deep_pdcfr_plus,VR-DeepPDCFR+,2,76,75,1500000,11799711.0,19943.50681509101,0.1292026366122887,-0.09006625535513058,0.00445983127713058,0.012420336715877056,0.16095314919948578,0.15330170094966888,0.004672227427363396,0.005510333925485611,outer_iteration,,False,False,experiment_7_new_run,,,,,,,,,,,,,,,,,,,,,,,,,,,,
vr_deep_pdcfr_plus,VR-DeepPDCFR+,vr_deep_pdcfr_plus,VR-DeepPDCFR+,2,77,76,1520000,11958201.0,20208.320724321995,0.1213318700209486,-0.09008464410264022,0.004478220024640225,0.011598625220358372,0.20992708206176758,0.20412451028823853,0.00593531783670187,0.0046893213875591755,outer_iteration,,False,False,experiment_7_new_run,,,,,,,,,,,,,,,,,,,,,,,,,,,,
vr_deep_pdcfr_plus,VR-DeepPDCFR+,vr_deep_pdcfr_plus,VR-DeepPDCFR+,2,78,77,1540000,12117320.0,20474.72733297301,0.13210408974059484,-0.0936467324663822,0.008040308388382197,0.012197879143059254,0.20776893198490143,0.1447865515947342,0.005754111334681511,0.004894370678812265,outer_iteration,,False,False,experiment_7_new_run,,,,,,,,,,,,,,,,,,,,,,,,,,,,
vr_deep_pdcfr_plus,VR-DeepPDCFR+,vr_deep_pdcfr_plus,VR-DeepPDCFR+,2,79,78,1560000,12276593.0,20743.839630275994,0.11460887513908224,-0.08826138726562588,0.0026549631876258833,0.01199453603476286,0.1769474893808365,0.14165066182613373,0.007286739069968462,0.006915007717907429,outer_iteration,,False,False,experiment_7_new_run,,,,,,,,,,,,,,,,,,,,,,,,,,,,
vr_deep_pdcfr_plus,VR-DeepPDCFR+,vr_deep_pdcfr_plus,VR-DeepPDCFR+,2,80,79,1580000,12434608.0,21009.159079567995,0.10169796651717421,-0.08884370274643877,0.0032372786684387728,0.012185908854007721,0.16949565708637238,0.18706393241882324,0.006307479925453663,0.004742354154586792,outer_iteration,,False,False,experiment_7_new_run,,,,,,,,,,,,,,,,,,,,,,,,,,,,
vr_deep_pdcfr_plus,VR-DeepPDCFR+,vr_deep_pdcfr_plus,VR-DeepPDCFR+,2,81,80,1600000,12592188.0,21273.60226740502,0.11803510304173076,-0.09051894885276829,0.004912524774768293,0.011849876493215561,0.1788427084684372,0.1750827580690384,0.0059453644789755344,0.004760849289596081,outer_iteration,,False,False,experiment_7_new_run,,,,,,,,,,,,,,,,,,,,,,,,,,,,
vr_deep_pdcfr_plus,VR-DeepPDCFR+,vr_deep_pdcfr_plus,VR-DeepPDCFR+,2,82,81,1620000,12749317.0,21539.953250155,0.11869067289804425,-0.09100775692247037,0.005401332844470377,0.010560260154306889,0.15992581844329834,0.19346244633197784,0.005419919732958078,0.005200917832553387,outer_iteration,,False,False,experiment_7_new_run,,,,,,,,,,,,,,,,,,,,,,,,,,,,
vr_deep_pdcfr_plus,VR-DeepPDCFR+,vr_deep_pdcfr_plus,VR-DeepPDCFR+,2,83,82,1640000,12906919.0,21808.354205953015,0.12920781441603427,-0.09389205843765308,0.008285634359653085,0.011404295451939106,0.15547911822795868,0.18280476331710815,0.006808889098465443,0.006803296972066164,outer_iteration,,False,False,experiment_7_new_run,,,,,,,,,,,,,,,,,,,,,,,,,,,,
vr_deep_pdcfr_plus,VR-DeepPDCFR+,vr_deep_pdcfr_plus,VR-DeepPDCFR+,2,84,83,1660000,13063825.0,22073.529680623993,0.14093588918918198,-0.09090086445365925,0.005294440375659251,0.011759303510189056,0.20833997428417206,0.16522175073623657,0.005707731936126947,0.004239867907017469,outer_iteration,,False,False,experiment_7_new_run,,,,,,,,,,,,,,,,,,,,,,,,,,,,
vr_deep_pdcfr_plus,VR-DeepPDCFR+,vr_deep_pdcfr_plus,VR-DeepPDCFR+,2,85,84,1680000,13220232.0,22338.702979847993,0.12137289676941801,-0.09297126489333674,0.00736484081533674,0.011749346740543842,0.20682351291179657,0.2037208527326584,0.0057176765985786915,0.0056833140552043915,outer_iteration,,False,False,experiment_7_new_run,,,,,,,,,,,,,,,,,,,,,,,,,,,,
vr_deep_pdcfr_plus,VR-DeepPDCFR+,vr_deep_pdcfr_plus,VR-DeepPDCFR+,2,86,85,1700000,13375280.0,22605.33584548399,0.12353726201649841,-0.09018452068717037,0.004578096609170371,0.011233054101467133,0.19420762360095978,0.18090426921844482,0.005246430169790983,0.005465548951178789,outer_iteration,,False,False,experiment_7_new_run,,,,,,,,,,,,,,,,,,,,,,,,,,,,
vr_deep_pdcfr_plus,VR-DeepPDCFR+,vr_deep_pdcfr_plus,VR-DeepPDCFR+,2,87,86,1720000,13529556.0,22869.036085803004,0.14354166248251263,-0.08794194583480203,0.002335521756802031,0.010922345332801342,0.2038111686706543,0.13817258179187775,0.0053469156846404076,0.0044591398909688,outer_iteration,,False,False,experiment_7_new_run,,,,,,,,,,,,,,,,,,,,,,,,,,,,
vr_deep_pdcfr_plus,VR-DeepPDCFR+,vr_deep_pdcfr_plus,VR-DeepPDCFR+,2,88,87,1740000,13684474.0,23132.50653947401,0.10993961173086858,-0.0863407912972213,0.0007343672192213074,0.011051804758608341,0.1648644655942917,0.19558946788311005,0.0053898245096206665,0.006036840379238129,outer_iteration,,False,False,experiment_7_new_run,,,,,,,,,,,,,,,,,,,,,,,,,,,,
vr_deep_pdcfr_plus,VR-DeepPDCFR+,vr_deep_pdcfr_plus,VR-DeepPDCFR+,2,89,88,1760000,13841629.0,23401.158933839004,0.12403467747415299,-0.08906750993351464,0.003461085855514648,0.010945129208266735,0.19004078209400177,0.22649262845516205,0.005609400104731321,0.005288189742714167,outer_iteration,,False,False,experiment_7_new_run,,,,,,,,,,,,,,,,,,,,,,,,,,,,
vr_deep_pdcfr_plus,VR-DeepPDCFR+,vr_deep_pdcfr_plus,VR-DeepPDCFR+,2,90,89,1780000,13996020.0,23666.09191206901,0.12501460393882663,-0.0902230109593316,0.004616586881331611,0.012264852412045002,0.15811371803283691,0.202104851603508,0.005344937089830637,0.004696429707109928,outer_iteration,,False,False,experiment_7_new_run,,,,,,,,,,,,,,,,,,,,,,,,,,,,
vr_deep_pdcfr_plus,VR-DeepPDCFR+,vr_deep_pdcfr_plus,VR-DeepPDCFR+,2,91,90,1800000,14151691.0,23928.194166125002,0.11158547875328481,-0.08751523603714598,0.0019088119591459812,0.01186208426952362,0.16819517314434052,0.12176438421010971,0.006937707774341106,0.005679024849087,outer_iteration,,False,False,experiment_7_new_run,,,,,,,,,,,,,,,,,,,,,,,,,,,,
vr_deep_pdcfr_plus,VR-DeepPDCFR+,vr_deep_pdcfr_plus,VR-DeepPDCFR+,2,92,91,1820000,14307952.0,24193.23480296199,0.10723198825052943,-0.08975758969548456,0.004151165617484562,0.010797510854899883,0.18145863711833954,0.157145693898201,0.0053485059179365635,0.006619642488658428,outer_iteration,,False,False,experiment_7_new_run,,,,,,,,,,,,,,,,,,,,,,,,,,,,
vr_deep_pdcfr_plus,VR-DeepPDCFR+,vr_deep_pdcfr_plus,VR-DeepPDCFR+,2,93,92,1840000,14463759.0,24461.04913983101,0.14919939512731573,-0.0850407475611566,0.0005656765168434025,0.010899088345468044,0.19095857441425323,0.1700419932603836,0.004688392858952284,0.004970664624124765,outer_iteration,,False,False,experiment_7_new_run,,,,,,,,,,,,,,,,,,,,,,,,,,,,
vr_deep_pdcfr_plus,VR-DeepPDCFR+,vr_deep_pdcfr_plus,VR-DeepPDCFR+,2,94,93,1860000,14620481.0,24724.370761189,0.11000701078869501,-0.0855664333051887,3.999077281129082e-05,0.01157009694725275,0.1898965835571289,0.16193462908267975,0.004654616583138704,0.005638060625642538,outer_iteration,,False,False,experiment_7_new_run,,,,,,,,,,,,,,,,,,,,,,,,,,,,
vr_deep_pdcfr_plus,VR-DeepPDCFR+,vr_deep_pdcfr_plus,VR-DeepPDCFR+,2,95,94,1880000,14775400.0,24987.192070799996,0.09743432550424022,-0.0849822552836541,0.000624168794345889,0.011976699344813824,0.22231513261795044,0.17615674436092377,0.0063415225595235825,0.005198273342102766,outer_iteration,,False,False,experiment_7_new_run,,,,,,,,,,,,,,,,,,,,,,,,,,,,
vr_deep_pdcfr_plus,VR-DeepPDCFR+,vr_deep_pdcfr_plus,VR-DeepPDCFR+,2,96,95,1900000,14931398.0,25253.004649151,0.11374533583726555,-0.0892833704883125,0.0036769464103125066,0.01123640313744545,0.17388446629047394,0.1713792234659195,0.00526012945920229,0.006358051672577858,outer_iteration,,False,False,experiment_7_new_run,,,,,,,,,,,,,,,,,,,,,,,,,,,,
vr_deep_pdcfr_plus,VR-DeepPDCFR+,vr_deep_pdcfr_plus,VR-DeepPDCFR+,2,97,96,1920000,15087312.0,25517.49066789,0.09780140429688032,-0.08921018232146194,0.0036037582434619436,0.01048752199858427,0.19773797690868378,0.1870584636926651,0.0055572716519236565,0.005967630073428154,outer_iteration,,False,False,experiment_7_new_run,,,,,,,,,,,,,,,,,,,,,,,,,,,,
unbiased_control_variate_escher,Unbiased Control-Variate ESCHER,,,0,0,0,0,0.0,0.7376713599951472,2.373611111111111,-0.078125,0.007481424077999996,,,,,,initial_untrained_policy,,True,False,experiment_7_new_run,,0.0,0.0,,,0.0,0.0,0.0,0.0,0.0,0.0,1.0,0.0,0.0,0.0,0.0,0.0,0.0,0.0,0.0,0.0,,,,,0.0,0.0,0.0
unbiased_control_variate_escher,Unbiased Control-Variate ESCHER,,,0,1,1,1532,10000.0,30.247924999013776,1.0070352306486212,0.006773903845688753,0.09238032792368875,3.082966770762141e-08,,,,,early_node_threshold,10000,False,False,experiment_7_new_run,,4624.0,1.0,1.0,1.0,1.0000100135803223,0.0,0.06983630556294954,0.06983630556294954,0.10475445834442328,0.0,0.5,0.0,0.0,0.0,0.0,0.0,0.0,0.0,0.0,0.0,,,,,1550.0,1526.0,1548.0
unbiased_control_variate_escher,Unbiased Control-Variate ESCHER,,,0,2,1,20000,129605.0,419.888998401002,3.9998844186791316,1.000007137070458,1.0856135611484579,1.9813386487044227e-08,0.007003729697316885,0.22124624252319336,8.560290728117556e-07,8.560290728117556e-07,outer_iteration,,False,False,experiment_7_new_run,-2.64475154876709,61189.0,1.0,1.0,1.0,1.0000100135803223,0.0,0.13272999043319658,0.13272999043319658,0.25201990805294044,0.0,0.3333333333333333,1.0,1.0,1.0,0.0,0.0,0.0,0.0,0.0,0.0,0.01391579769551754,0.32613009214401245,0.01391579769551754,0.32613009214401245,20348.0,20381.0,20460.0
unbiased_control_variate_escher,Unbiased Control-Variate ESCHER,,,0,3,2,40000,293559.0,855.5130732079851,6.255555470275516,1.568258279419163,1.653864703497163,0.1396484524011612,0.5866996645927429,2.5869553089141846,0.001185603051756819,0.001185603051756819,outer_iteration,,False,False,experiment_7_new_run,-1.3126498460769653,91183.0,0.8654618773489169,0.0,2.0,0.037320418752820404,0.0015364687498144755,0.5186730297966303,0.5309875437072411,0.9171308905807483,8.579640275871779e-18,0.08785572729109063,2.0,2.0,2.0,0.0,0.0,0.0,0.0,-0.0021499096468049483,-0.019608988724577614,1.0356230735778809,3.4110679626464844,1.0331326723098755,3.289017915725708,50753.0,50784.0,50835.0
unbiased_control_variate_escher,Unbiased Control-Variate ESCHER,,,0,4,3,60000,476766.0,1311.4473272830073,3.66283844916976,0.7180083811361535,0.8036148052141535,0.09110083431005478,5.475736141204834,0.544413149356842,0.000523475716666629,0.000523475716666629,outer_iteration,,False,False,experiment_7_new_run,-0.922812819480896,105452.0,1.1228233092064384,0.0,2.0,2.927506859096627,0.0035812262645520117,0.37600906401999945,0.40512434486095217,0.7375921880652669,1.3224766245267837e-17,0.07763777708973843,3.0,3.0,3.0,0.0,0.0,0.0,0.0,-0.053161981581365314,-0.02746834105020013,5.507630825042725,1.520545482635498,5.179116725921631,1.437045931816101,85948.0,85936.0,85940.0
unbiased_control_variate_escher,Unbiased Control-Variate ESCHER,,,0,5,4,80000,650484.0,1763.9589857780084,2.3712770719560874,0.04325793747852724,0.12886436155652725,0.06167125701904297,0.4775868356227875,0.10802028328180313,0.0020728932383159795,0.0020728932383159795,outer_iteration,,False,False,experiment_7_new_run,-1.05873703956604,97993.0,0.9696237078505349,0.0,2.0,1.1934038497980846,0.0017317045948380485,0.18655733056581347,0.19728292030945063,0.39485282387427467,1.1187303500895663e-17,0.07329822315900848,4.0,4.0,4.0,0.0,0.0,0.0,0.0,-0.06830571664845841,-0.03293223749859253,0.792610228061676,0.28781425952911377,0.6625566482543945,0.24512821435928345,118632.0,118638.0,118547.0
unbiased_control_variate_escher,Unbiased Control-Variate ESCHER,,,0,6,5,100000,818512.0,2194.7431571680063,1.270991201984699,0.045306421568854505,0.13091284564685451,0.05295078828930855,0.10711131244897842,0.07172229886054993,0.008885546742628017,0.008885546742628017,outer_iteration,,False,False,experiment_7_new_run,-1.1408209800720215,92817.0,0.993631029904433,0.0,2.0,0.07356949570990175,0.001498702451132559,0.14437647997926037,0.1586918234273159,0.3073110763500893,1.026003944780304e-17,0.07886629320077554,5.0,5.0,5.0,0.0,0.0,0.0,0.0,-0.06392602277792969,-0.03152930861678738,0.16186808049678802,0.10514848679304123,0.17534239590168,0.10998883843421936,149686.0,149326.0,149622.0
unbiased_control_variate_escher,Unbiased Control-Variate ESCHER,,,0,7,6,120000,988616.0,2632.7853214250063,0.7693591567928303,-0.03950698804033345,0.046099436037666544,0.04204413667321205,0.06905029714107513,0.053111638873815536,0.012248765677213669,0.012248765677213669,outer_iteration,,False,False,experiment_7_new_run,-1.211709976196289,94445.0,1.0641219504140293,0.0,2.0,0.043765815221792494,0.0007430881381677287,0.12460008910589909,0.12846287801996997,0.25388290441452616,9.433011181447545e-18,0.07869482060534774,6.0,6.0,6.0,0.0,0.0,0.0,0.0,-0.06041608154574862,-0.029554686208941527,0.10252638906240463,0.0860154777765274,0.11399639397859573,0.09395847469568253,181143.0,180759.0,181177.0
unbiased_control_variate_escher,Unbiased Control-Variate ESCHER,,,0,8,7,140000,1159338.0,3064.3275756619987,0.6442166684204687,-0.10585971694867033,0.020253292870670334,0.032132163643836975,0.057745207101106644,0.05541132017970085,0.013109961524605751,0.013109961524605751,outer_iteration,,False,False,experiment_7_new_run,-1.3397340774536133,94939.0,1.0090271133167386,0.0,2.0,0.034209276140356064,0.0004434410510001262,0.11536061693937759,0.11936262161879468,0.2327635364964051,9.495989321419227e-18,0.08927164910585617,7.0,7.0,7.0,0.0,0.0,0.0,0.0,-0.05696680788524611,-0.027812205891064368,0.08303942531347275,0.0772082582116127,0.09425957500934601,0.08354569971561432,212676.0,212414.0,212928.0
unbiased_control_variate_escher,Unbiased Control-Variate ESCHER,,,0,9,8,160000,1331712.0,3500.886007327994,0.5663124095190947,-0.11177414639621774,0.026167722318217748,0.02672889269888401,0.05600196123123169,0.05058976635336876,0.013035004337628683,0.013035004337628683,outer_iteration,,False,False,experiment_7_new_run,-1.4648844003677368,96497.0,1.0031780069518432,0.0,2.0,0.030817553379576486,0.0002916841632444894,0.11679608494686426,0.12015889778134908,0.2236782672532254,9.060290823719296e-18,0.09211749895434615,8.0,8.0,8.0,0.0,0.0,0.0,0.0,-0.053578734741346334,-0.025175687926696444,0.08315858244895935,0.07246655970811844,0.09312253445386887,0.08238507807254791,244749.0,244614.0,245152.0
unbiased_control_variate_escher,Unbiased Control-Variate ESCHER,,,0,10,9,180000,1503203.0,3934.954130461003,0.5478145935398657,-0.1367616569667263,0.051155232888726296,0.022829273715615273,0.05806936323642731,0.04093173146247864,0.0126491142436862,0.0126491142436862,outer_iteration,,False,False,experiment_7_new_run,-1.5564109086990356,95600.0,1.0029429844503517,0.0,2.0,0.042138123068002055,0.00021173072377601062,0.11421910845434462,0.11601241846728971,0.22040655738709453,9.619172640477759e-18,0.08492212039544704,9.0,9.0,9.0,0.0,0.0,0.0,0.0,-0.05033474777139002,-0.022500994227466764,0.08669032901525497,0.06054616719484329,0.09506291151046753,0.07011643797159195,276635.0,276474.0,277006.0
unbiased_control_variate_escher,Unbiased Control-Variate ESCHER,,,0,11,10,200000,1676092.0,4375.220669297996,0.4535002147441739,-0.13952745251948723,0.05392102844148723,0.020543290302157402,0.059218067675828934,0.04913916811347008,0.011333171899120012,0.011333171899120012,outer_iteration,,False,False,experiment_7_new_run,-1.5586919784545898,96606.0,0.9979626098901014,0.0,2.0,0.045024265986085735,0.00017464518761057355,0.1210672217043914,0.12244023052082721,0.2363870913233328,9.565096076279765e-18,0.08627970997551662,10.0,10.0,10.0,0.0,0.0,0.0,0.0,-0.046346832979411445,-0.020697821553618878,0.08738214522600174,0.07321322709321976,0.09775033593177795,0.07846688479185104,308856.0,308659.0,309206.0
unbiased_control_variate_escher,Unbiased Control-Variate ESCHER,,,0,12,11,220000,1848609.0,4807.8524088939885,0.3856476536686587,-0.137261603742202,0.05165517966420201,0.017978256568312645,0.056903496384620667,0.04519153758883476,0.013203376283248266,0.013203376283248266,outer_iteration,,False,False,experiment_7_new_run,-1.520211935043335,96384.0,1.0093047256515935,0.0,2.0,0.04944144397593484,0.00013468331139693433,0.12390990551643562,0.12394044851170324,0.23643382554551656,9.837953807451426e-18,0.08485478719251163,11.0,11.0,11.0,0.0,0.0,0.0,0.0,-0.042844462493847324,-0.017666865339551308,0.09176381677389145,0.06742174178361893,0.09958159923553467,0.07668573409318924,333333.0,333333.0,333333.0
unbiased_control_variate_escher,Unbiased Control-Variate ESCHER,,,0,13,12,240000,2019373.0,5245.366590510996,0.3326245080163851,-0.12184042456173005,0.03623400048373006,0.016562022268772125,0.058862894773483276,0.043270036578178406,0.013824580858151117,0.013824580858151117,outer_iteration,,False,False,experiment_7_new_run,-1.6334742307662964,94681.0,0.9992098575349221,0.0,2.0,0.05250351116440888,0.00010490785033961969,0.11330098117392373,0.11338477555498847,0.223069453670204,9.706229605532365e-18,0.08509906758308106,12.0,12.0,12.0,0.0,0.0,0.0,0.0,-0.03877263118886409,-0.01399746849493222,0.0841820016503334,0.06217413768172264,0.09356344491243362,0.07297588884830475,333333.0,333333.0,333333.0
unbiased_control_variate_escher,Unbiased Control-Variate ESCHER,,,0,14,13,260000,2188812.0,5677.625242003007,0.2760450679764974,-0.1233382383742671,0.03773181429626711,0.013927971012890339,0.05306835472583771,0.04301438853144646,0.01657442810634772,0.01657442810634772,outer_iteration,,False,False,experiment_7_new_run,-1.8130717277526855,93501.0,1.0018291001285995,0.06509918752652566,1.9612885906115713,0.05113592557743082,8.453923792189746e-05,0.10857099153473934,0.10867395135473813,0.200928035366811,8.845738026925876e-18,0.08350075398406771,13.0,13.0,13.0,0.0,0.0,0.0,0.0,-0.03466597593367449,-0.009906060838294373,0.08046219497919083,0.05969328060746193,0.08951330184936523,0.07112215459346771,333333.0,333333.0,333333.0
unbiased_control_variate_escher,Unbiased Control-Variate ESCHER,,,0,15,14,280000,2358592.0,6116.490927732986,0.2585520286196706,-0.12993437796540058,0.04432795388740059,0.015409465879201889,0.05582151189446449,0.05144882574677467,0.015115439891815186,0.015115439891815186,outer_iteration,,False,False,experiment_7_new_run,-1.9220205545425415,93667.0,1.0049301554290266,0.09286436784828822,2.0,0.050643255763980495,9.710264214091548e-05,0.10768829005581082,0.107668803992688,0.20673721705592868,8.411075303215093e-18,0.08482718728527408,14.0,14.0,14.0,0.0,0.0,0.0,0.0,-0.029818396339321485,-0.006335259341353261,0.08310841768980026,0.07379723340272903,0.0936196893453598,0.0830303430557251,333333.0,333333.0,333333.0
unbiased_control_variate_escher,Unbiased Control-Variate ESCHER,,,0,16,15,300000,2528397.0,6552.066799002001,0.23791242328436196,-0.12376167446747596,0.03815525038947597,0.015141397714614868,0.05004960671067238,0.04975903034210205,0.016237868306537468,0.016237868306537468,outer_iteration,,False,False,experiment_7_new_run,-1.99778151512146,93707.0,1.00876042316003,0.2677675444962244,2.0,0.047323483234465974,9.817855980397633e-05,0.10744138843726701,0.1078168155570795,0.2034931712569073,8.493597828812563e-18,0.08338322468647831,15.0,15.0,15.0,0.0,0.0,0.0,0.0,-0.02523570378012563,-0.0017094524848173531,0.0754043385386467,0.07202714681625366,0.08496467769145966,0.08360814303159714,333333.0,333333.0,333333.0
unbiased_control_variate_escher,Unbiased Control-Variate ESCHER,,,0,17,16,320000,2699942.0,6991.254867072013,0.2283017195230238,-0.11959227187758159,0.033985847799581595,0.014259218238294125,0.05712290108203888,0.0693407729268074,0.013891642292340597,0.013891642292340597,outer_iteration,,False,False,experiment_7_new_run,-1.9582639932632446,95290.0,1.0048170408053583,0.0,1.9066995382558631,0.05058339556817346,0.00011305758630284269,0.11676824261767514,0.11673518020072397,0.22397132799215735,8.588683439071936e-18,0.0831527275439384,16.0,16.0,16.0,0.0,0.0,0.0,0.0,-0.019993821056601968,-0.00037834645643974874,0.07817786186933517,0.10651195794343948,0.08885150402784348,0.10960692167282104,333333.0,333333.0,333333.0
unbiased_control_variate_escher,Unbiased Control-Variate ESCHER,,,0,18,17,340000,2870520.0,7423.44579081799,0.20869159262940257,-0.11554836205256364,0.02994193797456364,0.01264728233218193,0.053269583731889725,0.06292698532342911,0.015974994127949078,0.015974994127949078,outer_iteration,,False,False,experiment_7_new_run,-2.0348708629608154,94530.0,1.0020690848111506,0.4515895740481549,1.7594324270392305,0.054886109155760164,0.0001180435764979551,0.12453864813679147,0.12481017669100809,0.24228439058761686,1.0160807927353506e-17,0.08382887114600618,17.0,17.0,17.0,0.0,0.0,0.0,0.0014948699673661414,-0.015753226607868154,0.0014948699673661414,0.09117182344198227,0.08770130574703217,0.09901585429906845,0.09199602156877518,333333.0,333333.0,333333.0
unbiased_control_variate_escher,Unbiased Control-Variate ESCHER,,,0,19,18,360000,3041430.0,7860.694227267988,0.2001337674119068,-0.11364172327466335,0.028035299196663352,0.01184649858623743,0.054721761494874954,0.059112757444381714,0.017863359302282333,0.017863359302282333,outer_iteration,,False,False,experiment_7_new_run,-2.007305145263672,94791.0,1.0015690831717274,0.33682911454915,1.7753280999810683,0.05286749370866097,0.00011832738160100681,0.12238985251658072,0.1224428712276977,0.23387419272888718,9.745546311136636e-18,0.08466350879572677,18.0,18.0,18.0,0.0,0.0014948699673661414,0.0,0.006524591185620987,-0.00947409047306591,0.006524591185620987,0.08480357378721237,0.07836256921291351,0.0969763994216919,0.0894084945321083,333333.0,333333.0,333333.0
unbiased_control_variate_escher,Unbiased Control-Variate ESCHER,,,0,20,19,380000,3212662.0,8296.978062048001,0.19576196957149844,-0.11889874264638547,0.03329231856838548,0.011807308532297611,0.058263182640075684,0.05701657757163048,0.016138139180839062,0.016138139180839062,outer_iteration,,False,False,experiment_7_new_run,-2.047671318054199,95045.0,0.9999098817250257,0.4030401982592219,1.7164835973480805,0.05765175135456651,0.00013650153494171793,0.11658473525465657,0.11656189123423824,0.22514700585451347,9.357142513712238e-18,0.08363639474617174,19.0,19.0,19.0,0.0,0.006524591185620987,0.0,0.011903152247522253,-0.004085171335693971,0.011903152247522253,0.08217666298151016,0.075930155813694,0.09238159656524658,0.0874735563993454,333333.0,333333.0,333333.0
unbiased_control_variate_escher,Unbiased Control-Variate ESCHER,,,0,21,20,400000,3381772.0,8731.696491634997,0.15841936904290815,-0.11794749379649888,0.032341069718498885,0.011104290373623371,0.05169990658760071,0.052703846246004105,0.016424519009888172,0.016424519009888172,outer_iteration,,False,False,experiment_7_new_run,-1.976194977760315,93072.0,0.9992086143250211,0.3393979554296742,2.0,0.048291269391527246,0.0001156919222046414,0.11186890770269248,0.11181707618125673,0.2107533884102194,8.962907039225575e-18,0.08462025257491926,20.0,20.0,20.0,0.0,0.011903152247522253,0.0021220147193806715,0.015987173180214254,0.0021220147193806715,0.015987173180214254,0.07828710228204727,0.07207727432250977,0.0899643525481224,0.0808686763048172,333333.0,333333.0,333333.0
unbiased_control_variate_escher,Unbiased Control-Variate ESCHER,,,0,22,21,420000,3551005.0,9163.830635426013,0.15822748420336563,-0.11209399871334319,0.026487574635343195,0.010857517831027508,0.05460289120674133,0.04986947402358055,0.015293164799610773,0.015293164799610773,outer_iteration,,False,False,experiment_7_new_run,-2.099803924560547,93353.0,0.9989168520079811,0.45632085172004233,2.0,0.05280912816880705,0.00014663131403898886,0.11199571556244163,0.11190586887293835,0.21090955531738448,8.82169414594219e-18,0.08117903649802216,21.0,21.0,21.0,0.0021220147193806715,0.015987173180214254,0.008611469070450961,0.020788990031556986,0.008611469070450961,0.020788990031556986,0.08561480045318604,0.07159911096096039,0.09779016673564911,0.08157936483621597,333333.0,333333.0,333333.0
unbiased_control_variate_escher,Unbiased Control-Variate ESCHER,,,0,23,22,440000,3720946.0,9606.149401408009,0.1573987390204426,-0.11208335966342658,0.02647693558542659,0.012295164167881012,0.0595875084400177,0.05305105075240135,0.015494091436266899,0.015494091436266899,outer_iteration,,False,False,experiment_7_new_run,-2.060020923614502,93815.0,0.9960187654603841,0.3728436438584236,1.5520707317673959,0.05510353770408,0.00010086213324455158,0.1070496874670249,0.1070343254803998,0.20957145490301873,8.4693054073417e-18,0.08392518271501673,22.0,22.0,22.0,0.008611469070450961,0.020788990031556986,0.014837578549852792,0.02475582444793778,0.014837578549852792,0.02475582444793778,0.07833783328533173,0.07163629680871964,0.09000729769468307,0.08006910234689713,333333.0,333333.0,333333.0
unbiased_control_variate_escher,Unbiased Control-Variate ESCHER,,,0,24,23,460000,3889634.0,10038.648049420997,0.14690113477679914,-0.1119304288173065,0.026324004739306503,0.012787234038114548,0.04870157316327095,0.05694887042045593,0.015291360827783743,0.015291360827783743,outer_iteration,,False,False,experiment_7_new_run,-2.0606136322021484,92785.0,1.0038204906299604,0.4146377328746865,1.508737153578382,0.05342972827665731,0.0001015106633576516,0.10426631972829868,0.10416732581259477,0.19745089335650404,7.994561034012038e-18,0.08557398090037177,23.0,23.0,23.0,0.014837578549852792,0.02475582444793778,0.021809990668430923,0.02872986618029827,0.021809990668430923,0.02872986618029827,0.06969275325536728,0.08277756720781326,0.08247167617082596,0.09150910377502441,333333.0,333333.0,333333.0
unbiased_control_variate_escher,Unbiased Control-Variate ESCHER,,,0,25,24,480000,4058877.0,10476.383721213992,0.15319757823143093,-0.11302404268447566,0.027417618606475666,0.010500602424144745,0.0549076646566391,0.05574735999107361,0.015195020474493504,0.015195020474493504,outer_iteration,,False,False,experiment_7_new_run,-2.0822904109954834,93372.0,1.0018977898679358,0.13901417432253016,1.6982752189040595,0.05641295549045013,0.00010610912608867353,0.11003135642569764,0.11009810155670541,0.21699351323317434,9.148938306177411e-18,0.08390831149055143,24.0,24.0,24.0,0.021809990668430923,0.02872986618029827,0.027377258835192042,0.032799818947384596,0.027377258835192042,0.032799818947384596,0.08228009194135666,0.0764172151684761,0.09313371032476425,0.08517079055309296,333333.0,333333.0,333333.0
unbiased_control_variate_escher,Unbiased Control-Variate ESCHER,,,0,26,25,500000,4228583.0,10909.083487182012,0.13870389209356992,-0.10608310574057717,0.02047668166257717,0.010916761122643948,0.05216090753674507,0.055525168776512146,0.014992818236351013,0.014992818236351013,outer_iteration,,False,False,experiment_7_new_run,-2.0363893508911133,93727.0,1.0010645454276021,0.6384633108690008,1.4687622426501425,0.051184173261198916,8.78548743274566e-05,0.1087921252223196,0.10884821258596003,0.21184649142382356,9.287370378129452e-18,0.08448646277246699,25.0,25.0,25.0,0.027377258835192042,0.032799818947384596,0.03225189829201325,0.03730053992114912,0.03225189829201325,0.03730053992114912,0.07699721306562424,0.07505253702402115,0.08674727380275726,0.084480419754982,333333.0,333333.0,333333.0
unbiased_control_variate_escher,Unbiased Control-Variate ESCHER,,,0,27,26,520000,4397928.0,11348.455553169013,0.12492213983269582,-0.10894567205786537,0.023339247979865377,0.010681246407330036,0.05268620327115059,0.05500815436244011,0.017210907613237698,0.017210907613237698,outer_iteration,,False,False,experiment_7_new_run,-2.0818591117858887,93496.0,0.999642215916083,0.591022413653951,1.4054546327365829,0.05349012117501843,8.250171663655953e-05,0.10794975943866993,0.10796414110064353,0.2083483649569849,9.20946305819955e-18,0.08296796650771814,26.0,26.0,26.0,0.03225189829201325,0.03730053992114912,0.03786402430151692,0.04300729218651911,0.03786402430151692,0.04300729218651911,0.0755542516708374,0.0740085244178772,0.08647021651268005,0.08527255058288574,333333.0,333333.0,333333.0
unbiased_control_variate_escher,Unbiased Control-Variate ESCHER,,,0,28,27,540000,4566907.0,11782.654404652014,0.13304885598134764,-0.10858386385065849,0.022977439772658495,0.010151711292564869,0.05334287881851196,0.05194109305739403,0.015218957016865412,0.015218957016865412,outer_iteration,,False,False,experiment_7_new_run,-2.066107988357544,93096.0,1.0027665454875192,0.735539016970371,1.43176931474949,0.03949019436505656,8.066873711190826e-05,0.10833767142729192,0.1083920324068378,0.21060653554795536,9.001805655552213e-18,0.0875386624681401,27.0,27.0,27.0,0.03786402430151692,0.04300729218651911,0.04402166105440475,0.04857700158681533,0.04402166105440475,0.04857700158681533,0.07909833639860153,0.07079852372407913,0.09113568067550659,0.08187609910964966,333333.0,333333.0,333333.0
unbiased_control_variate_escher,Unbiased Control-Variate ESCHER,,,0,29,28,560000,4735698.0,12221.373378905992,0.13369995406975824,-0.10955117794131974,0.023944753863319748,0.00957552995532751,0.05839492008090019,0.056996896862983704,0.015206110042830309,0.015206110042830309,outer_iteration,,False,False,experiment_7_new_run,-2.0040125846862793,92977.0,1.0002741922105578,0.0,1.6153509869233114,0.04760976132031138,9.445916438601263e-05,0.11064643984230965,0.1106982462766414,0.21694904235972834,9.176486781261472e-18,0.08428251274676415,28.0,28.0,28.0,0.04402166105440475,0.04857700158681533,0.04953231350039278,0.05189708711530783,0.04953231350039278,0.05189708711530783,0.07960674166679382,0.08017481863498688,0.09103170037269592,0.08883917331695557,333333.0,333333.0,333333.0
unbiased_control_variate_escher,Unbiased Control-Variate ESCHER,,,0,30,29,580000,4904678.0,12661.205816639995,0.128685329086547,-0.10297129158058446,0.017364867502584466,0.008944195695221424,0.05028711259365082,0.05707120895385742,0.017096135144432385,0.017096135144432385,outer_iteration,,False,False,experiment_7_new_run,-2.054896593093872,93012.0,0.9992425280968714,0.7397644014324865,1.3922101216375913,0.046399319407796236,8.229276030188928e-05,0.11009628957678112,0.11003234846123727,0.2132594706741145,9.106241847157928e-18,0.08245050898007884,29.0,29.0,29.0,0.04953231350039278,0.05189708711530783,0.05387956518588477,0.05663766248109736,0.05387956518588477,0.05663766248109736,0.07685589790344238,0.07532405108213425,0.08679903298616409,0.085770383477211,333333.0,333333.0,333333.0
unbiased_control_variate_escher,Unbiased Control-Variate ESCHER,,,0,31,30,600000,5073267.0,13096.290248720994,0.13086815407344826,-0.10168640517653865,0.016079981098538657,0.009951346553862095,0.05488888546824455,0.05362970754504204,0.016644847579300404,0.016644847579300404,outer_iteration,,False,False,experiment_7_new_run,-1.8227143287658691,92733.0,0.9990211061459435,0.5206585811194523,1.2129181996393033,0.0461051292770636,8.707770488213068e-05,0.10879309565672651,0.10879159722381133,0.22010910947956425,8.894359480582572e-18,0.08338322969941918,30.0,30.0,30.0,0.05387956518588477,0.05663766248109736,0.05792354733988181,0.060113808159007465,0.05792354733988181,0.060113808159007465,0.0759512260556221,0.07459601759910583,0.08563666045665741,0.08357657492160797,333333.0,333333.0,333333.0
unbiased_control_variate_escher,Unbiased Control-Variate ESCHER,,,0,32,31,620000,5240750.0,13534.363383835997,0.12111829224432584,-0.10088041596272601,0.015273991884726015,0.009610417298972607,0.05502365157008171,0.05453023314476013,0.015549817122519016,0.015549817122519016,outer_iteration,,False,False,experiment_7_new_run,-2.069978713989258,91823.0,1.000847597199607,0.4401597570102277,1.4701983801618355,0.0499926646558411,8.538057165673852e-05,0.10609249060640183,0.10614195457149937,0.20612693132103246,9.04293974540865e-18,0.08425846857022143,31.0,31.0,31.0,0.05792354733988181,0.060113808159007465,0.06334116026582892,0.06363854825010273,0.06334116026582892,0.06363854825010273,0.07839997857809067,0.07254353910684586,0.0902298167347908,0.0816129818558693,333333.0,333333.0,333333.0
unbiased_control_variate_escher,Unbiased Control-Variate ESCHER,,,0,33,32,640000,5409218.0,13965.003899640986,0.10783808714318621,-0.10079868301370376,0.015192258935703765,0.008306371048092842,0.061166416853666306,0.05443739891052246,0.015877809685965378,0.015877809685965378,outer_iteration,,False,False,experiment_7_new_run,-2.127990245819092,92561.0,1.002800539759163,0.0,1.5208578205977135,0.047533355739464274,8.289589419413647e-05,0.11055508791491553,0.11049992773761283,0.21077295198504623,9.170886684920915e-18,0.08291851640822641,32.0,32.0,32.0,0.06334116026582892,0.06363854825010273,0.06919804831946863,0.0672546138461172,0.06919804831946863,0.0672546138461172,0.07801216840744019,0.07777614891529083,0.09071437269449234,0.08750541508197784,333333.0,333333.0,333333.0
unbiased_control_variate_escher,Unbiased Control-Variate ESCHER,,,0,34,33,660000,5577056.0,14395.740796233003,0.10606945491626218,-0.0977931596153126,0.012186735537312601,0.008652613498270512,0.05065241456031799,0.054820675402879715,0.015874265382687252,0.015874265382687252,outer_iteration,,False,False,experiment_7_new_run,-2.1569905281066895,92004.0,0.9991642016317415,0.660921197047242,1.420933929912542,0.04792689851531408,8.181552328749451e-05,0.1063423642948517,0.10638608790630734,0.21075602119943238,8.887908322609625e-18,0.08475704655806998,33.0,33.0,33.0,0.06919804831946863,0.0672546138461172,0.07335519985669836,0.07126291477183899,0.07335519985669836,0.07126291477183899,0.07590243220329285,0.07390298694372177,0.08670652657747269,0.08404278010129929,333333.0,333333.0,333333.0
unbiased_control_variate_escher,Unbiased Control-Variate ESCHER,,,0,35,34,680000,5744240.0,14822.393323238008,0.09857846157039492,-0.09830976903925731,0.012703344961257315,0.008646504022181034,0.05287107825279236,0.05208420380949974,0.015808011094729107,0.015808011094729107,outer_iteration,,False,False,experiment_7_new_run,-2.0845835208892822,91563.0,1.000884064933848,0.6704798367023317,1.4563617317673798,0.056279567952647935,7.702533953812517e-05,0.10679291692355565,0.10684444896148663,0.20459372118511504,8.967619173213167e-18,0.08411684855500165,34.0,34.0,34.0,0.07335519985669836,0.07126291477183899,0.07758492976295694,0.07426119719885071,0.07758492976295694,0.07426119719885071,0.07273849844932556,0.07465419173240662,0.08362584561109543,0.08390624821186066,333333.0,333333.0,333333.0
unbiased_control_variate_escher,Unbiased Control-Variate ESCHER,,,0,36,35,700000,5911012.0,15252.093371280003,0.10158417928247127,-0.09740473121602877,0.011798307138028777,0.009779449552297592,0.054456401616334915,0.05018094554543495,0.017544204369187355,0.017544204369187355,outer_iteration,,False,False,experiment_7_new_run,-2.0241410732269287,91223.0,0.9997184581002104,0.6315833085683344,1.4139400649727702,0.050234938470277025,8.121447915204021e-05,0.10642784919078035,0.10646075644834556,0.21270394742130208,9.405051979571562e-18,0.08380339693440124,35.0,35.0,35.0,0.07758492976295694,0.07426119719885071,0.08226734525484647,0.076522225778069,0.08226734525484647,0.076522225778069,0.07610182464122772,0.0761454701423645,0.08808371424674988,0.08486030995845795,333333.0,333333.0,333333.0
unbiased_control_variate_escher,Unbiased Control-Variate ESCHER,,,0,37,36,720000,6077906.0,15678.563201204,0.10147692150985121,-0.09549828480677053,0.009891860728770532,0.00929060485213995,0.04428352415561676,0.05789543315768242,0.01716652885079384,0.01716652885079384,outer_iteration,,False,False,experiment_7_new_run,-2.1742491722106934,91215.0,0.9996904889594044,0.4571000909221996,1.353816800600409,0.05349255310575141,8.195722352667197e-05,0.10757566523111275,0.10743936552068929,0.20697863398676847,9.215576937861315e-18,0.08219130535595333,36.0,36.0,36.0,0.08226734525484647,0.076522225778069,0.08658282395765038,0.08010105744601681,0.08658282395765038,0.08010105744601681,0.06884057819843292,0.08317997306585312,0.08004079014062881,0.09415972232818604,333333.0,333333.0,333333.0
unbiased_control_variate_escher,Unbiased Control-Variate ESCHER,,,0,38,37,740000,6245309.0,16113.726985891,0.10716182403855096,-0.09435589479582407,0.008749470717824073,0.010664482600986958,0.04817669466137886,0.05361946299672127,0.016916558456917603,0.016916558456917603,outer_iteration,,False,False,experiment_7_new_run,-2.1319639682769775,91605.0,1.0012671431953084,0.2980422978010675,1.6052467211058663,0.04929684812740005,8.456739574736563e-05,0.10413548582152925,0.10395324861532053,0.21076477714827951,9.094014857109581e-18,0.08480787989699787,37.0,37.0,37.0,0.08658282395765038,0.08010105744601681,0.0897021165980667,0.0824062747828378,0.0897021165980667,0.0824062747828378,0.0720328539609909,0.0766216367483139,0.08242946863174438,0.08588738739490509,333333.0,333333.0,333333.0
unbiased_control_variate_escher,Unbiased Control-Variate ESCHER,,,0,39,38,760000,6411426.0,16541.37467501301,0.09866642900888528,-0.09009336893139488,0.004486944853394889,0.008730493485927582,0.04697501286864281,0.05621974170207977,0.015990203556915123,0.015990203556915123,outer_iteration,,False,False,experiment_7_new_run,-2.2401578426361084,90682.0,1.0017397279483715,0.4907963761220826,1.6078665179915586,0.0457854758144866,7.355210674956247e-05,0.10042793661184835,0.10033965930044304,0.1997571510908568,8.797037663990522e-18,0.08415882920212825,38.0,38.0,38.0,0.0897021165980667,0.0824062747828378,0.09341352169395511,0.08719886749061412,0.09341352169395511,0.08719886749061412,0.06704599410295486,0.07818689197301865,0.07780454307794571,0.09054713696241379,333333.0,333333.0,333333.0
unbiased_control_variate_escher,Unbiased Control-Variate ESCHER,,,0,40,39,780000,6577973.0,16973.522546680004,0.11269957438502479,-0.09360199154498469,0.007995567466984696,0.009640495292842388,0.04530665650963783,0.05344773828983307,0.016046274453401566,0.016046274453401566,outer_iteration,,False,False,experiment_7_new_run,-2.2289624214172363,90953.0,1.0023217287427009,0.0,1.5220157739713303,0.046192313812293315,7.293550657362448e-05,0.09939006683485108,0.09932788794939384,0.20626602918418646,9.2876918222921e-18,0.0854703774989865,39.0,39.0,39.0,0.09341352169395511,0.08719886749061412,0.09593961443848231,0.09247680644682854,0.09593961443848231,0.09247680644682854,0.06979532539844513,0.07679978758096695,0.07976282387971878,0.08997565507888794,333333.0,333333.0,333333.0
unbiased_control_variate_escher,Unbiased Control-Variate ESCHER,,,0,41,40,800000,6744212.0,17398.084988321993,0.12049213109191328,-0.09697947205390198,0.011373047975901981,0.00962148979306221,0.04829113185405731,0.06311585754156113,0.015290959738194942,0.015290959738194942,outer_iteration,,False,False,experiment_7_new_run,-2.1547110080718994,90587.0,0.9993429747685495,0.25122987355500126,2.0,0.048735558406894,7.727692815690048e-05,0.1006100138185345,0.10075195307535413,0.2031022836507089,8.961995345951186e-18,0.08060343774700554,40.0,40.0,40.0,0.09593961443848231,0.09247680644682854,0.10060782309444294,0.09729209023169572,0.10060782309444294,0.09729209023169572,0.066672183573246,0.08080115169286728,0.0787840262055397,0.09435801953077316,333333.0,333333.0,333333.0
unbiased_control_variate_escher,Unbiased Control-Variate ESCHER,,,0,42,41,820000,6910894.0,17828.39080423501,0.11212621932758858,-0.0943335105301007,0.008727086452100699,0.00955269392579794,0.05532747507095337,0.062496405094861984,0.014383275682727495,0.014383275682727495,outer_iteration,,False,False,experiment_7_new_run,-2.125406503677368,91209.0,0.9970792189594353,0.0,2.0,0.05248889367122679,8.125549231814161e-05,0.10330789431145591,0.10343136352231809,0.2059723650070916,8.892129589791962e-18,0.08367967174717819,41.0,41.0,41.0,0.10060782309444294,0.09729209023169572,0.10192928991289085,0.09969456003422483,0.10192928991289085,0.09969456003422483,0.07259199023246765,0.08005264401435852,0.08212275803089142,0.09132666885852814,333333.0,333333.0,333333.0
unbiased_control_variate_escher,Unbiased Control-Variate ESCHER,,,0,43,42,840000,7078325.0,18254.046872039005,0.09210928238898852,-0.09755252942646825,0.011946105348468253,0.010139040648937225,0.051604632288217545,0.06021429970860481,0.015157673507928848,0.015157673507928848,outer_iteration,,False,False,experiment_7_new_run,-2.175644636154175,91663.0,0.99704238582827,0.0,1.444632652397845,0.056645043806295495,8.72320991666903e-05,0.1021248147309014,0.10224407129800266,0.20432885440946896,9.010954059053702e-18,0.08217817505075818,42.0,42.0,42.0,0.10192928991289085,0.09969456003422483,0.10406737804528265,0.10244729103284456,0.10406737804528265,0.10244729103284456,0.06930983066558838,0.08161002397537231,0.07942236959934235,0.09366942197084427,333333.0,333333.0,333333.0
unbiased_control_variate_escher,Unbiased Control-Variate ESCHER,,,0,44,43,860000,7245098.0,18685.39082683099,0.1318142152777919,-0.09633279595319333,0.010726371875193333,0.013323553837835789,0.05113877356052399,0.06265489757061005,0.0155904625232021,0.0155904625232021,outer_iteration,,False,False,experiment_7_new_run,-2.2232439517974854,91257.0,0.9973571550771392,0.0,2.0,0.049743529316341635,8.183756865578512e-05,0.10623655316403542,0.10636922211964779,0.21520158294069736,8.860028337301067e-18,0.08371437763469303,43.0,43.0,43.0,0.10406737804528265,0.10244729103284456,0.10579295632467456,0.10320862809241904,0.10579295632467456,0.10320862809241904,0.07077404111623764,0.09039614349603653,0.08078572154045105,0.10155479609966278,333333.0,333333.0,333333.0
unbiased_control_variate_escher,Unbiased Control-Variate ESCHER,,,0,45,44,880000,7412198.0,19110.24887687899,0.11077952565925808,-0.09496303755343075,0.00935661347543075,0.009658277966082096,0.051126252859830856,0.057682547718286514,0.01741777112086614,0.01741777112086614,outer_iteration,,False,False,experiment_7_new_run,-2.0942344665527344,91547.0,0.9981736303740791,0.46738233443811883,1.764111886202496,0.0451321360551282,9.257743682723494e-05,0.10822452947275703,0.10831805603514437,0.22228117297920957,9.529631216042442e-18,0.08180048732243604,44.0,44.0,44.0,0.10579295632467456,0.10320862809241904,0.10625012385125576,0.10236205165415568,0.10625012385125576,0.10236205165415568,0.08113397657871246,0.08241010457277298,0.091207355260849,0.09096639603376389,333333.0,333333.0,333333.0
unbiased_control_variate_escher,Unbiased Control-Variate ESCHER,,,0,46,45,900000,7579435.0,19543.31130438199,0.10397765823932753,-0.09705816895432484,0.011451744876324846,0.010792016983032227,0.05480349436402321,0.059106532484292984,0.015801506116986275,0.015801506116986275,outer_iteration,,False,False,experiment_7_new_run,-2.2651896476745605,91823.0,1.001717768017301,0.0,2.0,0.04697542315565513,0.00011706184845793406,0.1075441158422415,0.10763298637470066,0.21936169227467475,9.354877655808177e-18,0.08319572512085337,45.0,45.0,45.0,0.10625012385125576,0.10236205165415568,0.10714422312841476,0.10351554477827907,0.10714422312841476,0.10351554477827907,0.07420410960912704,0.07670722156763077,0.08394515514373779,0.086702860891819,333333.0,333333.0,333333.0
unbiased_control_variate_escher,Unbiased Control-Variate ESCHER,,,0,47,46,920000,7746190.0,19968.53501186901,0.09783809883731309,-0.0967179344676734,0.01111151038967341,0.010749357752501965,0.05075792968273163,0.0532357394695282,0.015519549449284872,0.015519549449284872,outer_iteration,,False,False,experiment_7_new_run,-2.1714513301849365,91290.0,1.0033683922612668,0.43780039028478857,1.7724757649147234,0.04740801838031717,9.704812224678353e-05,0.10482534195868062,0.10482386331616639,0.2114904347770789,9.208692785125446e-18,0.08202106316616868,46.0,46.0,46.0,0.10714422312841476,0.10351554477827907,0.11042822799794827,0.10607023834542284,0.11042822799794827,0.10607023834542284,0.0704202950000763,0.07321521639823914,0.08221608400344849,0.08440124988555908,333333.0,333333.0,333333.0
unbiased_control_variate_escher,Unbiased Control-Variate ESCHER,,,0,48,47,940000,7914344.0,20401.08584532299,0.15805881159936572,-0.09625370418119963,0.010647280103199638,0.009017903357744217,0.04661297798156738,0.05711786076426506,0.016317178184787434,0.016317178184787434,outer_iteration,,False,False,experiment_7_new_run,-2.155836820602417,92427.0,1.0023349854525097,0.43601692527994806,1.7773608101204874,0.05047505382288882,9.292286364801891e-05,0.10580010797745804,0.10563201989275023,0.20898250721023712,9.158722980682346e-18,0.08351460455944301,47.0,47.0,47.0,0.11042822799794827,0.10607023834542284,0.1147075414808415,0.10844336463270066,0.1147075414808415,0.10844336463270066,0.06945916265249252,0.07921704649925232,0.08241570740938187,0.09114918112754822,333333.0,333333.0,333333.0
unbiased_control_variate_escher,Unbiased Control-Variate ESCHER,,,0,49,48,960000,8081362.0,20827.120906175987,0.09256837841862364,-0.09267348436086509,0.0070670602828650925,0.010894092731177807,0.050598811358213425,0.05229252576828003,0.015326621321340403,0.015326621321340403,outer_iteration,,False,False,experiment_7_new_run,-2.0990853309631348,91454.0,1.0040050569212025,0.39631591321867143,1.6343113011056132,0.051255967906296045,8.832106734839682e-05,0.10152056826229727,0.10148268705272168,0.20162592669955992,8.747309096857356e-18,0.08175552687240506,48.0,48.0,48.0,0.1147075414808415,0.10844336463270066,0.11920308950945391,0.11180333728130187,0.11920308950945391,0.11180333728130187,0.06826651096343994,0.07312792539596558,0.08164404332637787,0.0855809822678566,333333.0,333333.0,333333.0
unbiased_control_variate_escher,Unbiased Control-Variate ESCHER,,,0,50,49,980000,8248122.0,21255.170423042,0.0942345184077742,-0.09613508983881758,0.010528665760817582,0.009813393466174603,0.047782767564058304,0.05432984605431557,0.014858014260729155,0.014858014260729155,outer_iteration,,False,False,experiment_7_new_run,-2.119396686553955,91103.0,1.0065484391718145,0.0,2.0,0.04941843028828643,0.00010440580847039492,0.10096679352337297,0.10111122805733029,0.20209762549668925,8.598847046839642e-18,0.08393423624820606,49.0,49.0,49.0,0.11920308950945391,0.11180333728130187,0.12117267379791719,0.11195643330807648,0.12117267379791719,0.11195643330807648,0.06663206219673157,0.08385653048753738,0.0776195228099823,0.09457489103078842,333333.0,333333.0,333333.0
unbiased_control_variate_escher,Unbiased Control-Variate ESCHER,,,0,51,50,1000000,8415239.0,21680.71339026699,0.12065928856410063,-0.09562854150824712,0.010022117430247127,0.013165176846086979,0.047351252287626266,0.05791495367884636,0.01580478996038437,0.01580478996038437,outer_iteration,,False,False,experiment_7_new_run,-2.197040557861328,91352.0,1.0066296670705934,0.0,1.671948737267396,0.05172067748836579,8.550316225886503e-05,0.10093466079738717,0.10097401321498728,0.20038441040221297,9.051236803874066e-18,0.08392579446780143,50.0,50.0,50.0,0.12117267379791719,0.11195643330807648,0.12327259837199356,0.11281367098890893,0.12327259837199356,0.11281367098890893,0.06649039685726166,0.0758681371808052,0.0777381956577301,0.086336649954319,333333.0,333333.0,333333.0
unbiased_control_variate_escher,Unbiased Control-Variate ESCHER,,,0,52,51,1020000,8582188.0,22107.66335230801,0.11719671256404408,-0.09605474729790972,0.010448323219909725,0.00969269871711731,0.04816524311900139,0.05525057017803192,0.01504436849306027,0.01504436849306027,outer_iteration,,False,False,experiment_7_new_run,-2.2501349449157715,91072.0,1.005571073697124,0.3706216437722947,1.955732931533622,0.04630179967372956,7.733727125965163e-05,0.10007569752530676,0.10018518746966165,0.1985119114210973,8.517580596491319e-18,0.08454216414392296,51.0,51.0,51.0,0.12327259837199356,0.11281367098890893,0.12512931923209647,0.11506100038488953,0.12512931923209647,0.11506100038488953,0.06571155041456223,0.07500183582305908,0.0767727792263031,0.08689349889755249,333333.0,333333.0,333333.0
unbiased_control_variate_escher,Unbiased Control-Variate ESCHER,,,0,53,52,1040000,8749246.0,22535.990962662006,0.1105694528884166,-0.09512880801641938,0.00952238393841938,0.010447743348777294,0.0415329784154892,0.056388307362794876,0.01753535121679306,0.01753535121679306,outer_iteration,,False,False,experiment_7_new_run,-2.242647647857666,91200.0,1.00190207155764,0.30568933362412964,2.0,0.048330273551022276,7.801345589730511e-05,0.10143628369868724,0.10150031881862302,0.204043852327561,8.955235862676205e-18,0.0855683212303068,52.0,52.0,52.0,0.12512931923209647,0.11506100038488953,0.1270315862425757,0.11694358692871154,0.1270315862425757,0.11694358692871154,0.06478142738342285,0.07419240474700928,0.07589531689882278,0.08580117672681808,333333.0,333333.0,333333.0
unbiased_control_variate_escher,Unbiased Control-Variate ESCHER,,,0,54,53,1060000,8916154.0,22960.88499631401,0.11019625560043751,-0.09352008104043025,0.007913656962430252,0.008911065757274628,0.045448169112205505,0.058867793530225754,0.016255104293425877,0.016255104293425877,outer_iteration,,False,False,experiment_7_new_run,-2.2150630950927734,91042.0,1.0025596201194877,0.0,1.6020806444051718,0.041790641756822386,7.952929925330031e-05,0.09811903924396569,0.09825653438055201,0.19869951944592812,8.596995469295147e-18,0.08595969388948263,53.0,53.0,53.0,0.1270315862425757,0.11694358692871154,0.12761946017500025,0.11690269929045682,0.12761946017500025,0.11690269929045682,0.062051888555288315,0.07679189741611481,0.07164496928453445,0.08691902458667755,333333.0,333333.0,333333.0
unbiased_control_variate_escher,Unbiased Control-Variate ESCHER,,,0,55,54,1080000,9083402.0,23389.681511981995,0.0883413029201999,-0.09144938474448266,0.005842960666482669,0.009727389551699162,0.04568348452448845,0.05962250009179115,0.014615096772710482,0.014615096772710482,outer_iteration,,False,False,experiment_7_new_run,-2.190354108810425,91241.0,1.0042245930072309,0.0,1.764933234449829,0.04602068487149386,7.622334314390595e-05,0.09952766491882327,0.0995757222259143,0.19967886210853958,8.879821852329375e-18,0.08599990203295893,54.0,54.0,54.0,0.12761946017500025,0.11690269929045682,0.12861324504738558,0.11876559241086515,0.12861324504738558,0.11876559241086515,0.06540102511644363,0.07171108573675156,0.07591281831264496,0.0831204354763031,333333.0,333333.0,333333.0
unbiased_control_variate_escher,Unbiased Control-Variate ESCHER,,,0,56,55,1100000,9250067.0,23815.90401085501,0.08522616796941569,-0.0943133640624585,0.008706939984458498,0.008543563075363636,0.05129258707165718,0.05764726921916008,0.015391400394340357,0.015391400394340357,outer_iteration,,False,False,experiment_7_new_run,-2.180644989013672,90955.0,1.0007145343618151,0.0,2.0,0.04581483488934614,8.305139491140417e-05,0.09996828471663696,0.10009683647439943,0.19906848166581614,8.936158239430313e-18,0.08345414290887737,55.0,55.0,55.0,0.12861324504738558,0.11876559241086515,0.12790732872892885,0.11969325672161224,0.12790732872892885,0.11969325672161224,0.07243209332227707,0.07267623394727707,0.08245157450437546,0.08341944217681885,333333.0,333333.0,333333.0
unbiased_control_variate_escher,Unbiased Control-Variate ESCHER,,,0,57,56,1120000,9417040.0,24243.504907439987,0.10599853169914625,-0.09419177008636498,0.008585346008364983,0.009490578435361385,0.05097731575369835,0.05826942250132561,0.01589320134371519,0.01589320134371519,outer_iteration,,False,False,experiment_7_new_run,-2.1625020503997803,91049.0,1.0003884545926436,0.0,1.5379772857443224,0.04203659685189995,9.109517907561041e-05,0.10317999897027066,0.10326511949711022,0.2035686932755254,9.18580984946552e-18,0.08478308580843694,56.0,56.0,56.0,0.12790732872892885,0.11969325672161224,0.1267700553381247,0.11802383533995076,0.1267700553381247,0.11802383533995076,0.0734008327126503,0.0766349509358406,0.08308553695678711,0.08535511791706085,333333.0,333333.0,333333.0
unbiased_control_variate_escher,Unbiased Control-Variate ESCHER,,,0,58,57,1140000,9584016.0,24666.157091764995,0.0983268934132088,-0.09007964082979711,0.004473216751797113,0.007897471077740192,0.05650299787521362,0.05691913887858391,0.015257396114369234,0.015257396114369234,outer_iteration,,False,False,experiment_7_new_run,-2.126305341720581,91132.0,1.0016986998829978,0.5189101194094905,2.0,0.04867768455593529,8.286909941147799e-05,0.10552333305177604,0.10563134373851805,0.20793253001994447,8.878956939755167e-18,0.08569851911934974,57.0,57.0,57.0,0.1267700553381247,0.11802383533995076,0.12662825241451192,0.11914399037456891,0.12662825241451192,0.11914399037456891,0.07695193588733673,0.07589995115995407,0.08798792213201523,0.08719191700220108,333333.0,333333.0,333333.0
unbiased_control_variate_escher,Unbiased Control-Variate ESCHER,,,0,59,58,1160000,9751133.0,25094.160695848987,0.1391362567877925,-0.09105412603400542,0.005447701956005427,0.00965918879956007,0.048589568585157394,0.05240469053387642,0.017384298766652744,0.017384298766652744,outer_iteration,,False,False,experiment_7_new_run,-2.2929811477661133,91322.0,0.9992341703972321,0.0,1.5098886211562514,0.048178893663118644,7.28475160292688e-05,0.10095469421118726,0.1008609880272491,0.19887799318118687,8.244534511732582e-18,0.08486141005922557,58.0,58.0,58.0,0.12662825241451192,0.11914399037456891,0.12647672965171952,0.12033142616565307,0.12647672965171952,0.12033142616565307,0.07156625390052795,0.07156503200531006,0.08179809153079987,0.08244045078754425,333333.0,333333.0,333333.0
unbiased_control_variate_escher,Unbiased Control-Variate ESCHER,,,0,60,59,1180000,9918727.0,25517.38386859701,0.09613411877951489,-0.09130620398420028,0.0056997799062002835,0.009187963791191578,0.04938697814941406,0.05792246386408806,0.016361498273909092,0.016361498273909092,outer_iteration,,False,False,experiment_7_new_run,-2.273325204849243,91647.0,1.0025862420324023,0.2979881508834147,1.698093902599207,0.048454322168688564,9.255141282772744e-05,0.10110166868463664,0.10106213480423741,0.2023991284833524,8.789111840963451e-18,0.0831792284802246,59.0,59.0,59.0,0.12647672965171952,0.12033142616565307,0.12638889109976836,0.11969803496812603,0.12638889109976836,0.11969803496812603,0.07097224146127701,0.08113941550254822,0.08116476982831955,0.09159792959690094,333333.0,333333.0,333333.0
unbiased_control_variate_escher,Unbiased Control-Variate ESCHER,,,0,61,60,1200000,10087119.0,25947.363776890008,0.11227911079682487,-0.08662212289240806,0.0010156988144080642,0.008915829472243786,0.057256896048784256,0.06275422126054764,0.015353514812886715,0.015353514812886715,outer_iteration,,False,False,experiment_7_new_run,-2.214522361755371,92398.0,1.0040708172850092,0.24962350918054577,1.6832540255564217,0.04142682900227099,9.12278188730453e-05,0.10563106222872909,0.10562929819115544,0.2009053015985759,8.766413494652891e-18,0.0832858268563772,60.0,60.0,60.0,0.12638889109976836,0.11969803496812603,0.12301753512032843,0.11828347982372,0.12301753512032843,0.11828347982372,0.0825430303812027,0.07911109924316406,0.09124917536973953,0.08843918144702911,333333.0,333333.0,333333.0
unbiased_control_variate_escher,Unbiased Control-Variate ESCHER,,,0,62,61,1220000,10256319.0,26374.11970800601,0.10612549619835737,-0.09190022894509436,0.006293804867094369,0.009457136504352093,0.0600818432867527,0.055956270545721054,0.014145877522726854,0.014145877522726854,outer_iteration,,False,False,experiment_7_new_run,-2.263251781463623,93045.0,1.002464633508804,0.10747346597845997,2.0,0.052923268387316785,8.360155098647974e-05,0.10962717172304898,0.10973172225129614,0.21677755090864254,9.104534931221893e-18,0.08344346073528186,61.0,61.0,61.0,0.12301753512032843,0.11828347982372,0.1219628026959575,0.116221418893523,0.1219628026959575,0.116221418893523,0.08679553866386414,0.07918886840343475,0.09794531017541885,0.08773523569107056,333333.0,333333.0,333333.0
unbiased_control_variate_escher,Unbiased Control-Variate ESCHER,,,0,63,62,1240000,10424884.0,26807.58193334,0.11277199781528142,-0.09104551054873358,0.005439086470733587,0.009472747333347797,0.06080682948231697,0.06072106957435608,0.016083572059869766,0.016083572059869766,outer_iteration,,False,False,experiment_7_new_run,-2.232588052749634,92519.0,1.005946510342445,0.1113001264074932,2.0,0.052241338587695633,7.570868726707601e-05,0.10620081144922537,0.10609693681406239,0.20803838617489825,8.93189939726796e-18,0.08316024558585232,62.0,62.0,62.0,0.1219628026959575,0.116221418893523,0.12267053907492476,0.11769177839215827,0.12267053907492476,0.11769177839215827,0.0758046880364418,0.07952642440795898,0.08702287822961807,0.09146648645401001,333333.0,333333.0,333333.0
unbiased_control_variate_escher,Unbiased Control-Variate ESCHER,,,0,64,63,1260000,10593306.0,27233.023485863,0.10450924006242293,-0.0873860888246808,0.0017796647466808008,0.009498825296759605,0.06091791018843651,0.06287869065999985,0.016577837367852528,0.016577837367852528,outer_iteration,,False,False,experiment_7_new_run,-2.1967360973358154,92439.0,1.0066061921959162,0.0,1.7028618179460109,0.05137463709241743,8.572572145628131e-05,0.10837797087542067,0.10832506140495139,0.2134515766749426,9.718364154804098e-18,0.08374248016306032,63.0,63.0,63.0,0.12267053907492476,0.11769177839215827,0.12187574047772076,0.11851208575413374,0.12187574047772076,0.11851208575413374,0.07919865101575851,0.078671395778656,0.08949477970600128,0.08999443054199219,333333.0,333333.0,333333.0
unbiased_control_variate_escher,Unbiased Control-Variate ESCHER,,,0,65,64,1280000,10761753.0,27663.317371985002,0.09846073856832795,-0.08927436018543583,0.0036679361074358346,0.009682544507086277,0.05720536410808563,0.06452824920415878,0.01648215887447198,0.01648215887447198,outer_iteration,,False,False,experiment_7_new_run,-2.0758719444274902,92551.0,1.0052870924740207,0.0,2.0,0.0528308813807326,8.853589587545587e-05,0.11010201988145002,0.11010865287368052,0.21856562843824523,9.59960049880446e-18,0.08271691146310506,64.0,64.0,64.0,0.12187574047772076,0.11851208575413374,0.12106755884037845,0.11949537658197928,0.12106755884037845,0.11949537658197928,0.08358138054609299,0.08216419816017151,0.0943838432431221,0.09421106427907944,333333.0,333333.0,333333.0
unbiased_control_variate_escher,Unbiased Control-Variate ESCHER,,,0,66,65,1300000,10930830.0,28090.291128706012,0.1134391411740537,-0.08648571039689906,0.0008792863188990668,0.009614127688109875,0.06136913597583771,0.06639032810926437,0.016555726217726868,0.016555726217726868,outer_iteration,,False,False,experiment_7_new_run,-2.1440505981445312,93023.0,1.005123530535083,0.484112864118765,2.0,0.055131121931571124,9.024715923286603e-05,0.11094561153741771,0.11101672185688452,0.21543922131707063,9.276494203371832e-18,0.08303999201296991,65.0,65.0,65.0,0.12106755884037845,0.11949537658197928,0.11953558613836979,0.11946815894046103,0.11953558613836979,0.11946815894046103,0.08495815098285675,0.09101983904838562,0.09513484686613083,0.10334421694278717,333333.0,333333.0,333333.0
unbiased_control_variate_escher,Unbiased Control-Variate ESCHER,,,0,67,66,1320000,11100584.0,28522.710248107993,0.09549313134973433,-0.09008197798316536,0.0044755539051653664,0.00854209903627634,0.055986639112234116,0.058591458946466446,0.015979145963986714,0.015979145963986714,outer_iteration,,False,False,experiment_7_new_run,-2.0640623569488525,93834.0,1.0098514705900234,0.0,2.0,0.06366183764039464,9.500124402359877e-05,0.1131380977181763,0.1134228344158299,0.21722178808816023,9.512602305478009e-18,0.08150122051547318,66.0,66.0,66.0,0.11953558613836979,0.11946815894046103,0.11894525848373494,0.11751345111789502,0.11894525848373494,0.11751345111789502,0.08392635732889175,0.08297985792160034,0.09472882002592087,0.09221477061510086,333333.0,333333.0,333333.0
unbiased_control_variate_escher,Unbiased Control-Variate ESCHER,,,0,68,67,1340000,11271187.0,28950.913440498,0.10959440914900599,-0.08772032337823549,0.0021138993002354917,0.008929827250540257,0.06252964586019516,0.06794405728578568,0.017734944199522335,0.017734944199522335,outer_iteration,,False,False,experiment_7_new_run,-2.140695095062256,94428.0,1.0026118308589718,0.10551846770581275,1.768923072256048,0.057069756622926,9.053874643247667e-05,0.11698488983320764,0.11716036141523255,0.22828793244137058,9.517264318618716e-18,0.07715246342512821,67.0,67.0,67.0,0.11894525848373494,0.11751345111789502,0.11701428597298891,0.1177319591374022,0.11701428597298891,0.1177319591374022,0.08712282031774521,0.08509349822998047,0.09693139046430588,0.09665176272392273,333333.0,333333.0,333333.0
unbiased_control_variate_escher,Unbiased Control-Variate ESCHER,,,0,69,68,1360000,11440182.0,29380.572952477,0.09391642309831946,-0.0861991559665577,0.0005927318885576988,0.008436642587184906,0.05853383243083954,0.061672959476709366,0.01674674389262994,0.01674674389262994,outer_iteration,,False,False,experiment_7_new_run,-2.116079807281494,93108.0,1.005013277606033,0.0,2.0,0.050473685608951074,9.31819035672581e-05,0.11614022073231133,0.1162720722098066,0.22976201274517716,1.0100642121990761e-17,0.08021445928420329,68.0,68.0,68.0,0.11701428597298891,0.1177319591374022,0.11573166313305516,0.11682985666064927,0.11573166313305516,0.11682985666064927,0.08486340194940567,0.08323181420564651,0.0948067307472229,0.09339907020330429,333333.0,333333.0,333333.0
unbiased_control_variate_escher,Unbiased Control-Variate ESCHER,,,0,70,69,1380000,11608017.0,29804.72128430399,0.099024687053596,-0.08798084237730669,0.0023744182993066937,0.009695755317807198,0.05105769261717796,0.06113077327609062,0.0162454458574454,0.0162454458574454,outer_iteration,,False,False,experiment_7_new_run,-2.158284902572632,92050.0,1.0018606590652273,0.39314659904616966,2.0,0.05939325136909694,9.990790491951603e-05,0.11052442213183647,0.11090507348130858,0.21311696127856622,9.390753317381646e-18,0.08237052181896565,69.0,69.0,69.0,0.11573166313305516,0.11682985666064927,0.11655107646668106,0.11789944350683657,0.11655107646668106,0.11789944350683657,0.07735728472471237,0.07955286651849747,0.08831154555082321,0.09118832647800446,333333.0,333333.0,333333.0
unbiased_control_variate_escher,Unbiased Control-Variate ESCHER,,,0,71,70,1400000,11775207.0,30230.612124139006,0.09932906886398335,-0.08773140877792496,0.0021249846999249616,0.009197034873068333,0.04884692654013634,0.05565832927823067,0.015650878349939983,0.015650878349939983,outer_iteration,,False,False,experiment_7_new_run,-1.4369533061981201,91404.0,1.0065646068347724,0.0,2.0,0.05353497752099421,9.714597911696956e-05,0.10417072782691866,0.10466242753374433,0.20320546494984873,9.105129338282944e-18,0.08318536194572354,70.0,70.0,70.0,0.11655107646668106,0.11789944350683657,0.11930275811538993,0.11932032934330872,0.11930275811538993,0.11932032934330872,0.07344146817922592,0.07732630521059036,0.08590839803218842,0.08913605660200119,333333.0,333333.0,333333.0
unbiased_control_variate_escher,Unbiased Control-Variate ESCHER,,,0,72,71,1420000,11943279.0,30663.959462330007,0.10327216430367893,-0.08487125284045949,0.0007351712375405078,0.009109977632761002,0.052075013518333435,0.057589951902627945,0.01638018215696017,0.01638018215696017,outer_iteration,,False,False,experiment_7_new_run,-2.1601648330688477,92254.0,1.0016506231851883,0.0,2.0,0.05399239282901933,8.813922788912481e-05,0.10848040455182048,0.10892021408611686,0.20791930957707,9.015858345018052e-18,0.08311412161620534,71.0,71.0,71.0,0.11930275811538993,0.11932032934330872,0.12240187802688796,0.11840933210317794,0.12240187802688796,0.11840933210317794,0.0758960172533989,0.07960085570812225,0.08931616693735123,0.0894409790635109,333333.0,333333.0,333333.0
unbiased_control_variate_escher,Unbiased Control-Variate ESCHER,,,0,73,72,1440000,12110857.0,31092.382896314986,0.08547928147945985,-0.08348355728512177,0.0021228667928782224,0.010705235414206982,0.05276969075202942,0.058433081954717636,0.015336671533683935,0.015336671533683935,outer_iteration,,False,False,experiment_7_new_run,-2.116870880126953,91802.0,0.9995426303332359,0.0,2.0,0.053415299230127174,7.677566188759417e-05,0.10696108447592212,0.10735316178695138,0.20533392891394947,8.912512630786378e-18,0.08254982223406704,72.0,72.0,72.0,0.12240187802688796,0.11840933210317794,0.12490961824444613,0.11748826812782842,0.12490961824444613,0.11748826812782842,0.07181409001350403,0.08156510442495346,0.08436540514230728,0.09156595170497894,333333.0,333333.0,333333.0
unbiased_control_variate_escher,Unbiased Control-Variate ESCHER,,,0,74,73,1460000,12277836.0,31517.940970789,0.09356108804011748,-0.08430777883604432,0.0012986452419556788,0.009545034728944302,0.04880392178893089,0.05863987281918526,0.016495362855494022,0.016495362855494022,outer_iteration,,False,False,experiment_7_new_run,-2.0974855422973633,91368.0,1.0019404956486202,0.0,2.0,0.05748316767985309,8.016367522442826e-05,0.10436120680145897,0.10466772980916787,0.20329753384224883,8.945834491721293e-18,0.08350983280811136,73.0,73.0,73.0,0.12490961824444613,0.11748826812782842,0.1256808935833612,0.1163141175555178,0.1256808935833612,0.1163141175555178,0.07102152705192566,0.07825621962547302,0.08193503320217133,0.08746418356895447,333333.0,333333.0,333333.0
unbiased_control_variate_escher,Unbiased Control-Variate ESCHER,,,0,75,74,1480000,12444540.0,31940.084482812992,0.0897243661235022,-0.08442471233281373,0.0011817117451862619,0.00814044289290905,0.055763449519872665,0.062561996281147,0.01634890337785085,0.01634890337785085,outer_iteration,,False,False,experiment_7_new_run,-1.864340901374817,91133.0,1.0056411782874282,0.1456532709623103,2.0,0.05461308324797717,8.626450019948218e-05,0.10524164973476385,0.10534910356448134,0.20541818425225222,9.052425535017627e-18,0.08340253737974357,74.0,74.0,74.0,0.1256808935833612,0.1163141175555178,0.1260515573172265,0.11808398674578613,0.1260515573172265,0.11808398674578613,0.07347381114959717,0.077127605676651,0.08440716564655304,0.08909754455089569,333333.0,333333.0,333333.0
unbiased_control_variate_escher,Unbiased Control-Variate ESCHER,,,0,76,75,1500000,12612276.0,32365.194772596995,0.10438383398427052,-0.08545369187695187,0.00015273220104812524,0.00808678288012743,0.04913070797920227,0.05654991790652275,0.017034385353326797,0.017034385353326797,outer_iteration,,False,False,experiment_7_new_run,-1.8831596374511719,91791.0,0.9996818556643936,0.5143031982149049,1.421039825512989,0.05161298795818029,8.409904383247611e-05,0.10312175183344197,0.1033170872932883,0.19453064883197127,8.868449329510137e-18,0.08244763509640675,75.0,75.0,75.0,0.1260515573172265,0.11808398674578613,0.1280282639277125,0.11978351197260428,0.1280282639277125,0.11978351197260428,0.0693482905626297,0.07467503845691681,0.08131925761699677,0.08641458302736282,333333.0,333333.0,333333.0
unbiased_control_variate_escher,Unbiased Control-Variate ESCHER,,,0,77,76,1520000,12779284.0,32786.895919275994,0.09672828727461458,-0.08356941400330448,0.0020370100746955194,0.009104297496378422,0.04391443729400635,0.053475216031074524,0.016142898239195347,0.016142898239195347,outer_iteration,,False,False,experiment_7_new_run,-2.2276763916015625,91220.0,1.0017648552595566,0.38755233416629586,1.8272640989862885,0.0468927443232426,7.997304244747491e-05,0.1021777437311756,0.10234336844432691,0.19757496665947824,8.823084114180133e-18,0.08194367725856955,76.0,76.0,76.0,0.1280282639277125,0.11978351197260428,0.12903285377703133,0.12070583505966448,0.12903285377703133,0.12070583505966448,0.06643280386924744,0.07720077037811279,0.07717830687761307,0.08865142613649368,333333.0,333333.0,333333.0
unbiased_control_variate_escher,Unbiased Control-Variate ESCHER,,,0,78,77,1540000,12946405.0,33213.77348210101,0.0783488120844423,-0.08538597129075182,0.0002204527872481793,0.008605234324932098,0.04851437732577324,0.0625007376074791,0.015461485522488752,0.015461485522488752,outer_iteration,,False,False,experiment_7_new_run,-2.1092147827148438,91266.0,1.0021991060147566,0.5897945180783859,1.478472195005457,0.04554276142297447,6.863262987484152e-05,0.103442870750022,0.10349441343178038,0.20513478887369138,8.99862011169123e-18,0.08085779726734972,77.0,77.0,77.0,0.12903285377703133,0.12070583505966448,0.12934156153570908,0.12261468454082614,0.12934156153570908,0.12261468454082614,0.06984751671552658,0.07597020268440247,0.08049839735031128,0.08835265785455704,333333.0,333333.0,333333.0
unbiased_control_variate_escher,Unbiased Control-Variate ESCHER,,,0,79,78,1560000,13114176.0,33636.758347327006,0.08283517974763473,-0.08708418364454112,0.0014777595665411286,0.008798586204648018,0.04592406749725342,0.06138065084815025,0.016909492512543995,0.016909492512543995,outer_iteration,,False,False,experiment_7_new_run,-2.232405662536621,91767.0,1.0001948853256253,0.0,1.4474594157383904,0.04951400887775766,6.935517227429455e-05,0.10534652054319633,0.10540633555004576,0.20852626816851405,9.184394633437202e-18,0.0826715461711609,78.0,78.0,78.0,0.12934156153570908,0.12261468454082614,0.13040834480480634,0.12186741459256423,0.13040834480480634,0.12186741459256423,0.07013671100139618,0.08069591969251633,0.08159875124692917,0.09120570123195648,333333.0,333333.0,333333.0
unbiased_control_variate_escher,Unbiased Control-Variate ESCHER,,,0,80,79,1580000,13281473.0,34070.89221877299,0.11189351255617538,-0.08455213094232603,0.0010542931356739699,0.007616002578288317,0.04707034304738045,0.06863245368003845,0.016344736330211163,0.016344736330211163,outer_iteration,,False,False,experiment_7_new_run,-2.182786226272583,91480.0,1.0049127824876474,0.0,2.0,0.049859360061616204,7.399398905567819e-05,0.10869572591135737,0.10857766522475816,0.20876540308468605,8.772768550469403e-18,0.08379432774480788,79.0,79.0,79.0,0.13040834480480634,0.12186741459256423,0.13113345674258114,0.12270834506794104,0.13113345674258114,0.12270834506794104,0.06887000799179077,0.08460935205221176,0.07990344613790512,0.09722120314836502,333333.0,333333.0,333333.0
unbiased_control_variate_escher,Unbiased Control-Variate ESCHER,,,0,81,80,1600000,13448032.0,34493.06796748401,0.10335146695829812,-0.08466303669631076,0.0009433873816892396,0.009099182672798634,0.05091121420264244,0.06461804360151291,0.01618026631573836,0.01618026631573836,outer_iteration,,False,False,experiment_7_new_run,-2.153512954711914,90872.0,1.0014858475952506,0.0,2.0,0.05101288887481872,8.647047616933126e-05,0.10696449442961226,0.10698997485926787,0.21557440967510244,8.945940247655365e-18,0.08318231405724608,80.0,80.0,80.0,0.13113345674258114,0.12270834506794104,0.130541858881001,0.12154898516266233,0.130541858881001,0.12154898516266233,0.07571686804294586,0.0816289633512497,0.08656711876392365,0.09184496104717255,333333.0,333333.0,333333.0
unbiased_control_variate_escher,Unbiased Control-Variate ESCHER,,,0,82,81,1620000,13614520.0,34919.62318197699,0.0976354863087891,-0.08479147219570382,0.0008149518822961749,0.00882356334477663,0.04786418378353119,0.05482132360339165,0.015549638929466406,0.015549638929466406,outer_iteration,,False,False,experiment_7_new_run,-2.2373831272125244,90796.0,1.0034735917268984,0.6092915627267361,2.0,0.0485912664863075,0.00010359327161798411,0.10486317748037509,0.10492388558841428,0.2068813698757253,8.593072635378623e-18,0.08325474185544166,81.0,81.0,81.0,0.130541858881001,0.12154898516266233,0.1312948356481044,0.1230055702743017,0.1312948356481044,0.1230055702743017,0.07336445152759552,0.07563629001379013,0.08511406928300858,0.08760403096675873,333333.0,333333.0,333333.0
unbiased_control_variate_escher,Unbiased Control-Variate ESCHER,,,0,83,82,1640000,13780609.0,35343.17444241399,0.12715016312201835,-0.08270612831814725,0.0029002957598527473,0.008341451175510883,0.05206916853785515,0.055639564990997314,0.014220468079050383,0.014220468079050383,outer_iteration,,False,False,experiment_7_new_run,-2.1859915256500244,90540.0,1.000455601790585,0.0,1.6912545714545415,0.04997881728050476,0.00010633478429736324,0.10015497037722086,0.10019453771230258,0.19682185581956213,8.588097877458218e-18,0.08412806827029919,82.0,82.0,82.0,0.1312948356481044,0.1230055702743017,0.13187058689481024,0.12551420345153108,0.13187058689481024,0.12551420345153108,0.06990479677915573,0.07125819474458694,0.0810297504067421,0.0838247686624527,333333.0,333333.0,333333.0
unbiased_control_variate_escher,Unbiased Control-Variate ESCHER,,,0,84,83,1660000,13947198.0,35774.06469200301,0.08768527820115453,-0.08439387597336995,0.0012125481046300485,0.008010325022041798,0.05762411653995514,0.05800412595272064,0.01775881213446458,0.01775881213446458,outer_iteration,,False,False,experiment_7_new_run,-2.02252197265625,90967.0,1.0021854230125258,0.0,2.0,0.04795133747462724,0.00010878955272976844,0.10350631476514384,0.1035027625799712,0.20733240069016715,8.860797695113224e-18,0.0844231780503715,83.0,83.0,83.0,0.13187058689481024,0.12551420345153108,0.130643632968945,0.12701608881052007,0.130643632968945,0.12701608881052007,0.07943175733089447,0.07485370337963104,0.09029590338468552,0.0871368795633316,333333.0,333333.0,333333.0
unbiased_control_variate_escher,Unbiased Control-Variate ESCHER,,,0,85,84,1680000,14114542.0,36199.189335128,0.09097784921027839,-0.08370245807994164,0.0019039659980583518,0.007894518785178661,0.053922783583402634,0.05146372318267822,0.014934944920241833,0.014934944920241833,outer_iteration,,False,False,experiment_7_new_run,-2.1952857971191406,91590.0,1.0016323507078357,0.23709869963673125,2.0,0.051134293676563816,9.973566303750976e-05,0.10337872628683882,0.10348417186976017,0.2012029447461718,8.900727671753379e-18,0.0825480837767705,84.0,84.0,84.0,0.130643632968945,0.12701608881052007,0.1296490152281291,0.12738802322513343,0.1296490152281291,0.12738802322513343,0.0766250416636467,0.07212171703577042,0.0871647521853447,0.082994244992733,333333.0,333333.0,333333.0
unbiased_control_variate_escher,Unbiased Control-Variate ESCHER,,,0,86,85,1700000,14282205.0,36629.564178509,0.0784670977774467,-0.08344365228227962,0.0021627717957203724,0.008541609160602093,0.05637015774846077,0.061217695474624634,0.014793132121364275,0.014793132121364275,outer_iteration,,False,False,experiment_7_new_run,-2.148745059967041,91886.0,1.0025612292785189,0.0,2.0,0.0484071527587341,8.892141345067215e-05,0.1068334512905819,0.10700234020640367,0.20783437498726612,9.46119998421651e-18,0.08234287591189031,85.0,85.0,85.0,0.1296490152281291,0.12738802322513343,0.12940217224381734,0.1277442636257483,0.12940217224381734,0.1277442636257483,0.08028574287891388,0.07576948404312134,0.09200157970190048,0.08719317615032196,333333.0,333333.0,333333.0
unbiased_control_variate_escher,Unbiased Control-Variate ESCHER,,,0,87,86,1720000,14450438.0,37051.44747544199,0.09380095529171524,-0.08445582416727515,0.001150599910724845,0.007119061890989542,0.05106908082962036,0.05955159664154053,0.015870032211144764,0.015870032211144764,outer_iteration,,False,False,experiment_7_new_run,-2.2438573837280273,92248.0,1.0015927728805196,0.07721999570498417,2.0,0.04379243373414028,0.00010260579064523315,0.10794065180381118,0.10800379765221674,0.21337074875302264,9.406407132706484e-18,0.0837264980119996,86.0,86.0,86.0,0.12940217224381734,0.1277442636257483,0.12822098169161777,0.1283075580423787,0.12822098169161777,0.1283075580423787,0.07896363735198975,0.0775306448340416,0.08952990174293518,0.08945908397436142,333333.0,333333.0,333333.0
unbiased_control_variate_escher,Unbiased Control-Variate ESCHER,,,0,88,87,1740000,14617471.0,37477.56087723799,0.06748987684230856,-0.08648326927310226,0.0008768451951022688,0.008789656683802605,0.05749383196234703,0.05850015953183174,0.01661949201176564,0.01661949201176564,outer_iteration,,False,False,experiment_7_new_run,-2.2109038829803467,91344.0,1.0005566947607851,0.0,2.0,0.047059764692943894,8.461580113362122e-05,0.10582435120092444,0.10595916814359695,0.20567625166648096,9.467815327492334e-18,0.08406110748132262,87.0,87.0,87.0,0.12822098169161777,0.1283075580423787,0.12681900541634306,0.12851630280841264,0.12681900541634306,0.12851630280841264,0.08057095855474472,0.077547088265419,0.0910261794924736,0.08917439728975296,333333.0,333333.0,333333.0
unbiased_control_variate_escher,Unbiased Control-Variate ESCHER,,,0,89,88,1760000,14784916.0,37903.78754775299,0.06752496638963379,-0.08502766287016772,0.0005787612078322762,0.007318038493394852,0.05400935932993889,0.06685730069875717,0.014690152990321318,0.014690152990321318,outer_iteration,,False,False,experiment_7_new_run,-2.255159378051758,91613.0,1.0014693937784174,0.168501275842735,2.0,0.04714489234389993,8.999090832675912e-05,0.10760674149793077,0.10766333111913955,0.20647027706584264,9.867401263087221e-18,0.08169992572825156,88.0,88.0,88.0,0.12681900541634306,0.12851630280841264,0.12683572257705178,0.127770682972842,0.12683572257705178,0.127770682972842,0.08332715928554535,0.08031672239303589,0.09544619917869568,0.0913982093334198,333333.0,333333.0,333333.0
unbiased_control_variate_escher,Unbiased Control-Variate ESCHER,,,0,90,89,1780000,14951464.0,38331.620892470004,0.0722902212852815,-0.08218666712236306,0.0034197569556369406,0.00805375725030899,0.05800841376185417,0.05438341572880745,0.015418032184243202,0.015418032184243202,outer_iteration,,False,False,experiment_7_new_run,-2.2199859619140625,90965.0,1.00269605010797,0.0,1.451486037174197,0.05199361143451341,9.202760349788601e-05,0.10487240302054344,0.10497919597067916,0.2085625613233146,9.798399909122135e-18,0.08153803062961315,89.0,89.0,89.0,0.12683572257705178,0.127770682972842,0.1270240162468731,0.12952084691730992,0.1270240162468731,0.12952084691730992,0.08049751073122025,0.0772453024983406,0.09238054603338242,0.090351901948452,333333.0,333333.0,333333.0
unbiased_control_variate_escher,Unbiased Control-Variate ESCHER,,,0,91,90,1800000,15118649.0,38760.727676004,0.08257366389742503,-0.08302098412638459,0.0025854399516154064,0.007154092192649841,0.056638628244400024,0.05822048708796501,0.016971014440059662,0.016971014440059662,outer_iteration,,False,False,experiment_7_new_run,-2.31973934173584,91552.0,1.0014325187449924,0.20154666134452137,2.0,0.05630128606368713,8.678326609172588e-05,0.10874786833344412,0.10900128544524558,0.21586547121252395,9.372943112168238e-18,0.08221372200645234,90.0,90.0,90.0,0.1270240162468731,0.12952084691730992,0.12706387691550725,0.13051039249755125,0.12706387691550725,0.13051039249755125,0.08209691941738129,0.07689513266086578,0.09408308565616608,0.08935140073299408,333333.0,333333.0,333333.0
unbiased_control_variate_escher,Unbiased Control-Variate ESCHER,,,1,0,0,0,0.0,0.7376329609833192,2.373611111111111,-0.078125,0.007481424077999996,,,,,,initial_untrained_policy,,True,False,experiment_7_new_run,,0.0,0.0,,,0.0,0.0,0.0,0.0,0.0,0.0,1.0,0.0,0.0,0.0,0.0,0.0,0.0,0.0,0.0,0.0,,,,,0.0,0.0,0.0
unbiased_control_variate_escher,Unbiased Control-Variate ESCHER,,,1,1,1,1521,10002.0,29.372337552980753,1.010165790584539,0.009847349844433043,0.09545377392243304,7.2373631532229865e-09,,,,,early_node_threshold,10000,False,False,experiment_7_new_run,,4640.0,1.0,1.0,1.0,1.0000100135803223,0.0,0.06863395225464193,0.06863395225464193,0.1029509283819624,0.0,0.5,0.0,0.0,0.0,0.0,0.0,0.0,0.0,0.0,0.0,,,,,1568.0,1536.0,1536.0
unbiased_control_variate_escher,Unbiased Control-Variate ESCHER,,,1,2,1,20000,129314.0,412.11026478998247,4.000027005404661,1.000113262165907,1.085719686243907,6.618522263579507e-08,0.006819839123636484,0.22579024732112885,9.907118532955413e-08,9.907118532955413e-08,outer_iteration,,False,False,experiment_7_new_run,-2.4463610649108887,61024.0,1.0,1.0,1.0,1.0000100135803223,0.0,0.13275861199631267,0.13275861199631267,0.2520130793433976,0.0,0.3333333333333333,1.0,1.0,1.0,0.0,0.0,0.0,0.0,0.0,0.0,0.01379765197634697,0.325692743062973,0.01379765197634697,0.325692743062973,20431.0,20239.0,20354.0
unbiased_control_variate_escher,Unbiased Control-Variate ESCHER,,,1,3,2,40000,296803.0,838.1061889239936,2.581649386708704,-0.8194513389924473,0.7338449149144473,0.09424296766519547,1.6422897577285767,0.43969032168388367,0.0007453938208830854,0.0007453938208830854,outer_iteration,,False,False,experiment_7_new_run,-1.1171047687530518,91780.0,1.0109531567554053,0.0,2.0,0.044080632366700144,0.002044247630584063,0.3948885729266125,0.4139070242652683,0.7794249529851435,7.97025606840955e-18,0.10478152322531456,2.0,2.0,2.0,0.0,0.0,0.0,0.0,-0.0010197832469851509,-0.02861544276366379,2.4548516273498535,0.8565772175788879,2.4522242546081543,0.7512026429176331,51111.0,50942.0,50751.0
unbiased_control_variate_escher,Unbiased Control-Variate ESCHER,,,1,4,3,60000,475872.0,1287.691042321996,3.415374838483622,-0.16814636807554134,0.08253994399754135,0.09216108173131943,0.7141060829162598,0.15632309019565582,0.0005710663778396944,0.0005710663778396944,outer_iteration,,False,False,experiment_7_new_run,-0.7939375042915344,103372.0,1.064079656703279,0.0,2.0,2.82929261293034,0.0020477286567609277,0.33851023213530523,0.3623278654246326,0.6652653933160709,1.2136877043281392e-17,0.06978460666711613,3.0,3.0,3.0,0.0,0.0,0.0,0.0,-0.029271921346830876,-0.039939256954586444,1.1076611280441284,0.3821575343608856,1.0125129222869873,0.33139264583587646,85510.0,85415.0,85251.0
unbiased_control_variate_escher,Unbiased Control-Variate ESCHER,,,1,5,4,80000,650116.0,1728.6683278159762,2.1425245678354266,0.7495863628430791,0.8351927869210791,0.08386507630348206,0.32330790162086487,0.2211519330739975,0.005547236340741317,0.005547236340741317,outer_iteration,,False,False,experiment_7_new_run,-1.0110692977905273,98192.0,1.0612380727586843,0.0,2.0,0.9037533582555267,0.002064723827708889,0.25625458913743654,0.27573462575852686,0.48358213536925276,1.028662279489574e-17,0.07311214533984287,4.0,4.0,4.0,0.0,0.0,0.0,0.0,-0.030161996330834828,-0.06916653567503617,0.4872784912586212,0.4673117697238922,0.47042107582092285,0.3473885953426361,118252.0,118156.0,117960.0
unbiased_control_variate_escher,Unbiased Control-Variate ESCHER,,,1,6,5,100000,815184.0,2150.999749976996,1.119183609810011,0.3553713775985654,0.4409778016765654,0.06903042644262314,0.06831793487071991,0.0947783961892128,0.012059373160203299,0.012059373160203299,outer_iteration,,False,False,experiment_7_new_run,-1.1476019620895386,90352.0,1.0035273175058568,0.0,2.0,0.10314551749697136,0.0012453532563493107,0.14740175391855664,0.15243398456837529,0.3010247101820369,1.0783716334684167e-17,0.07570082037208554,5.0,5.0,5.0,0.0,0.0,0.0,0.0,-0.03150840091212381,-0.0619510259043512,0.13913798332214355,0.14105060696601868,0.13081318140029907,0.15501034259796143,148420.0,148213.0,148087.0
unbiased_control_variate_escher,Unbiased Control-Variate ESCHER,,,1,7,6,120000,977712.0,2574.385035248997,0.8528015606884698,0.24451628005738713,0.33012270413538713,0.05423170328140259,0.06214490160346031,0.07790064811706543,0.017491513242324192,0.017491513242324192,outer_iteration,,False,False,experiment_7_new_run,-1.3765032291412354,88147.0,1.0301967711892115,0.0,2.0,0.03197253677966218,0.0006337939114832415,0.11883418156626513,0.11995647854385005,0.23860201005483786,9.675679382124672e-18,0.08261411133391477,6.0,6.0,6.0,0.0,0.0,0.0,0.0,-0.026113915041963143,-0.0534376272275896,0.08528762310743332,0.10236581414937973,0.0985063686966896,0.12205234915018082,177833.0,177622.0,177412.0
unbiased_control_variate_escher,Unbiased Control-Variate ESCHER,,,1,8,7,140000,1141588.0,2991.3973603129853,0.6429614742467827,0.09759298827862195,0.18319941235662196,0.041643284261226654,0.06781121343374252,0.08588596433401108,0.015595879405736923,0.015595879405736923,outer_iteration,,False,False,experiment_7_new_run,-1.292961835861206,89028.0,1.0132980129175533,0.0,2.0,0.0232364566329875,0.0004091132515183567,0.11126445875983426,0.11115483512298889,0.21844485438032865,9.069539226979929e-18,0.08906163413843621,7.0,7.0,7.0,0.0,0.0,0.0,0.0,-0.02050784067381639,-0.044752649265829,0.08489430695772171,0.10012990236282349,0.09814797341823578,0.11978640407323837,207686.0,207216.0,206993.0
unbiased_control_variate_escher,Unbiased Control-Variate ESCHER,,,1,9,8,160000,1307654.0,3415.1086726089998,0.5357061648599258,0.04656157899946117,0.13216800307746118,0.03399648144841194,0.06323166936635971,0.08115880191326141,0.015280539480348429,0.015280539480348429,outer_iteration,,False,False,experiment_7_new_run,-1.527633547782898,90706.0,1.006235468782878,0.0,2.0,0.025114247021164975,0.00023174308601474754,0.11514911024505248,0.11498971935681933,0.21693578276629813,9.102805111872851e-18,0.09105020264301794,8.0,8.0,8.0,0.0,0.0,0.0,0.0,-0.016154642530507468,-0.036818797741775544,0.1040196493268013,0.09313487261533737,0.1132439374923706,0.1104903444647789,237795.0,237535.0,237271.0
unbiased_control_variate_escher,Unbiased Control-Variate ESCHER,,,1,10,9,180000,1477020.0,3845.7772652309795,0.5348536225908164,0.013206936934324703,0.0988133610123247,0.03031686693429947,0.07772226631641388,0.07739243656396866,0.015832214926679928,0.015832214926679928,outer_iteration,,False,False,experiment_7_new_run,-1.6315858364105225,93478.0,1.0046435589981826,0.0,2.0,0.03138356274300574,0.0002417003755740532,0.12481563752057584,0.12543860953758024,0.23445948468986844,9.963880270442525e-18,0.09088858814228215,9.0,9.0,9.0,0.0,0.0,0.0,0.0,-0.013153766493516628,-0.03080282614276597,0.11298530548810959,0.0978788211941719,0.1185891404747963,0.10971774905920029,269082.0,268748.0,268249.0
unbiased_control_variate_escher,Unbiased Control-Variate ESCHER,,,1,11,10,200000,1649333.0,4280.080858370988,0.4801044624374041,-0.011189961984622299,0.0744164620933777,0.026232397183775902,0.07114837318658829,0.06838031858205795,0.017760215948025387,0.017760215948025387,outer_iteration,,False,False,experiment_7_new_run,-1.5342113971710205,95692.0,0.9961072783375876,0.0,2.0,0.0377307909207986,0.00019590970521394523,0.13205481545918385,0.13240148154184797,0.2382790397003544,1.000672167122725e-17,0.08747741493039941,10.0,10.0,10.0,0.0,0.0,0.0,0.0,-0.008164236253093371,-0.024353833153550664,0.10525324940681458,0.09670785069465637,0.11556226760149002,0.10936379432678223,300999.0,300579.0,300193.0
unbiased_control_variate_escher,Unbiased Control-Variate ESCHER,,,1,12,11,220000,1821228.0,4705.864244045981,0.4211352710406516,-0.019389417166607692,0.0662170069113923,0.02372928149998188,0.07962184399366379,0.07318838685750961,0.014857340914507708,0.014857340914507708,outer_iteration,,False,False,experiment_7_new_run,-1.6128185987472534,95079.0,0.9986202890012802,0.0,2.0,0.04435690297666547,0.0001736129257606196,0.12993380842597252,0.12998614059870367,0.24269517341325694,1.005418590656253e-17,0.08616216700819727,11.0,11.0,11.0,0.0,0.0,0.0,0.0,-0.0037284366473788744,-0.01726764793209523,0.10544169694185257,0.0914914533495903,0.11447955667972565,0.10551660507917404,332568.0,332370.0,331912.0
unbiased_control_variate_escher,Unbiased Control-Variate ESCHER,,,1,13,12,240000,1991661.0,5144.830193932983,0.3488766600947319,-0.04693666046034789,0.038669763617652106,0.02310105971992016,0.061181288212537766,0.07548198848962784,0.017791736871004105,0.017791736871004105,outer_iteration,,False,False,experiment_7_new_run,-1.5900099277496338,93948.0,0.9856273567564476,0.0,2.0,0.040861349453085366,0.00015421654257453455,0.12604451632397504,0.12670395270505194,0.2420230670867524,1.0387020172416065e-17,0.08529988081146019,12.0,12.0,12.0,0.0,0.0,0.00145359984772786,0.0,0.00145359984772786,-0.011210724898250035,0.0909557193517685,0.09658258408308029,0.10158854722976685,0.10813634097576141,333333.0,333333.0,333333.0
unbiased_control_variate_escher,Unbiased Control-Variate ESCHER,,,1,14,13,260000,2161577.0,5578.069650922,0.2780589716545694,-0.057466450558034676,0.02813997351996532,0.021887391805648804,0.05713510140776634,0.08249247074127197,0.01761990909775098,0.01761990909775098,outer_iteration,,False,False,experiment_7_new_run,-1.7971595525741577,93556.0,0.9941831327937364,0.0,2.0,0.05922792274009012,0.00013654513031525678,0.12492438597014625,0.12526931370975544,0.2375406144420706,9.917221339153541e-18,0.08209671431936669,13.0,13.0,13.0,0.00145359984772786,0.0,0.006344621507427983,0.0,0.006344621507427983,-0.0022279314514521698,0.08914502710103989,0.1086876392364502,0.09912783652544022,0.1263199895620346,333333.0,333333.0,333333.0
unbiased_control_variate_escher,Unbiased Control-Variate ESCHER,,,1,15,14,280000,2331777.0,6012.403457796987,0.23858626337961703,-0.08134461873149176,0.004261805346508232,0.020412137731909752,0.0831504687666893,0.08696619421243668,0.019142330934604008,0.019142330934604008,outer_iteration,,False,False,experiment_7_new_run,-1.8693819046020508,93919.0,1.010674186497859,0.0,2.0,0.060999245338525736,0.00013180354311596824,0.1288195613562776,0.12878555344767367,0.23461975427059828,9.595927776811e-18,0.0821978545113064,14.0,14.0,14.0,0.006344621507427983,0.0,0.011202605436410273,0.003910093380505297,0.011202605436410273,0.003910093380505297,0.11211568862199783,0.11183182895183563,0.12228058278560638,0.12403120845556259,333333.0,333333.0,333333.0
unbiased_control_variate_escher,Unbiased Control-Variate ESCHER,,,1,16,15,300000,2502633.0,6440.337074064999,0.27751802392545055,-0.07617895858447565,0.009427465493524342,0.019075749441981316,0.06307113170623779,0.06959959119558334,0.020168403784434002,0.020168403784434002,outer_iteration,,False,False,experiment_7_new_run,-1.8856213092803955,94562.0,1.004492664857999,0.0,2.0,0.0670277271963159,0.00013713883068551845,0.12277828746661491,0.12381598393317995,0.23223194850792314,9.495967185546456e-18,0.08135696184540035,15.0,15.0,15.0,0.011202605436410273,0.003910093380505297,0.01631942157866384,0.010056859320552114,0.01631942157866384,0.010056859320552114,0.10125010460615158,0.0901002585887909,0.11197790503501892,0.10237395018339157,333333.0,333333.0,333333.0
unbiased_control_variate_escher,Unbiased Control-Variate ESCHER,,,1,17,16,320000,2672413.0,6875.834485481988,0.24168254332425526,-0.08772830084865696,0.0021218767706569636,0.01792978309094906,0.06796685606241226,0.06769372522830963,0.01780954748392105,0.01780954748392105,outer_iteration,,False,False,experiment_7_new_run,-1.9244215488433838,93765.0,0.9962890372295244,0.0,2.0,0.0615595007206815,0.0001348379377520126,0.1199821637338266,0.12084673322465134,0.22861970744600957,9.704422809098573e-18,0.0816528733234968,16.0,16.0,16.0,0.01631942157866384,0.010056859320552114,0.020990743462698136,0.01846337725690994,0.020990743462698136,0.01846337725690994,0.10841627418994904,0.08986279368400574,0.11869139969348907,0.10644268989562988,333333.0,333333.0,333333.0
unbiased_control_variate_escher,Unbiased Control-Variate ESCHER,,,1,18,17,340000,2842163.0,7299.050798441982,0.19040460072278492,-0.08893535781537407,0.0033289337373740707,0.017719175666570663,0.08315294235944748,0.05909344181418419,0.018346535973250866,0.018346535973250866,outer_iteration,,False,False,experiment_7_new_run,-1.9645754098892212,93779.0,1.0050024177368866,0.0,2.0,0.06142749991427921,0.00013301407665109146,0.11590586729248645,0.11643330505841983,0.21424296439314416,9.15153752738275e-18,0.08264707916040909,17.0,17.0,17.0,0.020990743462698136,0.01846337725690994,0.027060108580916897,0.02719176392589595,0.027060108580916897,0.02719176392589595,0.10518740117549896,0.08044915646314621,0.11813437938690186,0.09759587794542313,333333.0,333333.0,333333.0
unbiased_control_variate_escher,Unbiased Control-Variate ESCHER,,,1,19,18,360000,3013836.0,7731.787488497997,0.21987722901330303,-0.10044033513738901,0.014833911059389013,0.017218301072716713,0.06658222526311874,0.06670033186674118,0.017270103717843693,0.017270103717843693,outer_iteration,,False,False,experiment_7_new_run,-1.9851324558258057,95399.0,1.009709585922059,0.0,2.0,0.06084413568036869,0.0001296297907944484,0.11519736822394325,0.11520131693938296,0.2181368701269706,8.9425518169662e-18,0.08299344877191096,18.0,18.0,18.0,0.027060108580916897,0.02719176392589595,0.0339093695212922,0.03142087691215001,0.0339093695212922,0.03142087691215001,0.09612766653299332,0.09077213704586029,0.11050588637590408,0.10062529146671295,333333.0,333333.0,333333.0
unbiased_control_variate_escher,Unbiased Control-Variate ESCHER,,,1,20,19,380000,3185567.0,8167.233869566,0.1840908553271603,-0.09452359606160271,0.008917171983602715,0.01662200503051281,0.06744968146085739,0.0714125707745552,0.01871725171804428,0.01871725171804428,outer_iteration,,False,False,experiment_7_new_run,-2.0363824367523193,95361.0,1.0068814358613447,0.18065455854682466,2.0,0.055921763627619796,0.0001330320597060016,0.11733159002195567,0.11744305041422741,0.2219269862669488,9.700598576722927e-18,0.08276008883691073,19.0,19.0,19.0,0.0339093695212922,0.03142087691215001,0.040250302309856156,0.03643607472369115,0.040250302309856156,0.03643607472369115,0.09749463945627213,0.08804702013731003,0.1114698052406311,0.09925950318574905,333333.0,333333.0,333333.0
unbiased_control_variate_escher,Unbiased Control-Variate ESCHER,,,1,21,20,400000,3355393.0,8600.533602105977,0.19940178797269073,-0.09173611373698906,0.006129689658989065,0.015046711079776287,0.06393426656723022,0.062150225043296814,0.018133962526917458,0.018133962526917458,outer_iteration,,False,False,experiment_7_new_run,-2.0025691986083984,93821.0,0.9981700882530995,0.1187043989331883,1.9692686227177247,0.04858201980351921,0.00012025042479338083,0.11604758208152673,0.11637932404637114,0.22358862603736196,9.690293355207292e-18,0.08207947353530753,20.0,20.0,20.0,0.040250302309856156,0.03643607472369115,0.045378362452490495,0.040913959151001045,0.045378362452490495,0.040913959151001045,0.08348365128040314,0.08954416215419769,0.09522548317909241,0.1001453846693039,333333.0,333333.0,333333.0
unbiased_control_variate_escher,Unbiased Control-Variate ESCHER,,,1,22,21,420000,3524593.0,9034.145322546974,0.16239689537887358,-0.09358717957216026,0.00798075549416026,0.013829554431140423,0.06417761743068695,0.06314762681722641,0.017961719383796055,0.017961719383796055,outer_iteration,,False,False,experiment_7_new_run,-2.0540871620178223,93415.0,1.0023461553984587,0.11082750466627334,2.0,0.05563266486564274,0.00011081081888586613,0.11685568521455303,0.11748365404815136,0.2249883094889156,9.732151165232442e-18,0.08352116936861367,21.0,21.0,21.0,0.045378362452490495,0.040913959151001045,0.05033861455064714,0.04666746171449254,0.05033861455064714,0.04666746171449254,0.09087026119232178,0.08526443690061569,0.10293712466955185,0.09787139296531677,333333.0,333333.0,333333.0
unbiased_control_variate_escher,Unbiased Control-Variate ESCHER,,,1,23,22,440000,3693514.0,9469.152304632997,0.18370816788644975,-0.08955868434595038,0.003952260267950383,0.013464908115565777,0.06160523369908333,0.05657379701733589,0.016458304598927498,0.016458304598927498,outer_iteration,,False,False,experiment_7_new_run,-1.9754843711853027,93158.0,0.9979549478453243,0.22419179015073043,1.9638735419884272,0.05788123627300156,9.966166381296782e-05,0.11587280860822728,0.11622801882683167,0.2198616963439011,9.326455143722048e-18,0.08268156851297173,22.0,22.0,22.0,0.05033861455064714,0.04666746171449254,0.05621491286422542,0.05049547208465366,0.05621491286422542,0.05049547208465366,0.08815759420394897,0.08390317857265472,0.10176364332437515,0.0937904566526413,333333.0,333333.0,333333.0
unbiased_control_variate_escher,Unbiased Control-Variate ESCHER,,,1,24,23,460000,3863290.0,9899.192953615973,0.16504833726584822,-0.08781529459868487,0.002208870520684872,0.013947914354503155,0.06287151575088501,0.06398555636405945,0.017968292037645977,0.017968292037645977,outer_iteration,,False,False,experiment_7_new_run,-1.9740616083145142,93764.0,1.0016008075645977,0.1013661904813008,1.605890854448671,0.06048866013769251,9.72569191558274e-05,0.11583571175771958,0.11645472669083913,0.2135558563129534,9.15823671673237e-18,0.08209700595816158,23.0,23.0,23.0,0.05621491286422542,0.05049547208465366,0.0612652768937616,0.05590050574682004,0.0612652768937616,0.05590050574682004,0.08997420966625214,0.08324060589075089,0.10283644497394562,0.09558628499507904,333333.0,333333.0,333333.0
unbiased_control_variate_escher,Unbiased Control-Variate ESCHER,,,1,25,24,480000,4033173.0,10338.795014251984,0.142832152093341,-0.08467008486613503,0.0009363392118649644,0.01410750299692154,0.0635504350066185,0.06418681889772415,0.01780000018576781,0.01780000018576781,outer_iteration,,False,False,experiment_7_new_run,-1.7703607082366943,93798.0,0.9960251364965722,0.3753028256697749,1.5200309248987292,0.05089088835222253,8.685956173436474e-05,0.11702350262464603,0.11700974972511917,0.22101271747503967,9.364767606300564e-18,0.08504867314811915,24.0,24.0,24.0,0.0612652768937616,0.05590050574682004,0.06438822220760387,0.059208605287181415,0.06438822220760387,0.059208605287181415,0.08882123976945877,0.09126750379800797,0.09914598613977432,0.10141381621360779,333333.0,333333.0,333333.0
unbiased_control_variate_escher,Unbiased Control-Variate ESCHER,,,1,26,25,500000,4201999.0,10773.096597573982,0.14560977430076158,-0.08325736336577372,0.002349060712226278,0.013245753012597561,0.05422205105423927,0.05877736210823059,0.017152329285939533,0.017152329285939533,outer_iteration,,False,False,experiment_7_new_run,-2.0396535396575928,93078.0,0.9954600681007595,0.5156964636897832,1.510173049233646,0.05732566887222854,8.169478097972222e-05,0.11643543178465815,0.11666405097664911,0.21657969407736874,9.072732169433008e-18,0.08385974090074623,25.0,25.0,25.0,0.06438822220760387,0.059208605287181415,0.06796711066990424,0.06439135569384091,0.06796711066990424,0.06439135569384091,0.09001044183969498,0.07774841040372849,0.10127801448106766,0.08984673023223877,333333.0,333333.0,333333.0
unbiased_control_variate_escher,Unbiased Control-Variate ESCHER,,,1,27,26,520000,4370400.0,11206.102287093992,0.1393257691761562,-0.08346604516654585,0.0021403789114541466,0.01142823789268732,0.06523772329092026,0.0634877160191536,0.019223871330420177,0.019223871330420177,outer_iteration,,False,False,experiment_7_new_run,-1.8795723915100098,92808.0,0.9923567819932292,0.35752473688291087,1.597075202975493,0.059128442245816995,8.022140965158403e-05,0.11869563147930065,0.11916311389438766,0.2276426520654015,9.37522184310703e-18,0.0807756186608767,26.0,26.0,26.0,0.06796711066990424,0.06439135569384091,0.07183746962410842,0.06795466450736287,0.07183746962410842,0.06795466450736287,0.0903586819767952,0.0822952538728714,0.10232949256896973,0.09279561787843704,333333.0,333333.0,333333.0
unbiased_control_variate_escher,Unbiased Control-Variate ESCHER,,,1,28,27,540000,4540026.0,11639.057398582983,0.14149387646980435,-0.08492600619280766,0.0006804178851923387,0.012284111231565475,0.06507788598537445,0.0592888779938221,0.01647260660926501,0.01647260660926501,outer_iteration,,False,False,experiment_7_new_run,-2.0898935794830322,93760.0,0.9967075894856889,0.5605935619848181,1.4763316399382242,0.055862935592069875,7.790166752628338e-05,0.11695167592165602,0.11702074282858872,0.22259739932430267,9.717310990921304e-18,0.08340806976949544,27.0,27.0,27.0,0.07183746962410842,0.06795466450736287,0.07539853127645357,0.07289673914537009,0.07539853127645357,0.07289673914537009,0.08695542067289352,0.08307332545518875,0.09853852540254593,0.09569783508777618,333333.0,333333.0,333333.0
unbiased_control_variate_escher,Unbiased Control-Variate ESCHER,,,1,29,28,560000,4708660.0,12070.469622247998,0.1424450448348712,-0.08358161251893176,0.0020248115590682375,0.010825292207300663,0.05474298074841499,0.05574226379394531,0.016016370927294094,0.016016370927294094,outer_iteration,,False,False,experiment_7_new_run,-2.1063039302825928,92982.0,0.9996114035562427,0.5514196897248489,1.4825209656419291,0.05706297434546167,7.551495367575784e-05,0.11271449291436064,0.11267385323683643,0.2166292125782416,9.202622786115986e-18,0.08404028355401882,28.0,28.0,28.0,0.07539853127645357,0.07289673914537009,0.07961762747993284,0.07545150811476053,0.07961762747993284,0.07545150811476053,0.0826360285282135,0.07475347816944122,0.09500295668840408,0.08393442630767822,333333.0,333333.0,333333.0
unbiased_control_variate_escher,Unbiased Control-Variate ESCHER,,,1,30,29,580000,4876720.0,12504.401553634001,0.13152466622713715,-0.08460135027074883,0.001005073807251164,0.010721678845584393,0.05125114694237709,0.05698366090655327,0.017318497101465862,0.017318497101465862,outer_iteration,,False,False,experiment_7_new_run,-2.0813560485839844,92530.0,1.000832325669793,0.7231765514530796,1.330373964097995,0.051880586630249505,7.188668897752252e-05,0.1096172657363055,0.10963471065019267,0.20456662104804735,8.776693005417663e-18,0.08310888734589003,29.0,29.0,29.0,0.07961762747993284,0.07545150811476053,0.08145778272013926,0.07940142496631508,0.08145778272013926,0.07940142496631508,0.07722242176532745,0.07376962900161743,0.08629446476697922,0.08476106822490692,333333.0,333333.0,333333.0
unbiased_control_variate_escher,Unbiased Control-Variate ESCHER,,,1,31,30,600000,5043823.0,12937.226950774988,0.11208847001326154,-0.08268423339480596,0.002922190683194034,0.0112048564478755,0.049709733575582504,0.05055803060531616,0.016736295074224472,0.016736295074224472,outer_iteration,,False,False,experiment_7_new_run,-2.078850269317627,91736.0,0.9995396720096269,0.12054751633624272,1.5576333040245736,0.052075544995755035,7.407289951832962e-05,0.10498123828342565,0.10500540150442775,0.2030226579279812,8.60606179043656e-18,0.08434056842053654,30.0,30.0,30.0,0.08145778272013926,0.07940142496631508,0.08559918169726344,0.08179077872974927,0.08559918169726344,0.08179077872974927,0.07122024148702621,0.07151723653078079,0.08276389539241791,0.08061283081769943,333333.0,333333.0,333333.0
unbiased_control_variate_escher,Unbiased Control-Variate ESCHER,,,1,32,31,620000,5210258.0,13372.958107339975,0.12053438940009262,-0.08800337265848052,0.0023969485804805207,0.012141861952841282,0.0452759712934494,0.05285392329096794,0.01673365073899428,0.01673365073899428,outer_iteration,,False,False,experiment_7_new_run,-2.08447265625,91162.0,1.0001590829404694,0.6043948781566177,1.2775483408492,0.05773015552355306,6.908401192869136e-05,0.10240641144932314,0.10240414588666338,0.19974255926913287,8.638838525103962e-18,0.07494818077394481,31.0,31.0,31.0,0.08559918169726344,0.08179077872974927,0.08920906156592501,0.08325567064339112,0.08920906156592501,0.08325567064339112,0.06762350350618362,0.07759205251932144,0.07838302105665207,0.08626069873571396,333333.0,333333.0,333333.0
unbiased_control_variate_escher,Unbiased Control-Variate ESCHER,,,1,33,32,640000,5376335.0,13802.444320387993,0.1042300345682419,-0.08551007058287172,9.635349512827907e-05,0.011466489173471928,0.045447926968336105,0.0582205206155777,0.017437173053622246,0.017437173053622246,outer_iteration,,False,False,experiment_7_new_run,-2.066584825515747,90762.0,0.9996608535881949,0.0,2.0,0.04509235605663175,7.962782242111298e-05,0.10242547580740032,0.10246694173131571,0.19562092250207347,8.803651499590059e-18,0.07704138777113308,32.0,32.0,32.0,0.08920906156592501,0.08325567064339112,0.0928856006943154,0.08752596437337212,0.0928856006943154,0.08752596437337212,0.06785503029823303,0.08010754734277725,0.07889559864997864,0.09243026375770569,333333.0,333333.0,333333.0
unbiased_control_variate_escher,Unbiased Control-Variate ESCHER,,,1,34,33,660000,5542362.0,14237.58693029199,0.13965621836641642,-0.08576527352980098,0.00015884945180098808,0.011210470460355282,0.0483502633869648,0.055173564702272415,0.016362265994151432,0.016362265994151432,outer_iteration,,False,False,experiment_7_new_run,-2.0608835220336914,90752.0,0.9996579823791737,0.0,1.7580112541777935,0.04786811885000254,8.75275844359371e-05,0.10441447462621274,0.10435744497488506,0.20570795845366407,8.971130170325948e-18,0.0818193384297939,33.0,33.0,33.0,0.0928856006943154,0.08752596437337212,0.09504773791429477,0.09201195936299222,0.09504773791429477,0.09201195936299222,0.07120295614004135,0.07319001108407974,0.08102232217788696,0.08542514592409134,333333.0,333333.0,333333.0
unbiased_control_variate_escher,Unbiased Control-Variate ESCHER,,,1,35,34,680000,5708586.0,14668.247037827998,0.09777810756093872,-0.08492531727838737,0.0006811067996126269,0.01098241563886404,0.04971347749233246,0.05548341944813728,0.016568171481291454,0.016568171481291454,outer_iteration,,False,False,experiment_7_new_run,-1.687370777130127,90732.0,0.99821465741424,0.7004677977660398,1.4003688530025675,0.046784460122109434,9.966818689147542e-05,0.1044142968291964,0.10448895515467295,0.19962618951243147,8.615134716426945e-18,0.07592986227521249,34.0,34.0,34.0,0.09504773791429477,0.09201195936299222,0.09685936126478567,0.09619867172394414,0.09685936126478567,0.09619867172394414,0.07573904097080231,0.07208914309740067,0.0857769027352333,0.08418425172567368,333333.0,333333.0,333333.0
unbiased_control_variate_escher,Unbiased Control-Variate ESCHER,,,1,36,35,700000,5876512.0,15102.796518573974,0.10844959399058796,-0.08688777839046896,0.0012813543124689658,0.012532916851341724,0.047060560435056686,0.05484519898891449,0.01761070576806863,0.01761070576806863,outer_iteration,,False,False,experiment_7_new_run,-2.1496939659118652,92179.0,1.0009670793917482,0.6680017612796553,1.3238651735607123,0.048813315952628146,0.00012082054752775359,0.10580654157923325,0.10574187678370488,0.20290674686196816,8.950160706446388e-18,0.08083572192466158,35.0,35.0,35.0,0.09685936126478567,0.09619867172394414,0.10095203036346911,0.09735509571584411,0.10095203036346911,0.09735509571584411,0.07084838300943375,0.0805957168340683,0.08306664228439331,0.09048616886138916,333333.0,333333.0,333333.0
unbiased_control_variate_escher,Unbiased Control-Variate ESCHER,,,1,37,36,720000,6044265.0,15531.97105254099,0.10723711755613308,-0.08580813934478315,0.0002017152667831562,0.011251352727413177,0.05167444422841072,0.06502494215965271,0.0176246693978707,0.0176246693978707,outer_iteration,,False,False,experiment_7_new_run,-2.010007858276367,91976.0,0.9998854999653763,0.0,2.0,0.04694017488992793,0.00010809350335175009,0.1096364059456018,0.10966412232642934,0.21469077810162973,9.005957262934032e-18,0.080439872134106,36.0,36.0,36.0,0.10095203036346911,0.09735509571584411,0.1045771893558739,0.1011371474890379,0.1045771893558739,0.1011371474890379,0.0712023600935936,0.08282487094402313,0.08323288708925247,0.09602709859609604,333333.0,333333.0,333333.0
unbiased_control_variate_escher,Unbiased Control-Variate ESCHER,,,1,38,37,740000,6211860.0,15967.883735081996,0.10457468957751329,-0.08594900172697084,0.00034257764897084597,0.010820767842233181,0.0547562800347805,0.06754492968320847,0.01614063698798418,0.01614063698798418,outer_iteration,,False,False,experiment_7_new_run,-2.1806704998016357,91980.0,1.0014831273206544,0.5197891085359264,1.8364110435622967,0.04381137121251171,9.39253906827824e-05,0.10993269138192904,0.10984727705544985,0.2134498100081741,9.066218551227894e-18,0.0819314076644406,37.0,37.0,37.0,0.1045771893558739,0.1011371474890379,0.10775661411804116,0.10669121638804002,0.10775661411804116,0.10669121638804002,0.07183408737182617,0.08127331733703613,0.08371909707784653,0.09668147563934326,333333.0,333333.0,333333.0
unbiased_control_variate_escher,Unbiased Control-Variate ESCHER,,,1,39,38,760000,6380568.0,16401.43701967399,0.09641730952514335,-0.0868821530794344,0.0012757290014343975,0.011668242514133453,0.05514514446258545,0.06199995055794716,0.017493752762675285,0.017493752762675285,outer_iteration,,False,False,experiment_7_new_run,-2.015019416809082,92774.0,1.0017263289149787,0.5553900042992876,2.0,0.04908657945438359,9.066445231163988e-05,0.11354711965037556,0.11349947474364751,0.22279777754650681,9.558913427093902e-18,0.08212015482708125,38.0,38.0,38.0,0.10775661411804116,0.10669121638804002,0.10894644254763974,0.10959620335760334,0.10894644254763974,0.10959620335760334,0.08193463087081909,0.08582542836666107,0.09313558787107468,0.09936580806970596,333333.0,333333.0,333333.0
unbiased_control_variate_escher,Unbiased Control-Variate ESCHER,,,1,40,39,780000,6549344.0,16838.425954920996,0.1158957169077445,-0.08648663996058867,0.0008802158825886724,0.011438782326877117,0.05880880355834961,0.07256671041250229,0.01610306091606617,0.01610306091606617,outer_iteration,,False,False,experiment_7_new_run,-2.154553174972534,92913.0,0.9993666938647333,0.7572115613431127,1.5553203477591575,0.048339959734832405,9.152354344023476e-05,0.11608483787091783,0.11610372348782069,0.2193301169247169,9.782232056869664e-18,0.08139612301822927,39.0,39.0,39.0,0.10894644254763974,0.10959620335760334,0.11093057267418405,0.11173359711910646,0.11093057267418405,0.11173359711910646,0.08615904301404953,0.08937648683786392,0.09887582063674927,0.10280993580818176,333333.0,333333.0,333333.0
unbiased_control_variate_escher,Unbiased Control-Variate ESCHER,,,1,41,40,800000,6717870.0,17268.78072403799,0.10852474070321554,-0.08658875282798872,0.0009823287499887284,0.01101676281541586,0.056852638721466064,0.061636775732040405,0.015965692698955536,0.015965692698955536,outer_iteration,,False,False,experiment_7_new_run,-1.9891968965530396,92682.0,0.9999504493009935,0.6680489298630496,1.3490603913018075,0.04688074184092798,9.136839668552667e-05,0.11177166113983548,0.11178204070351029,0.21549019686876328,9.359999162853869e-18,0.07917586506978536,40.0,40.0,40.0,0.11093057267418405,0.11173359711910646,0.11364905430489114,0.11508167203585518,0.11364905430489114,0.11508167203585518,0.0792912095785141,0.07645516097545624,0.09216339141130447,0.08984848856925964,333333.0,333333.0,333333.0
unbiased_control_variate_escher,Unbiased Control-Variate ESCHER,,,1,42,41,820000,6887109.0,17706.04661815398,0.10655684097729044,-0.08679639464670785,0.0011899705687078571,0.010259122587740421,0.06309662759304047,0.06494316458702087,0.016984776904185612,0.016984776904185612,outer_iteration,,False,False,experiment_7_new_run,-2.2242915630340576,93363.0,1.0002410464859672,0.6869040983856024,1.614837723018565,0.05602922292644116,9.888235265014256e-05,0.11590484714614802,0.11603104327907303,0.22675807847396912,9.450464293588354e-18,0.08027088916543529,41.0,41.0,41.0,0.11364905430489114,0.11508167203585518,0.11491048937115822,0.11786992377503791,0.11491048937115822,0.11786992377503791,0.08987774699926376,0.07808675616979599,0.10279614478349686,0.09137064963579178,333333.0,333333.0,333333.0
unbiased_control_variate_escher,Unbiased Control-Variate ESCHER,,,1,43,42,840000,7055380.0,18143.72798350299,0.08098521785155215,-0.0871796382387422,0.0015732141607422007,0.010222385637462139,0.05725373700261116,0.060030531138181686,0.017888718595107395,0.017888718595107395,outer_iteration,,False,False,experiment_7_new_run,-2.1868436336517334,92421.0,0.998390343962978,0.6331563243098204,1.341201848177354,0.05648426251882084,9.728401962689462e-05,0.10976635304558256,0.10978132711251072,0.21085247706594606,9.430479018994839e-18,0.08127367023815107,42.0,42.0,42.0,0.11491048937115822,0.11786992377503791,0.11628143466142449,0.11934162742461474,0.11628143466142449,0.11934162742461474,0.08150879293680191,0.07616795599460602,0.09360161423683167,0.08798332512378693,333333.0,333333.0,333333.0
unbiased_control_variate_escher,Unbiased Control-Variate ESCHER,,,1,44,43,860000,7223425.0,18590.427294743975,0.17010328661157628,-0.08558962127536754,1.6802802632456815e-05,0.01098017767071724,0.062457550317049026,0.060537178069353104,0.019032113254070282,0.019032113254070282,outer_iteration,,False,False,experiment_7_new_run,-2.1115012168884277,92259.0,1.0001801288093712,0.7945405750955156,1.2886109498299676,0.05354876899276176,9.780177270732119e-05,0.10909089401533385,0.1091247216886481,0.20293680692795996,8.759660565179666e-18,0.08273418013222383,43.0,43.0,43.0,0.11628143466142449,0.11934162742461474,0.11714475049266271,0.11868602472264633,0.11714475049266271,0.11868602472264633,0.08944722265005112,0.08082819730043411,0.10217414051294327,0.09105602651834488,333333.0,333333.0,333333.0
unbiased_control_variate_escher,Unbiased Control-Variate ESCHER,,,1,45,44,880000,7391462.0,19029.652275836997,0.09876365533990722,-0.08510009458701892,0.000506329490981075,0.008417749777436256,0.062002863734960556,0.06766954064369202,0.01721127579609553,0.01721127579609553,outer_iteration,,False,False,experiment_7_new_run,-2.160337448120117,92326.0,0.9998480084830509,0.6955215138116095,1.3715597581829813,0.053294414539279925,9.692251393188821e-05,0.11465636417778151,0.11473079987871712,0.2144188546688926,9.433395082800738e-18,0.08127524989975898,44.0,44.0,44.0,0.11714475049266271,0.11868602472264633,0.11818688629290586,0.11765923295801428,0.11818688629290586,0.11765923295801428,0.09544777870178223,0.0858076736330986,0.10928262025117874,0.09622930735349655,333333.0,333333.0,333333.0
unbiased_control_variate_escher,Unbiased Control-Variate ESCHER,,,1,46,45,900000,7559251.0,19470.371388384985,0.10039732715536213,-0.08727425428339369,0.0016678302053936972,0.010311618447303772,0.05203637853264809,0.06024432182312012,0.018149678284923237,0.018149678284923237,outer_iteration,,False,False,experiment_7_new_run,-2.215341567993164,92066.0,1.001247811995854,0.5694719090363439,1.526190735901526,0.060689990661540294,8.871909854981329e-05,0.10895155350768222,0.10899868717365695,0.20777682989308374,9.488621628167433e-18,0.08173893265364945,45.0,45.0,45.0,0.11818688629290586,0.11765923295801428,0.11969717660990731,0.11916023116229402,0.11969717660990731,0.11916023116229402,0.08274543285369873,0.07654313743114471,0.0955270379781723,0.08839070796966553,333333.0,333333.0,333333.0
unbiased_control_variate_escher,Unbiased Control-Variate ESCHER,,,1,47,46,920000,7726985.0,19906.732183804997,0.0868499683280804,-0.08840691014790902,0.002800486069909028,0.009891092777252197,0.06284066289663315,0.05257866159081459,0.018777139484882355,0.018777139484882355,outer_iteration,,False,False,experiment_7_new_run,-2.064210891723633,92033.0,0.9993068947995222,0.6917298578804889,1.4755589076860356,0.05126758262838698,8.789854072156165e-05,0.10887770016149999,0.10882599385423439,0.21317890742736328,9.590706017999348e-18,0.08274830584469466,46.0,46.0,46.0,0.11969717660990731,0.11916023116229402,0.1185705164476083,0.12004552258140455,0.1185705164476083,0.12004552258140455,0.09068387001752853,0.07662934064865112,0.10174659639596939,0.08795654028654099,333333.0,333333.0,333333.0
unbiased_control_variate_escher,Unbiased Control-Variate ESCHER,,,1,48,47,940000,7893546.0,20345.439985387988,0.11538862765652896,-0.08727106699410442,0.0016646429161044224,0.008971032686531544,0.07164808362722397,0.05979363992810249,0.017393793910741806,0.017393793910741806,outer_iteration,,False,False,experiment_7_new_run,-1.9902119636535645,91134.0,1.0006755457895682,0.015476223821525692,1.3294880915446916,0.05060069128778535,8.621203399094552e-05,0.1077189671085083,0.10771758220815017,0.20920386072697414,9.325871933611768e-18,0.08167047648458564,47.0,47.0,47.0,0.1185705164476083,0.12004552258140455,0.11827810926141569,0.12042101645561498,0.11827810926141569,0.12042101645561498,0.08834513276815414,0.07837232202291489,0.09990048408508301,0.08946936577558517,333333.0,333333.0,333333.0
unbiased_control_variate_escher,Unbiased Control-Variate ESCHER,,,1,49,48,960000,8060611.0,20785.395608205,0.0982747786854952,-0.08696677087218119,0.0013603467941811914,0.008973070420324802,0.05167939141392708,0.05315485969185829,0.01809028039375941,0.01809028039375941,outer_iteration,,False,False,experiment_7_new_run,-2.09926438331604,91418.0,1.0006402358573463,0.0,2.0,0.055504523165602976,8.731257254310138e-05,0.10818225948223885,0.10824112430177743,0.20590791320175691,9.01528120250013e-18,0.08189662105482175,48.0,48.0,48.0,0.11827810926141569,0.12042101645561498,0.1205455284410617,0.12303712015961299,0.1205455284410617,0.12303712015961299,0.08386356383562088,0.07361652702093124,0.09765911847352982,0.08649493008852005,333333.0,333333.0,333333.0
unbiased_control_variate_escher,Unbiased Control-Variate ESCHER,,,1,50,49,980000,8229015.0,21226.632583106984,0.09599676483107691,-0.08677570684188418,0.0011692827638841857,0.008991528302431107,0.046754058450460434,0.0664108619093895,0.017124154294530552,0.017124154294530552,outer_iteration,,False,False,experiment_7_new_run,-2.0886149406433105,92561.0,0.9990081572522497,0.5133695141251899,1.448789756654167,0.05183640483878235,9.056198896444616e-05,0.112367473756695,0.11242386712713912,0.21123323992671988,9.134811502978951e-18,0.08219288172238069,49.0,49.0,49.0,0.1205455284410617,0.12303712015961299,0.12253164071318745,0.12091441606656694,0.12253164071318745,0.12091441606656694,0.08006156235933304,0.08784092962741852,0.09325816482305527,0.0978773832321167,333333.0,333333.0,333333.0
unbiased_control_variate_escher,Unbiased Control-Variate ESCHER,,,1,51,50,1000000,8397548.0,21666.380023501,0.08865560449259428,-0.08997938162146524,0.004372957543465242,0.009279720485210419,0.060459624975919724,0.062434691935777664,0.01631184636304776,0.01631184636304776,outer_iteration,,False,False,experiment_7_new_run,-2.177708148956299,92506.0,0.9995579064382757,0.6841089804908265,1.2000631814310987,0.050066776535462085,9.062141470094311e-05,0.11441892182245711,0.11446312167971814,0.2184893623764177,9.116922430246916e-18,0.08318338185632465,50.0,50.0,50.0,0.12253164071318745,0.12091441606656694,0.12421072927732024,0.11792859988028903,0.12421072927732024,0.11792859988028903,0.08759965747594833,0.091117724776268,0.10172192752361298,0.10042056441307068,333333.0,333333.0,333333.0
unbiased_control_variate_escher,Unbiased Control-Variate ESCHER,,,1,52,51,1020000,8564914.0,22107.619144380995,0.09194045320361612,-0.08979271632540609,0.00418629224740609,0.010615563951432705,0.051749903708696365,0.0656806156039238,0.0164481233805418,0.0164481233805418,outer_iteration,,False,False,experiment_7_new_run,-2.1569461822509766,91620.0,1.001227802180507,0.0,1.9223616988894292,0.05727320326163999,0.0001226374770499525,0.10974122136425553,0.10978406099928485,0.2191103488732121,8.872312236168094e-18,0.08331175887646625,51.0,51.0,51.0,0.12421072927732024,0.11792859988028903,0.1242549427561348,0.11928789687595065,0.1242549427561348,0.11928789687595065,0.08015253394842148,0.08253747224807739,0.09156983345746994,0.09503772109746933,333333.0,333333.0,333333.0
unbiased_control_variate_escher,Unbiased Control-Variate ESCHER,,,1,53,52,1040000,8732786.0,22546.572404125996,0.10169979856082718,-0.09021906905431451,0.004612644976314514,0.009776710532605648,0.062384385615587234,0.058109600096940994,0.01660335964212815,0.01660335964212815,outer_iteration,,False,False,experiment_7_new_run,-2.2180984020233154,92122.0,1.0016002843380332,0.0,2.0,0.05920817222764994,0.00010048153639058287,0.10575543302890272,0.10564141393958705,0.2030382339023174,9.037761265895532e-18,0.08328648619880293,52.0,52.0,52.0,0.1242549427561348,0.11928789687595065,0.12266098766857336,0.12106337253745114,0.12266098766857336,0.12106337253745114,0.09002767503261566,0.0734696313738823,0.10101150721311569,0.08531802147626877,333333.0,333333.0,333333.0
unbiased_control_variate_escher,Unbiased Control-Variate ESCHER,,,1,54,53,1060000,8901411.0,22984.071730367985,0.11504809243957745,-0.08982717591398348,0.004220751835983486,0.00875861570239067,0.06410986930131912,0.0578024722635746,0.015746790915727615,0.015746790915727615,outer_iteration,,False,False,experiment_7_new_run,-2.1765379905700684,92878.0,1.000773267659741,0.3282553069905866,1.944811299130122,0.05540517686420215,7.623001274068956e-05,0.10908527276847067,0.10927168814533075,0.21631952046926528,9.146793655609552e-18,0.08076164183599722,53.0,53.0,53.0,0.12266098766857336,0.12106337253745114,0.12301664203569018,0.12032342734302925,0.12301664203569018,0.12032342734302925,0.08956083655357361,0.0793796181678772,0.10248265415430069,0.08952479064464569,333333.0,333333.0,333333.0
unbiased_control_variate_escher,Unbiased Control-Variate ESCHER,,,1,55,54,1080000,9070884.0,23423.484949273,0.09175828072567879,-0.08904450932454722,0.0034380852465472206,0.00874441396445036,0.05921149253845215,0.05800006911158562,0.01677563910682996,0.01677563910682996,outer_iteration,,False,False,experiment_7_new_run,-2.108365535736084,93479.0,1.0017182267303564,0.7363128324886299,2.0,0.05715449552066214,8.71353218659196e-05,0.11384166891579875,0.11399339818059985,0.21778102977324792,9.389121133787909e-18,0.08125837407642877,54.0,54.0,54.0,0.12301664203569018,0.12032342734302925,0.12157799623861043,0.12053120953875363,0.12157799623861043,0.12053120953875363,0.08679746836423874,0.08024676889181137,0.09735517203807831,0.091443732380867,333333.0,333333.0,333333.0
unbiased_control_variate_escher,Unbiased Control-Variate ESCHER,,,1,56,55,1100000,9241174.0,23864.06226428598,0.09487032092241494,-0.08653514336711199,0.0009287192891119928,0.008661702275276184,0.06775704026222229,0.062137529253959656,0.01764643130203088,0.01764643130203088,outer_iteration,,False,False,experiment_7_new_run,-2.136312484741211,94051.0,1.001517599099691,0.0,2.0,0.054547383319024395,9.075751076285565e-05,0.11659505630706682,0.1166553752381883,0.22243444003921795,1.0092655324100633e-17,0.08083306661575138,55.0,55.0,55.0,0.12157799623861043,0.12053120953875363,0.12140592926856231,0.12121451062453947,0.12140592926856231,0.12121451062453947,0.09074554592370987,0.0808761939406395,0.1031111478805542,0.09268563240766525,333333.0,333333.0,333333.0
unbiased_control_variate_escher,Unbiased Control-Variate ESCHER,,,1,57,56,1120000,9410609.0,24305.10599805499,0.12683937971217749,-0.0879058829770023,0.0022994588990023074,0.009990082122385502,0.06071195378899574,0.060137808322906494,0.018159449721376102,0.018159449721376102,outer_iteration,,False,False,experiment_7_new_run,-2.1684813499450684,93535.0,1.0023580211951364,0.7562353909032258,2.0,0.0544220592732101,8.425793251807445e-05,0.11245760893488405,0.11236631200020014,0.21193506981194082,9.384302485898073e-18,0.08306125234067216,56.0,56.0,56.0,0.12140592926856231,0.12121451062453947,0.12168777431191469,0.12208404834405473,0.12168777431191469,0.12208404834405473,0.0882474035024643,0.07611745595932007,0.10075992345809937,0.08753465861082077,333333.0,333333.0,333333.0
unbiased_control_variate_escher,Unbiased Control-Variate ESCHER,,,1,58,57,1140000,9580310.0,24750.191300202976,0.11306361232514547,-0.08790358665003367,0.002297162572033676,0.00971479993313551,0.06698477268218994,0.060293424874544144,0.016137980856001377,0.016137980856001377,outer_iteration,,False,False,experiment_7_new_run,-2.0596251487731934,93774.0,1.001772202988845,0.0,1.5193840318440164,0.0513682135051305,8.519481665167819e-05,0.1125631816191166,0.112480203245504,0.2150057994091218,9.584001316390291e-18,0.08329177204509526,57.0,57.0,57.0,0.12168777431191469,0.12208404834405473,0.12086338367853056,0.12177441763765096,0.12086338367853056,0.12177441763765096,0.09224288910627365,0.08049777895212173,0.1040869727730751,0.09136518090963364,333333.0,333333.0,333333.0
unbiased_control_variate_escher,Unbiased Control-Variate ESCHER,,,1,59,58,1160000,9749045.0,25191.51207089098,0.09462289218733774,-0.08728239618256128,0.001675972104561288,0.01032856572419405,0.06191312149167061,0.0552239865064621,0.015558480595548948,0.015558480595548948,outer_iteration,,False,False,experiment_7_new_run,-2.142256021499634,93023.0,1.0017239516441427,0.49463207336210635,1.3670079151737444,0.061914650326053616,8.219472239684148e-05,0.11077586963990282,0.11074651171694018,0.2119557708904291,9.367737738246319e-18,0.08190711568541628,58.0,58.0,58.0,0.12086338367853056,0.12177441763765096,0.12072472027004677,0.12372589589246397,0.12072472027004677,0.12372589589246397,0.08918942511081696,0.07603905349969864,0.10129363089799881,0.08863213658332825,333333.0,333333.0,333333.0
unbiased_control_variate_escher,Unbiased Control-Variate ESCHER,,,1,60,59,1180000,9918744.0,25629.990118215996,0.07938596001039154,-0.090667855413327,0.005061431335327007,0.00783899798989296,0.06335856765508652,0.06383820623159409,0.018113140016794205,0.018113140016794205,outer_iteration,,False,False,experiment_7_new_run,-2.05074143409729,93720.0,1.002712588238485,0.6324368156982034,1.6407654371461646,0.05552607311057717,8.580785827679671e-05,0.11194741094254732,0.11190479812125258,0.21727859433239383,9.423134468004982e-18,0.08316599937171826,59.0,59.0,59.0,0.12072472027004677,0.12372589589246397,0.12136850041542036,0.12402224257213401,0.12136850041542036,0.12402224257213401,0.085362508893013,0.08043233305215836,0.09781252592802048,0.09210089594125748,333333.0,333333.0,333333.0
unbiased_control_variate_escher,Unbiased Control-Variate ESCHER,,,1,61,60,1200000,10087704.0,26069.327373851993,0.08374750514838135,-0.08639838226624591,0.0007919581882459142,0.008145499043166637,0.059130728244781494,0.060170531272888184,0.019605074698726337,0.019605074698726337,outer_iteration,,False,False,experiment_7_new_run,-2.1645538806915283,93210.0,1.0002734993835094,0.3357279329284565,2.0,0.05480936973805941,8.847620815031732e-05,0.11221348907872838,0.11218518087712767,0.21366900735453587,9.576319197661247e-18,0.08239091157605884,60.0,60.0,60.0,0.12136850041542036,0.12402224257213401,0.1225361547111079,0.1245505961942337,0.1225361547111079,0.1245505961942337,0.08257738500833511,0.07851888239383698,0.09530279785394669,0.09019072353839874,333333.0,333333.0,333333.0
unbiased_control_variate_escher,Unbiased Control-Variate ESCHER,,,1,62,61,1220000,10256201.0,26507.83745001699,0.07636148174110162,-0.0847277395143739,0.0008786845636260948,0.008296583779156208,0.05904546007514,0.06114468351006508,0.014627602572242418,0.014627602572242418,outer_iteration,,False,False,experiment_7_new_run,-2.164954900741577,92725.0,1.0028118641028108,0.0,1.941337546038148,0.05535134544408349,7.415405811593346e-05,0.11397132921673966,0.11390194758295719,0.22094899586461839,9.605062726513504e-18,0.08323166551925115,61.0,61.0,61.0,0.1225361547111079,0.1245505961942337,0.12237117343880133,0.1253560050255732,0.12237117343880133,0.1253560050255732,0.08506159484386444,0.08465929329395294,0.09675417840480804,0.09755547344684601,333333.0,333333.0,333333.0
unbiased_control_variate_escher,Unbiased Control-Variate ESCHER,,,1,63,62,1240000,10424970.0,26946.524766096,0.06985737567333644,-0.08419839890143471,0.0014080251765652835,0.008669284172356129,0.05622665584087372,0.06188923120498657,0.01693658282359441,0.01693658282359441,outer_iteration,,False,False,experiment_7_new_run,-2.175630807876587,92836.0,1.0015396315890326,0.21000799987217378,1.4996223998185867,0.04429137493329045,7.351505199984004e-05,0.11152233443721872,0.11147095188497991,0.21534154137494216,9.311971008438727e-18,0.08325587440919081,62.0,62.0,62.0,0.12237117343880133,0.1253560050255732,0.12304971012019128,0.12576108343691994,0.12304971012019128,0.12576108343691994,0.08236035704612732,0.08476237207651138,0.09460607171058655,0.09734165668487549,333333.0,333333.0,333333.0
unbiased_control_variate_escher,Unbiased Control-Variate ESCHER,,,1,64,63,1260000,10594145.0,27385.642193897977,0.08385478109880724,-0.08633924940982282,0.0007328253318228256,0.008556853048503399,0.06802788376808167,0.06200924515724182,0.017882542684674263,0.017882542684674263,outer_iteration,,False,False,experiment_7_new_run,-2.0742621421813965,93190.0,1.001603389952144,0.48472213643529194,1.6312597726301805,0.0517947039278413,7.734223270111313e-05,0.11414353650854847,0.11402612685034676,0.22384329125617858,9.63551317732354e-18,0.08365087954021269,63.0,63.0,63.0,0.12304971012019128,0.12576108343691994,0.12099436655477946,0.12470232058578778,0.12099436655477946,0.12470232058578778,0.09260404109954834,0.08284685015678406,0.10327710956335068,0.09363693743944168,333333.0,333333.0,333333.0
unbiased_control_variate_escher,Unbiased Control-Variate ESCHER,,,1,65,64,1280000,10762116.0,27822.829905741994,0.08187502935238268,-0.0869091544340613,0.0013027303560613074,0.007917385548353195,0.058620233088731766,0.062216028571128845,0.017263884656131268,0.017263884656131268,outer_iteration,,False,False,experiment_7_new_run,-2.125227689743042,92299.0,1.0011147870033714,0.2715653572570442,1.4214317427219187,0.054032317765448916,7.747561071971571e-05,0.10973671152069712,0.10973050332464371,0.21209700438541487,9.34582216339901e-18,0.0825544464388871,64.0,64.0,64.0,0.12099436655477946,0.12470232058578778,0.1193212701119648,0.12375908189353058,0.1193212701119648,0.12375908189353058,0.08501413464546204,0.08171100914478302,0.09483951330184937,0.09234971553087234,333333.0,333333.0,333333.0
unbiased_control_variate_escher,Unbiased Control-Variate ESCHER,,,1,66,65,1300000,10929794.0,28257.64534902299,0.08817800130427152,-0.08647958082612128,0.0008731567481212871,0.008276417851448059,0.05831736698746681,0.061255667358636856,0.01734612137079239,0.01734612137079239,outer_iteration,,False,False,experiment_7_new_run,-2.188555955886841,92015.0,1.0014716907564292,0.7365251218644224,1.3125511376142303,0.05646332275682536,8.334913664302898e-05,0.1070828583692876,0.10712237015944949,0.20595151563871375,9.03874704606918e-18,0.08253421279907334,65.0,65.0,65.0,0.1193212701119648,0.12375908189353058,0.11966918681106553,0.12485308702284714,0.11966918681106553,0.12485308702284714,0.07939410209655762,0.08092931658029556,0.09053737670183182,0.09352180361747742,333333.0,333333.0,333333.0
unbiased_control_variate_escher,Unbiased Control-Variate ESCHER,,,1,67,66,1320000,11098062.0,28699.45307657399,0.09397322826418161,-0.08751845569198136,0.0019120316139813603,0.007717785891145468,0.05486707016825676,0.06139989197254181,0.016602575468520325,0.016602575468520325,outer_iteration,,False,False,experiment_7_new_run,-2.067661762237549,92405.0,1.0011688074898566,0.0,2.0,0.050582485914531926,9.9461713484149e-05,0.10663270258583181,0.10665560682034629,0.2042344281777339,9.021135879143126e-18,0.08233376837411702,66.0,66.0,66.0,0.11966918681106553,0.12485308702284714,0.1194662849910243,0.12513748528735258,0.1194662849910243,0.12513748528735258,0.0834067165851593,0.08139380812644958,0.09452009946107864,0.09330844134092331,333333.0,333333.0,333333.0
unbiased_control_variate_escher,Unbiased Control-Variate ESCHER,,,1,68,67,1340000,11266939.0,29138.18393106098,0.108079038155031,-0.08575546166812509,0.00014903759012509232,0.007480164989829063,0.06360524147748947,0.06565580517053604,0.01632987738897403,0.01632987738897403,outer_iteration,,False,False,experiment_7_new_run,-2.175177812576294,92858.0,0.9995137827189509,0.0,2.0,0.05876517746623604,8.995679967884295e-05,0.10942132457240623,0.10940516410301468,0.2125576194079163,9.525449817719355e-18,0.08244625296091285,67.0,67.0,67.0,0.1194662849910243,0.12513748528735258,0.11818235898924434,0.12479581193871259,0.11818235898924434,0.12479581193871259,0.08497849851846695,0.08554984629154205,0.09509023278951645,0.0974213182926178,333333.0,333333.0,333333.0
unbiased_control_variate_escher,Unbiased Control-Variate ESCHER,,,1,69,68,1360000,11435486.0,29581.925738243997,0.07688775508974001,-0.08656778230550549,0.000961358227505496,0.008059968240559101,0.08019029349088669,0.0645982027053833,0.016651750231782596,0.016651750231782596,outer_iteration,,False,False,experiment_7_new_run,-1.9583966732025146,92608.0,1.0006961788954216,0.0,1.4273885878612835,0.05609553562235167,9.281487481821468e-05,0.11124041645754938,0.11117311965006148,0.21282248533620252,9.401506695231464e-18,0.08150816641234698,68.0,68.0,68.0,0.11818235898924434,0.12479581193871259,0.11520680080677537,0.12270225517479927,0.11520680080677537,0.12270225517479927,0.09713009744882584,0.08291947096586227,0.10683435946702957,0.09250801056623459,333333.0,333333.0,333333.0
unbiased_control_variate_escher,Unbiased Control-Variate ESCHER,,,1,70,69,1380000,11602649.0,30016.23630752499,0.08765115008585068,-0.08494969729886531,0.0006567267791346837,0.008115073665976524,0.06194867193698883,0.07244042307138443,0.018107092007994652,0.018107092007994652,outer_iteration,,False,False,experiment_7_new_run,-2.195261001586914,91441.0,1.0002494582837844,0.5709068727331911,1.342545692924785,0.058943096463576844,9.214166788734786e-05,0.1123928910719595,0.11239569322691577,0.21614031961439858,9.011659626105693e-18,0.08171614788767162,69.0,69.0,69.0,0.11520680080677537,0.12270225517479927,0.1148425612506192,0.12368309733894156,0.1148425612506192,0.12368309733894156,0.0886850506067276,0.08946378529071808,0.09982763230800629,0.10303187370300293,333333.0,333333.0,333333.0
unbiased_control_variate_escher,Unbiased Control-Variate ESCHER,,,1,71,70,1400000,11769768.0,30456.599217888986,0.08423463814918425,-0.08486252000190547,0.0007439040760945231,0.009073510766029358,0.058063920587301254,0.06288602948188782,0.019825515026847523,0.019825515026847523,outer_iteration,,False,False,experiment_7_new_run,-1.7892544269561768,91488.0,1.0028182527275322,0.0,1.5653312069710053,0.055302487753622946,8.70321114555625e-05,0.11012174912932075,0.11010214369546353,0.20873598956501224,9.022895288026765e-18,0.08311071479303139,70.0,70.0,70.0,0.1148425612506192,0.12368309733894156,0.11644049506963927,0.12478743682894344,0.11644049506963927,0.12478743682894344,0.08406735956668854,0.08259914070367813,0.09674709290266037,0.09544803202152252,333333.0,333333.0,333333.0
unbiased_control_variate_escher,Unbiased Control-Variate ESCHER,,,1,72,71,1420000,11937185.0,30892.748044233973,0.08377397427103944,-0.0853756955914986,0.00023072848650139421,0.007899673655629158,0.05313144996762276,0.06264995783567429,0.01727014221251011,0.01727014221251011,outer_iteration,,False,False,experiment_7_new_run,-2.1625852584838867,91568.0,1.0037633392464573,0.6530172674925367,2.0,0.04571768716906621,7.994524406964627e-05,0.10800585464018674,0.10798961949980031,0.2081294993670632,9.083605581164821e-18,0.08202884587385147,71.0,71.0,71.0,0.11644049506963927,0.12478743682894344,0.11776376638185149,0.12614194868279816,0.11776376638185149,0.12614194868279816,0.081539586186409,0.08705652505159378,0.0937492698431015,0.10094147175550461,333333.0,333333.0,333333.0
unbiased_control_variate_escher,Unbiased Control-Variate ESCHER,,,1,73,72,1440000,12105977.0,31334.843039576983,0.09492617926536963,-0.08694845096749204,0.0013420268894920456,0.0076437522657215595,0.05932330712676048,0.06737155467271805,0.017659709478418033,0.017659709478418033,outer_iteration,,False,False,experiment_7_new_run,-2.013063430786133,92814.0,1.0026181564314005,0.35528861928410005,1.4123817254463562,0.06076445327716211,8.290776760770195e-05,0.10967528875135692,0.10981354146695464,0.21312249321619633,9.599267138155532e-18,0.0816083150927907,72.0,72.0,72.0,0.11776376638185149,0.12614194868279816,0.11725514251424773,0.12766233153872764,0.11725514251424773,0.12766233153872764,0.0840410441160202,0.08262927830219269,0.09469734132289886,0.09621407091617584,333333.0,333333.0,333333.0
unbiased_control_variate_escher,Unbiased Control-Variate ESCHER,,,1,74,73,1460000,12274983.0,31768.404284026998,0.10837445783048956,-0.08578483947848353,0.00017841540048353643,0.007614038418978453,0.05833405628800392,0.06567413359880447,0.018560426930586498,0.018560426930586498,outer_iteration,,False,False,experiment_7_new_run,-2.161008834838867,92956.0,1.004465916493073,0.0,2.0,0.05868859704208483,0.00015214662145219407,0.11120900438210767,0.1113295833775848,0.21280676976346466,9.283063430576693e-18,0.08094885343546826,73.0,73.0,73.0,0.11725514251424773,0.12766233153872764,0.11705513269311796,0.12845868537395722,0.11705513269311796,0.12845868537395722,0.08083350211381912,0.08104018867015839,0.0913512259721756,0.09376820176839828,333333.0,333333.0,333333.0
unbiased_control_variate_escher,Unbiased Control-Variate ESCHER,,,1,75,74,1480000,12443655.0,32209.96234181398,0.0899234765790305,-0.08575165505585489,0.00014523097785489048,0.007763957139104605,0.06374458968639374,0.056606363505125046,0.016312807177503903,0.016312807177503903,outer_iteration,,False,False,experiment_7_new_run,-2.122251033782959,92668.0,1.0006730595082,0.0,2.0,0.0561802527246392,0.00010709406841466508,0.11118107404265809,0.11133679351808465,0.2176608539011289,9.51937433493883e-18,0.08148404282876176,74.0,74.0,74.0,0.11705513269311796,0.12845868537395722,0.11603388323927866,0.1300751466652209,0.11603388323927866,0.1300751466652209,0.08689367026090622,0.07641112059354782,0.09729292243719101,0.08942689001560211,333333.0,333333.0,333333.0
unbiased_control_variate_escher,Unbiased Control-Variate ESCHER,,,1,76,75,1500000,12612074.0,32647.650721435,0.07443454958630433,-0.08659839273834904,0.000991968660349049,0.008054383099079132,0.06058404967188835,0.06380941718816757,0.01767946903904279,0.01767946903904279,outer_iteration,,False,False,experiment_7_new_run,-2.112950086593628,92476.0,1.0032121823117524,0.38419833589926045,1.4417838711366384,0.05916569618884897,7.816984975684284e-05,0.11096388131332219,0.1109564221858984,0.21124253322414757,9.620337588492526e-18,0.08267742892656443,75.0,75.0,75.0,0.11603388323927866,0.1300751466652209,0.1169427377496981,0.1291964807130479,0.1169427377496981,0.1291964807130479,0.08421891927719116,0.08112166821956635,0.09626936912536621,0.09229876846075058,333333.0,333333.0,333333.0
unbiased_control_variate_escher,Unbiased Control-Variate ESCHER,,,1,77,76,1520000,12780401.0,33087.509565366985,0.09586316974255603,-0.08593695367174722,0.000330529593747228,0.008477394469082355,0.06627730280160904,0.06594058126211166,0.018559109419584274,0.018559109419584274,outer_iteration,,False,False,experiment_7_new_run,-2.109876871109009,92511.0,1.000456234268317,0.7397619730963552,1.3691530552252997,0.06268922160728674,7.955432204830929e-05,0.11203083153264717,0.11205741903169734,0.21314937720215843,9.355861999052055e-18,0.08260616991476319,76.0,76.0,76.0,0.1169427377496981,0.1291964807130479,0.1172478073432418,0.12954731941738284,0.1172478073432418,0.12954731941738284,0.0874607115983963,0.08774033188819885,0.09937844425439835,0.10114061832427979,333333.0,333333.0,333333.0
unbiased_control_variate_escher,Unbiased Control-Variate ESCHER,,,1,78,77,1540000,12947438.0,33519.174202554976,0.08576557114725902,-0.08653191239667313,0.0009254883186731316,0.008202021941542625,0.05543388053774834,0.06049465760588646,0.01756180947025617,0.01756180947025617,outer_iteration,,False,False,experiment_7_new_run,-2.1381654739379883,91443.0,1.000738156935003,0.6088555226502962,1.2450021668858744,0.052117615550772434,8.147032609844442e-05,0.10928371101546028,0.10929762556200275,0.21296565988171853,9.216393421393007e-18,0.08423506112387988,77.0,77.0,77.0,0.1172478073432418,0.12954731941738284,0.11751225981192104,0.13021375276553548,0.11751225981192104,0.13021375276553548,0.08174555748701096,0.07957231998443604,0.09289262443780899,0.09213997423648834,333333.0,333333.0,333333.0
unbiased_control_variate_escher,Unbiased Control-Variate ESCHER,,,1,79,78,1560000,13114593.0,33956.111319926975,0.10970094931939199,-0.0890992636654753,0.003492839587475302,0.007191846612840891,0.0537726916372776,0.05774402618408203,0.017372844119866688,0.017372844119866688,outer_iteration,,False,False,experiment_7_new_run,-2.111239194869995,91502.0,1.001156363046807,0.6900008798841167,1.2614537625255875,0.04975101418785788,7.354412417734599e-05,0.10593698857615896,0.10588207956454719,0.20870790835938202,9.009435959728823e-18,0.08363915865487154,78.0,78.0,78.0,0.11751225981192104,0.13021375276553548,0.11933332351464965,0.13131278036920457,0.11933332351464965,0.13131278036920457,0.08541350811719894,0.07780960947275162,0.09878614544868469,0.09064988046884537,333333.0,333333.0,333333.0
unbiased_control_variate_escher,Unbiased Control-Variate ESCHER,,,1,80,79,1580000,13281653.0,34389.87615410797,0.09373402486400534,-0.08513684742480931,0.0004695766531906814,0.007209049537777901,0.06248444318771362,0.05421721562743187,0.01741392786304156,0.01741392786304156,outer_iteration,,False,False,experiment_7_new_run,-2.129359483718872,91504.0,1.00008534408898,0.599780333766105,1.4724818350929887,0.05290170313423584,8.160882228077335e-05,0.10544334016295916,0.10539874708267247,0.2028062912609618,8.92213345650107e-18,0.08262034573916688,79.0,79.0,79.0,0.11933332351464965,0.13131278036920457,0.11967923991057294,0.13283444726147764,0.11967923991057294,0.13283444726147764,0.08564187586307526,0.07401196658611298,0.0976274311542511,0.08683859556913376,333333.0,333333.0,333333.0
unbiased_control_variate_escher,Unbiased Control-Variate ESCHER,,,1,81,80,1600000,13448638.0,34829.89023793,0.1158350760437273,-0.08565800747369184,5.158339569184822e-05,0.007462907582521439,0.06149609759449959,0.05673179402947426,0.017114221739272278,0.017114221739272278,outer_iteration,,False,False,experiment_7_new_run,-2.145399808883667,91338.0,1.0006494158530603,0.7618619012679363,1.4627985709981948,0.05103736727208247,8.048167071081041e-05,0.10698519409150455,0.10693209067242149,0.20508510452246353,9.023979934344395e-18,0.08210320379936072,80.0,80.0,80.0,0.11967923991057294,0.13283444726147764,0.11979229848547812,0.13450100378563,0.11979229848547812,0.13450100378563,0.08644527196884155,0.07580781728029251,0.09832215309143066,0.08920988440513611,333333.0,333333.0,333333.0
unbiased_control_variate_escher,Unbiased Control-Variate ESCHER,,,1,82,81,1620000,13616086.0,35267.562741095,0.0780556421213407,-0.08462259396973001,0.0009838301082699813,0.008244927041232586,0.053364578634500504,0.0588458776473999,0.0179646834731102,0.0179646834731102,outer_iteration,,False,False,experiment_7_new_run,-2.1266403198242188,91739.0,1.0002624881476878,0.2759804259186045,2.0,0.054053907971372495,7.822591783858032e-05,0.1038725272307791,0.10387197849932538,0.20466445340374617,8.898871488297676e-18,0.08292935892931769,81.0,81.0,81.0,0.11979229848547812,0.13450100378563,0.11993213002116498,0.13497998097424002,0.11993213002116498,0.13497998097424002,0.07852714508771896,0.07352058589458466,0.0893673375248909,0.08545699715614319,333333.0,333333.0,333333.0
unbiased_control_variate_escher,Unbiased Control-Variate ESCHER,,,1,83,82,1640000,13784333.0,35705.124468005,0.08543522372387125,-0.0848282036299425,0.00077822044805749,0.0070387981832027435,0.060530539602041245,0.0566701777279377,0.01804260102411111,0.01804260102411111,outer_iteration,,False,False,experiment_7_new_run,-2.1260948181152344,92270.0,1.0000713364636418,0.7448502649855313,1.4677772306156471,0.04844752439119857,8.567560189015811e-05,0.10660611951107589,0.1066102576323235,0.20333039625821833,8.807486732011779e-18,0.08467189869757766,82.0,82.0,82.0,0.11993213002116498,0.13497998097424002,0.1197730162423305,0.13428468560466011,0.1197730162423305,0.13428468560466011,0.08416245132684708,0.07563094794750214,0.09545779973268509,0.08669480681419373,333333.0,333333.0,333333.0
unbiased_control_variate_escher,Unbiased Control-Variate ESCHER,,,1,84,83,1660000,13952408.0,36142.91713682498,0.09175725583583827,-0.08615781757242277,0.0005513934944227777,0.008047495037317276,0.05528636649250984,0.06653812527656555,0.01651794898013274,0.01651794898013274,outer_iteration,,False,False,experiment_7_new_run,-2.118922233581543,92160.0,1.003033811803335,0.1643178705252839,2.0,0.05596390045992463,8.94335103738512e-05,0.10848598307769049,0.10838470617974624,0.2201289845743421,9.404019324115274e-18,0.0824568386621933,83.0,83.0,83.0,0.1197730162423305,0.13428468560466011,0.12117062472373497,0.13440869585284865,0.12117062472373497,0.13440869585284865,0.08369072526693344,0.07684557139873505,0.0966070368885994,0.08889647573232651,333333.0,333333.0,333333.0
unbiased_control_variate_escher,Unbiased Control-Variate ESCHER,,,1,85,84,1680000,14120797.0,36580.672066284984,0.08526642482687727,-0.08131819581056043,0.004288228267439562,0.007444987539201975,0.05307561531662941,0.054728228598833084,0.018734071403741837,0.018734071403741837,outer_iteration,,False,False,experiment_7_new_run,-2.174197196960449,92355.0,1.0009728885909381,0.447589701280771,1.5648331706628569,0.04824027775935029,7.754481613095449e-05,0.10650020765770686,0.10641247872515425,0.20114927304782534,9.272877490157269e-18,0.0841897718281246,84.0,84.0,84.0,0.12117062472373497,0.13440869585284865,0.12138795237186628,0.13397736746599498,0.12138795237186628,0.13397736746599498,0.07608218491077423,0.0766412690281868,0.08680790662765503,0.08808784931898117,333333.0,333333.0,333333.0
unbiased_control_variate_escher,Unbiased Control-Variate ESCHER,,,1,86,85,1700000,14288202.0,37016.57885630298,0.11116576301872919,-0.08535791819661578,0.0002485058813842117,0.006479721516370773,0.05012213811278343,0.059289272874593735,0.01808810979127884,0.01808810979127884,outer_iteration,,False,False,experiment_7_new_run,-2.205049514770508,91589.0,1.0023747741804427,0.0,2.0,0.04476787567077691,7.562373104967025e-05,0.10664771563523713,0.10654657826174134,0.20870561125163498,9.17568905118298e-18,0.0847877919731245,85.0,85.0,85.0,0.12138795237186628,0.13397736746599498,0.12322733017682153,0.13346925848447166,0.12322733017682153,0.13346925848447166,0.0728181004524231,0.07787521183490753,0.08485214412212372,0.08938903361558914,333333.0,333333.0,333333.0
unbiased_control_variate_escher,Unbiased Control-Variate ESCHER,,,1,87,86,1720000,14456185.0,37454.84896110598,0.0729152218230366,-0.0837161885817905,0.0018902354962094942,0.008509445004165173,0.04527919366955757,0.06090940162539482,0.018719817511737347,0.018719817511737347,outer_iteration,,False,False,experiment_7_new_run,-2.1686906814575195,92004.0,1.0006649651373851,0.7491831984212125,1.3184267426751126,0.050008086679538634,7.229173876302444e-05,0.10736171991106934,0.10743295356405025,0.20950638527537913,8.608451360824071e-18,0.0846388756049741,86.0,86.0,86.0,0.12322733017682153,0.13346925848447166,0.1254113319636596,0.13311468798655868,0.1254113319636596,0.13311468798655868,0.07104363292455673,0.07747159898281097,0.08334963023662567,0.089032843708992,333333.0,333333.0,333333.0
unbiased_control_variate_escher,Unbiased Control-Variate ESCHER,,,1,88,87,1740000,14623851.0,37893.66317964098,0.08271642799913322,-0.08649788045609505,0.0008914563780950541,0.007009695749729872,0.052630458027124405,0.059726789593696594,0.016891018487513065,0.016891018487513065,outer_iteration,,False,False,experiment_7_new_run,-2.233619213104248,91839.0,1.0000280219347673,0.5351793835310718,1.4082281583398606,0.05955566796736952,6.164093580646182e-05,0.10586068641216669,0.10580645056714379,0.20582850315580908,8.95028552381287e-18,0.082688765556669,87.0,87.0,87.0,0.1254113319636596,0.13311468798655868,0.126534823931721,0.1337735093280482,0.126534823931721,0.1337735093280482,0.07220175862312317,0.07671786099672318,0.08373995870351791,0.08918703347444534,333333.0,333333.0,333333.0
unbiased_control_variate_escher,Unbiased Control-Variate ESCHER,,,1,89,88,1760000,14790667.0,38335.469508432,0.14217180087213205,-0.08424736307379271,0.001359061004207282,0.007719603832811117,0.05179320275783539,0.05818508192896843,0.01804232783615589,0.01804232783615589,outer_iteration,,False,False,experiment_7_new_run,-2.1709604263305664,91039.0,1.000055009026724,0.5960664225069445,1.1599695023955272,0.05238936941586117,5.8449140384445926e-05,0.1040092876175334,0.10397860950482002,0.20903302516624336,9.531494975605598e-18,0.08406160251372288,88.0,88.0,88.0,0.126534823931721,0.1337735093280482,0.12700643667388323,0.13353054213621396,0.12700643667388323,0.13353054213621396,0.07288224995136261,0.07399202138185501,0.08393388986587524,0.08516612648963928,333333.0,333333.0,333333.0
unbiased_control_variate_escher,Unbiased Control-Variate ESCHER,,,1,90,89,1780000,14957722.0,38772.63923707098,0.0748277400116868,-0.08719192794498914,0.0015855038669891491,0.007526848465204239,0.0559152252972126,0.06687593460083008,0.015654672247668106,0.015654672247668106,outer_iteration,,False,False,experiment_7_new_run,-2.2451677322387695,91279.0,1.0006865665540152,0.3299773426112155,1.449231357535231,0.05052712145326689,6.339236715481032e-05,0.10540582841719398,0.1053986379358802,0.20317741769761227,9.271614204359058e-18,0.08412183818805984,89.0,89.0,89.0,0.12700643667388323,0.13353054213621396,0.1284955450828298,0.1317774152565816,0.1284955450828298,0.1317774152565816,0.074297696352005,0.080074243247509,0.08665785938501358,0.09059075266122818,333333.0,333333.0,333333.0
unbiased_control_variate_escher,Unbiased Control-Variate ESCHER,,,1,91,90,1800000,15124188.0,39213.036462477,0.060397323888774626,-0.08579721483053424,0.0001907907525342395,0.007640214171260595,0.04825076088309288,0.06328337639570236,0.016150801442563534,0.016150801442563534,outer_iteration,,False,False,experiment_7_new_run,-2.1561994552612305,90604.0,1.001231800418525,0.4688393342063928,1.3008787448972488,0.04793796099370873,6.206574152760383e-05,0.10370559598712542,0.10364405562327633,0.199409730533242,8.808787542054016e-18,0.08384764886216184,90.0,90.0,90.0,0.1284955450828298,0.1317774152565816,0.13042782685907695,0.13290343259533144,0.13042782685907695,0.13290343259533144,0.06821759790182114,0.07736476510763168,0.08026812970638275,0.09027618914842606,333333.0,333333.0,333333.0
unbiased_control_variate_escher,Unbiased Control-Variate ESCHER,,,2,0,0,0,0.0,0.7360324120090809,2.373611111111111,-0.078125,0.007481424077999996,,,,,,initial_untrained_policy,,True,False,experiment_7_new_run,,0.0,0.0,,,0.0,0.0,0.0,0.0,0.0,0.0,1.0,0.0,0.0,0.0,0.0,0.0,0.0,0.0,0.0,0.0,,,,,0.0,0.0,0.0
unbiased_control_variate_escher,Unbiased Control-Variate ESCHER,,,2,1,1,1544,10000.0,30.608172233012738,1.0006354428610358,0.0005899473021650087,0.086196371380165,2.0198466510468194e-10,,,,,early_node_threshold,10000,False,False,experiment_7_new_run,,4608.0,1.0,1.0,1.0,1.0000100135803223,0.0,0.06807558760683745,0.06807558760683745,0.10211338141025597,0.0,0.5,0.0,0.0,0.0,0.0,0.0,0.0,0.0,0.0,0.0,,,,,1560.0,1492.0,1556.0
unbiased_control_variate_escher,Unbiased Control-Variate ESCHER,,,2,2,1,20000,129308.0,419.1877034739882,3.9998405472017664,1.000071763890446,1.0856781879684458,3.776199264393654e-08,0.006485510617494583,0.21406768262386322,3.3871414496881394e-06,3.3871414496881394e-06,outer_iteration,,False,False,experiment_7_new_run,-2.678778886795044,61017.0,1.0,1.0,1.0,1.0000100135803223,0.0,0.13185354396822496,0.13185354396822496,0.2503703255461801,0.0,0.3333333333333333,1.0,1.0,1.0,0.0,0.0,0.0,0.0,0.0,0.0,0.013715602457523346,0.32219040393829346,0.013715602457523346,0.32219040393829346,20270.0,20245.0,20502.0
unbiased_control_variate_escher,Unbiased Control-Variate ESCHER,,,2,3,2,40000,294369.0,861.5077516729943,3.9236865496549207,0.6901555639008614,0.7757619879788614,0.1287565380334854,1.0940788984298706,2.0019471645355225,0.0010974517014498513,0.0010974517014498513,outer_iteration,,False,False,experiment_7_new_run,-1.0492267608642578,91175.0,0.8807899354473618,0.0,2.0,0.0661817797369326,0.0019050206027460344,0.42195208292716146,0.4330777356548622,0.8068385512823334,9.459078270061154e-18,0.09762677131563184,2.0,2.0,2.0,0.0,0.0,0.0,0.0,-0.0015271437957931067,-0.03490638844264504,1.5758692026138306,2.861416816711426,1.5732780694961548,2.6670994758605957,50776.0,50437.0,50979.0
unbiased_control_variate_escher,Unbiased Control-Variate ESCHER,,,2,4,3,60000,477524.0,1316.2537311550113,2.916452847377772,0.3724561014090896,0.4580625254870896,0.09510193020105362,0.4592994749546051,0.1589227169752121,0.0004945513016233841,0.0004945513016233841,outer_iteration,,False,False,experiment_7_new_run,-0.9905931949615479,105213.0,1.0558215075422175,0.0,2.0,8.218017018075601,0.002454410852725998,0.3207934567241026,0.34021601952846825,0.6009608694108963,1.2889283584332891e-17,0.0752351569484762,3.0,3.0,3.0,0.0,0.0,0.0,0.0,-0.05609029974398494,-0.04952491738004938,0.9515166282653809,0.3727845549583435,0.8220851421356201,0.28540894389152527,85941.0,85467.0,85997.0
unbiased_control_variate_escher,Unbiased Control-Variate ESCHER,,,2,5,4,80000,652023.0,1760.8482869050058,1.7880052245460587,0.46295930019387843,0.5485657242718784,0.08297282457351685,0.3170944154262543,0.3255446255207062,0.004564683263500531,0.004564683263500531,outer_iteration,,False,False,experiment_7_new_run,-0.9710246324539185,97912.0,0.9871780682337955,0.0,2.0,0.5704955403774045,0.003368005012497279,0.2448412607096902,0.265700911818532,0.4610241438988271,1.0757505755664431e-17,0.07957886022357015,4.0,4.0,4.0,0.0,0.0,0.0,0.0,-0.05209517597868163,-0.04883397228947395,0.5311262011528015,0.5363283157348633,0.5128554701805115,0.5144964456558228,118620.0,118017.0,118680.0
unbiased_control_variate_escher,Unbiased Control-Variate ESCHER,,,2,6,5,100000,821885.0,2203.9088689920027,1.258429679168781,0.24735968380425566,0.33296610788225567,0.06838473677635193,0.11692590266466141,0.07785181701183319,0.010466484352946281,0.010466484352946281,outer_iteration,,False,False,experiment_7_new_run,-1.0047482252120972,94302.0,1.0452793794923334,0.0,2.0,0.16934664747819506,0.0018944014236658472,0.17670550619821074,0.17920385454855842,0.3159271131683383,1.1473842808703319e-17,0.08054247156638399,5.0,5.0,5.0,0.0,0.0,0.0,0.0,-0.05374583131040067,-0.04742250152085625,0.20218901336193085,0.14144296944141388,0.18817275762557983,0.14144329726696014,150147.0,149423.0,150049.0
unbiased_control_variate_escher,Unbiased Control-Variate ESCHER,,,2,7,6,120000,989769.0,2638.2225089030107,0.9359502557165,0.09881577498317426,0.18442219906117424,0.056458767503499985,0.05312622711062431,0.06186038628220558,0.014558587844173113,0.014558587844173113,outer_iteration,,False,False,experiment_7_new_run,-1.2017709016799927,92061.0,1.0368417257107687,0.0,2.0,0.08114029417275755,0.0010358127533529246,0.1367142296642105,0.1382649708171878,0.26337522407571823,1.0834439694463673e-17,0.0873936664313071,6.0,6.0,6.0,0.0,0.0,0.0,0.0,-0.04878839575805993,-0.04365759251480528,0.0899994894862175,0.08899740874767303,0.0966716781258583,0.1011633649468422,180948.0,180139.0,180593.0
unbiased_control_variate_escher,Unbiased Control-Variate ESCHER,,,2,8,7,140000,1156165.0,3087.2664502850093,0.6693759491248494,0.008619009889580698,0.0942254339675807,0.04798249900341034,0.044358741492033005,0.05386398732662201,0.015052529983222485,0.015052529983222485,outer_iteration,,False,False,experiment_7_new_run,-1.274737000465393,90843.0,0.9836052119347626,0.0,2.0,0.02851093814305726,0.00047753121859116563,0.11475259492045714,0.11581460001032234,0.2176215082068002,9.104146141113995e-18,0.08597463593450093,7.0,7.0,7.0,0.0,0.0,0.0,0.0,-0.041290751130115044,-0.038892988359008784,0.0667155385017395,0.07595798373222351,0.07958360761404037,0.09171192348003387,211273.0,210358.0,210892.0
unbiased_control_variate_escher,Unbiased Control-Variate ESCHER,,,2,9,8,160000,1323221.0,3529.5482443869987,0.5689982451380734,-0.053367189033591944,0.03223923504440805,0.03954464569687843,0.05422482267022133,0.0559345968067646,0.017146156479914982,0.017146156479914982,outer_iteration,,False,False,experiment_7_new_run,-1.4219248294830322,91187.0,0.995968158992415,0.0,2.0,0.02815757439446747,0.0002319411140280376,0.1085345058708621,0.10919905454508583,0.21353250853594427,9.185518305639158e-18,0.08528678078788846,8.0,8.0,8.0,0.0,0.0,0.0,0.0,-0.03425002135283717,-0.03386961167983982,0.07331938296556473,0.07876667380332947,0.08457954227924347,0.09431993961334229,241797.0,240735.0,241178.0
unbiased_control_variate_escher,Unbiased Control-Variate ESCHER,,,2,10,9,180000,1491387.0,3973.6984502999985,0.500680049409575,-0.07062193725560412,0.014984486822395879,0.034339576959609985,0.05162272974848747,0.06207074597477913,0.013118168339133263,0.013118168339133263,outer_iteration,,False,False,experiment_7_new_run,-1.4327449798583984,92160.0,1.0066792982292756,0.0,2.0,0.033926853016101356,0.0001921210490731463,0.11205840700117048,0.11285931192690035,0.2109630107575687,8.805597190492935e-18,0.08629928099951219,9.0,9.0,9.0,0.0,0.0,0.0,0.0,-0.027697166416961627,-0.02840909641250855,0.08063994348049164,0.08494242280721664,0.09049084037542343,0.10088137537240982,272644.0,271445.0,271781.0
unbiased_control_variate_escher,Unbiased Control-Variate ESCHER,,,2,11,10,200000,1661606.0,4411.026341231016,0.4422802146333356,-0.06678822177321819,0.018818202304781803,0.025786206126213074,0.0667780265212059,0.06574074178934097,0.014904772552351156,0.014904772552351156,outer_iteration,,False,False,experiment_7_new_run,-1.4500454664230347,94061.0,0.9906581420207662,0.0,2.0,0.03822506488410694,0.00019109775312455037,0.11804275855423488,0.11859033759878963,0.22463517404192926,9.089907941496749e-18,0.08644179026233484,10.0,10.0,10.0,0.0,0.0,0.0,0.0,-0.02031427216068371,-0.02253300498503985,0.09391549229621887,0.09178301692008972,0.10491573810577393,0.10809331387281418,304014.0,302737.0,303180.0
unbiased_control_variate_escher,Unbiased Control-Variate ESCHER,,,2,12,11,220000,1832280.0,4862.365748409997,0.42482342658724764,-0.09373285514973617,0.008126431071736176,0.025610869750380516,0.0742424875497818,0.07094172388315201,0.013932893052697182,0.013932893052697182,outer_iteration,,False,False,experiment_7_new_run,-1.60280179977417,94408.0,0.9829445724802198,0.0,2.0,0.04304389352258338,0.00015826455655950413,0.12519274093208818,0.12548346972087424,0.2468130115209867,9.527078497751401e-18,0.08604742318973868,11.0,11.0,11.0,0.0,0.0,0.0,0.0,-0.013999059635270594,-0.017358058283434286,0.11047787964344025,0.09042081981897354,0.11951041221618652,0.10397765785455704,333333.0,333333.0,333333.0
unbiased_control_variate_escher,Unbiased Control-Variate ESCHER,,,2,13,12,240000,2001397.0,5308.656273981003,0.3591155399355671,-0.09400851918998515,0.008402095111985156,0.02456897497177124,0.06688046455383301,0.07683325558900833,0.016033052777250607,0.016033052777250607,outer_iteration,,False,False,experiment_7_new_run,-1.639083743095398,93261.0,0.9874150288739534,0.0,2.0,0.04399312581679822,0.00016486482634441152,0.1234351054117443,0.12352460638494413,0.2401772047930572,9.592315550397099e-18,0.08684416150739646,12.0,12.0,12.0,0.0,0.0,0.0,0.0,-0.00819812397127695,-0.010732383550544622,0.10589930415153503,0.10538799315690994,0.11443547904491425,0.12239574640989304,333333.0,333333.0,333333.0
unbiased_control_variate_escher,Unbiased Control-Variate ESCHER,,,2,14,13,260000,2173359.0,5755.505596995004,0.321354112135443,-0.09267672925783171,0.007070305179831718,0.02450651489198208,0.07047265022993088,0.06723474711179733,0.01789676398038864,0.01789676398038864,outer_iteration,,False,False,experiment_7_new_run,-1.7550045251846313,95598.0,0.990496404755529,0.0,2.0,0.061914175202274754,0.00017145636433217536,0.12875436083868488,0.12890864704075314,0.2496887677284511,1.0239728013884668e-17,0.08274484595746952,13.0,13.0,13.0,0.0,0.0,0.0,0.0,-0.002700471345577604,-0.007130883689921097,0.10805345326662064,0.09470277279615402,0.11638646572828293,0.10332569479942322,333333.0,333333.0,333333.0
unbiased_control_variate_escher,Unbiased Control-Variate ESCHER,,,2,15,14,280000,2344519.0,6197.831089696003,0.2928361160206297,-0.09379057230315715,0.008184148225157159,0.02164321392774582,0.0705188661813736,0.05561879649758339,0.01575676134477059,0.01575676134477059,outer_iteration,,False,False,experiment_7_new_run,-1.8933384418487549,94902.0,0.9960106955199629,0.0,2.0,0.06949982087972885,0.00014449607647153877,0.12754710683470052,0.12760767298212594,0.23789656211659835,9.691694856529747e-18,0.08001313979214857,14.0,14.0,14.0,0.0,0.0,0.004145447388984591,0.0,0.004145447388984591,-0.0023720510349796164,0.10386573523283005,0.08159974962472916,0.1147497296333313,0.09295250475406647,333333.0,333333.0,333333.0
unbiased_control_variate_escher,Unbiased Control-Variate ESCHER,,,2,16,15,300000,2514124.0,6641.432659796992,0.2891249606843686,-0.09234038695604704,0.006733962878047048,0.020722564309835434,0.06058530882000923,0.06265731155872345,0.017753781750798225,0.017753781750798225,outer_iteration,,False,False,experiment_7_new_run,-1.8443244695663452,93479.0,0.9979315406427935,0.0,2.0,0.057736328427868876,0.00013957384464589252,0.11568934269474453,0.11557216716649252,0.21288076880212717,8.904141194130856e-18,0.08496644236331366,15.0,15.0,15.0,0.004145447388984591,0.0,0.01095325415971371,0.004636205210356792,0.01095325415971371,0.004636205210356792,0.08784621953964233,0.08252248913049698,0.09894842654466629,0.09890668839216232,333333.0,333333.0,333333.0
unbiased_control_variate_escher,Unbiased Control-Variate ESCHER,,,2,17,16,320000,2684593.0,7081.035447442991,0.24194605733118837,-0.08784642047099417,0.002239996392994173,0.0191386379301548,0.06039321795105934,0.0482054203748703,0.016156384410957497,0.016156384410957497,outer_iteration,,False,False,experiment_7_new_run,-2.015669584274292,94322.0,0.9921774026810315,0.24429270789795066,1.761549799868115,0.0640194138803622,0.00015324529881565913,0.11216539868359877,0.11216820154002329,0.2065944131702749,8.99228641933726e-18,0.0816722503412384,16.0,16.0,16.0,0.01095325415971371,0.004636205210356792,0.017395731725387997,0.011470911078764745,0.017395731725387997,0.011470911078764745,0.08746363967657089,0.06959936767816544,0.09827971458435059,0.08516280353069305,333333.0,333333.0,333333.0
unbiased_control_variate_escher,Unbiased Control-Variate ESCHER,,,2,18,17,340000,2855626.0,7519.857280124008,0.23383854062299397,-0.08471780739437373,0.0008886166836262616,0.018683984875679016,0.05762188509106636,0.0588950514793396,0.015101579949259758,0.015101579949259758,outer_iteration,,False,False,experiment_7_new_run,-1.9640482664108276,94656.0,0.998074695296196,0.02499814583247495,2.0,0.05503484316187066,0.000134173015830912,0.11253441101093764,0.11262142022379583,0.2178856901356259,9.905043705111271e-18,0.08234349840023612,17.0,17.0,17.0,0.017395731725387997,0.011470911078764745,0.025717283045943562,0.016768945913375632,0.025717283045943562,0.016768945913375632,0.08394189924001694,0.0799073800444603,0.0977788046002388,0.09203305095434189,333333.0,333333.0,333333.0
unbiased_control_variate_escher,Unbiased Control-Variate ESCHER,,,2,19,18,360000,3027261.0,7969.958036004013,0.20928517000698724,-0.09443836360380128,0.008831939525801288,0.01651531644165516,0.05720394849777222,0.06710901111364365,0.01827900732556979,0.01827900732556979,outer_iteration,,False,False,experiment_7_new_run,-1.9871305227279663,95156.0,0.9967734952708555,0.257120579271512,1.601587121978704,0.057286636433638134,0.0001232458705074088,0.11634735307172209,0.1163379895284281,0.22858645753210224,1.0165305600611063e-17,0.08436306855488014,18.0,18.0,18.0,0.025717283045943562,0.016768945913375632,0.03183977972473773,0.02060824008738471,0.03183977972473773,0.02060824008738471,0.08365757018327713,0.0928892269730568,0.094709113240242,0.10221551358699799,333333.0,333333.0,333333.0
unbiased_control_variate_escher,Unbiased Control-Variate ESCHER,,,2,20,19,380000,3197087.0,8414.546843744989,0.16576843031627583,-0.09431239920104503,0.008705975123045037,0.01579275168478489,0.06354773789644241,0.05937499925494194,0.015194409837325415,0.015194409837325415,outer_iteration,,False,False,experiment_7_new_run,-1.9761390686035156,93707.0,1.0003605899425674,0.1698561669075307,1.845789153482873,0.06050089706592145,9.91026181118927e-05,0.11717872384723167,0.11734272594867899,0.22846595058024502,1.0298650508720578e-17,0.08207091727686135,19.0,19.0,19.0,0.03183977972473773,0.02060824008738471,0.035993209458974995,0.024978434607076494,0.035993209458974995,0.024978434607076494,0.09718149900436401,0.08202189207077026,0.1062668040394783,0.09212131798267365,333333.0,333333.0,333333.0
unbiased_control_variate_escher,Unbiased Control-Variate ESCHER,,,2,21,20,400000,3366017.0,8853.489631650998,0.16701666979406152,-0.09098606308140586,0.005379639003405864,0.015526939183473587,0.059976667165756226,0.05734311416745186,0.017704244703054428,0.017704244703054428,outer_iteration,,False,False,experiment_7_new_run,-2.0032804012298584,93089.0,1.0042635018540482,0.3033371197977037,1.5648900194261182,0.05485193269829314,0.00010069320151618642,0.11372991574171464,0.11400969669089746,0.22769397065362504,9.763251381799164e-18,0.08395676224962094,20.0,20.0,20.0,0.035993209458974995,0.024978434607076494,0.04173194662684565,0.03053615779000385,0.04173194662684565,0.03053615779000385,0.08131198585033417,0.08350549638271332,0.09225212782621384,0.09581790864467621,333333.0,333333.0,333333.0
unbiased_control_variate_escher,Unbiased Control-Variate ESCHER,,,2,22,21,420000,3534808.0,9303.893447297014,0.1616958442130767,-0.08793946926620355,0.0023330451882035558,0.015828294679522514,0.056296348571777344,0.061242569237947464,0.015327113990982374,0.015327113990982374,outer_iteration,,False,False,experiment_7_new_run,-2.0113606452941895,92924.0,1.0035891374051984,0.1833095418814925,1.7420734923354644,0.05521754390181335,0.00010930114075776841,0.10960809286008574,0.10947754249683693,0.2166227452846551,9.339259789114499e-18,0.08265715904673697,21.0,21.0,21.0,0.04173194662684565,0.03053615779000385,0.04874839417734711,0.0370729555429169,0.04874839417734711,0.0370729555429169,0.07649517804384232,0.07636184245347977,0.08922954648733139,0.09020581096410751,333333.0,333333.0,333333.0
unbiased_control_variate_escher,Unbiased Control-Variate ESCHER,,,2,23,22,440000,3701941.0,9745.023872152,0.1533272691177771,-0.08819449525983347,0.002588071181833476,0.015807978808879852,0.05438316985964775,0.05814378336071968,0.01703003980219364,0.01703003980219364,outer_iteration,,False,False,experiment_7_new_run,-2.096703052520752,91666.0,0.9991778637666872,0.4359923851675298,1.5164768473270356,0.05791921346175728,0.0001026028463799738,0.10470795820400468,0.10457845948744883,0.20160690025450967,8.938951233470465e-18,0.08252058454418776,22.0,22.0,22.0,0.04874839417734711,0.0370729555429169,0.05341358469230262,0.04356903229591802,0.05341358469230262,0.04356903229591802,0.07454901933670044,0.07499060034751892,0.08445190638303757,0.0887768343091011,333333.0,333333.0,333333.0
unbiased_control_variate_escher,Unbiased Control-Variate ESCHER,,,2,24,23,460000,3869997.0,10188.141734200995,0.1651877693320549,-0.08569564423455575,8.922015655575544e-05,0.01429800596088171,0.05357131361961365,0.06678550690412521,0.017274648882448673,0.017274648882448673,outer_iteration,,False,False,experiment_7_new_run,-2.044290781021118,92285.0,1.0034130432273085,0.5403525944138416,1.699826863124888,0.053034317469264736,0.00010288186929646784,0.10870564065789004,0.10878238934460513,0.20945287676010407,9.247362303092332e-18,0.08141656847383946,23.0,23.0,23.0,0.05341358469230262,0.04356903229591802,0.05865424493248306,0.048409423908469584,0.05865424493248306,0.048409423908469584,0.07549934834241867,0.09189898520708084,0.08641786873340607,0.10397021472454071,333333.0,333333.0,333333.0
unbiased_control_variate_escher,Unbiased Control-Variate ESCHER,,,2,25,24,480000,4039530.0,10632.194961953006,0.14098756604643584,-0.08734961898453941,0.0017431949065394164,0.012961921282112598,0.05999467894434929,0.06529566645622253,0.01676232336709897,0.01676232336709897,outer_iteration,,False,False,experiment_7_new_run,-2.085958480834961,93440.0,0.9988010988897263,0.3839151541895022,1.4970404225305887,0.048204758808562835,9.439318653258747e-05,0.1129606189250216,0.11316674924083374,0.2208656111520968,9.809352683271516e-18,0.08396100241933548,24.0,24.0,24.0,0.05865424493248306,0.048409423908469584,0.06312360211952817,0.05053277784103716,0.06312360211952817,0.05053277784103716,0.07708166539669037,0.08719823509454727,0.08743863552808762,0.09497495740652084,333333.0,333333.0,333333.0
unbiased_control_variate_escher,Unbiased Control-Variate ESCHER,,,2,26,25,500000,4208962.0,11080.108406732994,0.15424901614001574,-0.08595453325364591,0.0003481091756459137,0.015132023952901363,0.04915432259440422,0.0617731548845768,0.015104790528615316,0.015104790528615316,outer_iteration,,False,False,experiment_7_new_run,-2.0421810150146484,93388.0,1.002781673475032,0.11988436262692082,1.8131237647754754,0.05062844406163509,9.099146423800462e-05,0.11631157005220809,0.11639607032446579,0.2237748056029961,9.991279109675821e-18,0.08359705724674246,25.0,25.0,25.0,0.06312360211952817,0.05053277784103716,0.06592169907648504,0.05567991101764391,0.06592169907648504,0.05567991101764391,0.08038774877786636,0.07996208965778351,0.08921487629413605,0.0920213907957077,333333.0,333333.0,333333.0
unbiased_control_variate_escher,Unbiased Control-Variate ESCHER,,,2,27,26,520000,4378337.0,11523.788420444995,0.14319404290524165,-0.08367754927530804,0.0019288748026919517,0.012887340970337391,0.050249069929122925,0.05938424542546272,0.016013746460278828,0.016013746460278828,outer_iteration,,False,False,experiment_7_new_run,-1.5506622791290283,93398.0,1.0003957205461713,0.24465084497231782,1.7101972130642815,0.050718697792646594,8.813720300322213e-05,0.11509603926495557,0.11536903974569052,0.22381058442748558,9.976312102894948e-18,0.08523822283223251,26.0,26.0,26.0,0.06592169907648504,0.05567991101764391,0.07109138492795963,0.060656480749834873,0.07109138492795963,0.060656480749834873,0.07633199542760849,0.0749843493103981,0.08789414167404175,0.08668997138738632,333333.0,333333.0,333333.0
unbiased_control_variate_escher,Unbiased Control-Variate ESCHER,,,2,28,27,540000,4547206.0,11966.268147074996,0.14149191059300636,-0.08171337474974044,0.003893049328259554,0.012885558418929577,0.06091807410120964,0.05441698431968689,0.017644592250386875,0.017644592250386875,outer_iteration,,False,False,experiment_7_new_run,-2.1086018085479736,93110.0,1.0026247375528827,0.4488570207875233,1.5479508357104335,0.050512063094063524,8.849108102688676e-05,0.11591220834579131,0.11634505381665597,0.21871049513714969,9.550757817700291e-18,0.08524135291034869,27.0,27.0,27.0,0.07109138492795963,0.060656480749834873,0.0761359928151033,0.06533685508069265,0.0761359928151033,0.06533685508069265,0.08025462925434113,0.07264574617147446,0.0923515185713768,0.0839533880352974,333333.0,333333.0,333333.0
unbiased_control_variate_escher,Unbiased Control-Variate ESCHER,,,2,29,28,560000,4715721.0,12404.238653139997,0.12884357447903388,-0.08793320121009468,0.0023267771320946845,0.012094610370695591,0.05761567875742912,0.06081753969192505,0.017979454870025318,0.017979454870025318,outer_iteration,,False,False,experiment_7_new_run,-2.03676176071167,92683.0,1.0023152242357574,0.0,1.4872979087588334,0.0494361219959548,9.307932914144004e-05,0.11175717021345499,0.11186531635186414,0.21834848565253803,9.579696153393766e-18,0.0860613496452234,28.0,28.0,28.0,0.0761359928151033,0.06533685508069265,0.08041919410517173,0.06838639938666624,0.08041919410517173,0.06838639938666624,0.07735048234462738,0.08308528363704681,0.08871152997016907,0.09309650957584381,333333.0,333333.0,333333.0
unbiased_control_variate_escher,Unbiased Control-Variate ESCHER,,,2,30,29,580000,4884141.0,12849.337122589,0.12302265794647951,-0.08293009461652012,0.0026763294614798733,0.010953360237181187,0.05250069126486778,0.06393732875585556,0.017576464762290318,0.017576464762290318,outer_iteration,,False,False,experiment_7_new_run,-2.0166869163513184,92668.0,1.0034788678878546,0.25055896182437865,1.6536632729394853,0.04769413750786369,8.817560956071222e-05,0.11440656790054883,0.11445157487765223,0.21421260173036563,9.294327479919462e-18,0.08621879427285037,29.0,29.0,29.0,0.08041919410517173,0.06838639938666624,0.08495985975357756,0.07064763325532131,0.08495985975357756,0.07064763325532131,0.0759568139910698,0.08780346065759659,0.08781282603740692,0.09729915857315063,333333.0,333333.0,333333.0
unbiased_control_variate_escher,Unbiased Control-Variate ESCHER,,,2,31,30,600000,5052793.0,13284.874146607995,0.12656506785188587,-0.08295400431066338,0.002652419767336614,0.011508333496749401,0.06900826096534729,0.060734301805496216,0.016273623642822106,0.016273623642822106,outer_iteration,,False,False,experiment_7_new_run,-2.025529146194458,92740.0,0.9988304656744061,0.47933646309849387,1.7883712593326668,0.053623856964945975,8.479489086108012e-05,0.11422972841502815,0.11444358633414933,0.22641204674112594,9.331716492461309e-18,0.08583433169823029,30.0,30.0,30.0,0.08495985975357756,0.07064763325532131,0.08792240885454727,0.0752585938939031,0.08792240885454727,0.0752585938939031,0.08872746676206589,0.07973770052194595,0.10036714375019073,0.09186671674251556,333333.0,333333.0,333333.0
unbiased_control_variate_escher,Unbiased Control-Variate ESCHER,,,2,32,31,620000,5222397.0,13734.170048775006,0.13472042330106218,-0.08561380000141125,7.375923411254148e-06,0.012400970794260502,0.06002716347575188,0.062361542135477066,0.017184869075814884,0.017184869075814884,outer_iteration,,False,False,experiment_7_new_run,-2.129509687423706,93471.0,1.007650314820738,0.0,1.5204650221343323,0.05507361783574942,8.167478289405622e-05,0.11298184562621102,0.11304551301941251,0.21468439456588165,9.298315314914469e-18,0.08468842490714867,31.0,31.0,31.0,0.08792240885454727,0.0752585938939031,0.09243318687502944,0.07854309440402141,0.09243318687502944,0.07854309440402141,0.08422230184078217,0.0795820951461792,0.09749969094991684,0.0902886688709259,333333.0,333333.0,333333.0
unbiased_control_variate_escher,Unbiased Control-Variate ESCHER,,,2,33,32,640000,5392315.0,14176.847325475013,0.11492300634594643,-0.08654251695222681,0.0009360928742268154,0.010512195527553558,0.05868487432599068,0.054395973682403564,0.016981919916967552,0.016981919916967552,outer_iteration,,False,False,experiment_7_new_run,-2.1394834518432617,93850.0,1.0059717117542935,0.35123230695249674,1.5594717952220298,0.0499102750070298,8.521567298782353e-05,0.11316223259829342,0.11325800237830623,0.21374515184916543,9.984717379137147e-18,0.08490847003662284,32.0,32.0,32.0,0.09243318687502944,0.07854309440402141,0.09463848325193935,0.0832727793505601,0.09463848325193935,0.0832727793505601,0.08095277845859528,0.07624003291130066,0.09170148521661758,0.08869534730911255,333333.0,333333.0,333333.0
unbiased_control_variate_escher,Unbiased Control-Variate ESCHER,,,2,34,33,660000,5561366.0,14621.921189654007,0.13264759930833142,-0.08856908109299932,0.0029626570149993287,0.011001256294548512,0.059751685708761215,0.062729112803936,0.01775672286748886,0.01775672286748886,outer_iteration,,False,False,experiment_7_new_run,-2.0765554904937744,93083.0,1.0014338232860989,0.12224642163902943,1.659069706262999,0.056618830632249165,8.039760629352921e-05,0.11310427918177507,0.11339731004785718,0.21612728045990484,9.581891555709237e-18,0.08212203426252854,33.0,33.0,33.0,0.09463848325193935,0.0832727793505601,0.09815664574636429,0.08427797375780355,0.09815664574636429,0.08427797375780355,0.08196668326854706,0.0888444110751152,0.09450581669807434,0.09816768020391464,333333.0,333333.0,333333.0
unbiased_control_variate_escher,Unbiased Control-Variate ESCHER,,,2,35,34,680000,5730193.0,15064.935278746008,0.08850146141148894,-0.08672555320392375,0.001119129125923754,0.010172649286687374,0.05637051537632942,0.05810732766985893,0.017400645340482395,0.017400645340482395,outer_iteration,,False,False,experiment_7_new_run,-2.064713954925537,93062.0,1.0012804522938192,0.3699195221974696,1.7846155399316732,0.057701292199611114,7.844075879238773e-05,0.11337752426595732,0.11378292509349797,0.21170507490457244,9.541187637824522e-18,0.0844536385830005,34.0,34.0,34.0,0.09815664574636429,0.08427797375780355,0.10258318840545644,0.08658714605447537,0.10258318840545644,0.08658714605447537,0.07991263270378113,0.07682923227548599,0.09358394891023636,0.0867120772600174,333333.0,333333.0,333333.0
unbiased_control_variate_escher,Unbiased Control-Variate ESCHER,,,2,36,35,700000,5899873.0,15508.329858490004,0.13046006675935895,-0.0917136823723019,0.006107258294301907,0.009783531539142132,0.06515412032604218,0.05827702581882477,0.018599067504207294,0.018599067504207294,outer_iteration,,False,False,experiment_7_new_run,-2.1254940032958984,93810.0,1.0052176116535105,0.4735218253300427,1.6146967495086129,0.06006467962014012,9.12021991086069e-05,0.11582653254101782,0.11588520916942645,0.21651369929079897,9.408938723565846e-18,0.08398960493434697,35.0,35.0,35.0,0.10258318840545644,0.08658714605447537,0.10641782537710309,0.08885761144344884,0.10641782537710309,0.08885761144344884,0.08802948892116547,0.08173692971467972,0.10242658853530884,0.09220898896455765,333333.0,333333.0,333333.0
unbiased_control_variate_escher,Unbiased Control-Variate ESCHER,,,2,37,36,720000,6068681.0,15941.328562317009,0.11396855406259981,-0.08624825642378003,0.0006418323457800384,0.011052527464926243,0.056204333901405334,0.060912493616342545,0.017466027289628983,0.017466027289628983,outer_iteration,,False,False,experiment_7_new_run,-2.0587944984436035,92982.0,1.0034487060340875,0.5368280052200491,1.794326117753078,0.057750091640492725,9.149237573004098e-05,0.11356921942289164,0.11363707234120925,0.21430797962676718,9.583494519742093e-18,0.0825463245637804,36.0,36.0,36.0,0.10641782537710309,0.08885761144344884,0.10814045680312556,0.0920353479636059,0.10814045680312556,0.0920353479636059,0.08279142528772354,0.07825934886932373,0.09459350258111954,0.08964364230632782,333333.0,333333.0,333333.0
unbiased_control_variate_escher,Unbiased Control-Variate ESCHER,,,2,38,37,740000,6236773.0,16375.974662893015,0.1119411106966079,-0.08807930770340103,0.0024728836254010317,0.010204331949353218,0.05887947604060173,0.060191988945007324,0.01733391545712948,0.01733391545712948,outer_iteration,,False,False,experiment_7_new_run,-2.0907859802246094,92399.0,1.002746354971292,0.0,2.0,0.05955531346798434,8.233031857333299e-05,0.11181908123858084,0.11190736796887076,0.21138091266580825,9.295198844884128e-18,0.08234464738903857,37.0,37.0,37.0,0.10814045680312556,0.0920353479636059,0.11069724889316002,0.09521043032044929,0.11069724889316002,0.09521043032044929,0.08414112031459808,0.08111681789159775,0.09722179919481277,0.0930505245923996,333333.0,333333.0,333333.0
unbiased_control_variate_escher,Unbiased Control-Variate ESCHER,,,2,39,38,760000,6403731.0,16806.702121857,0.09539626581010499,-0.08871199833946403,0.003105574261464031,0.009656277485191822,0.052126940339803696,0.06489883363246918,0.016616955399513245,0.016616955399513245,outer_iteration,,False,False,experiment_7_new_run,-2.0918078422546387,91522.0,1.0014880596804974,0.09283561694068398,1.5695548454433297,0.058253696537130785,7.487027574403506e-05,0.10587359180961733,0.10588525895593107,0.19519939182125295,8.923233750753507e-18,0.0831997451768121,38.0,38.0,38.0,0.11069724889316002,0.09521043032044929,0.11326280154418022,0.0951541901376114,0.11326280154418022,0.0951541901376114,0.07421239465475082,0.08953048288822174,0.08630592375993729,0.09888619929552078,333333.0,333333.0,333333.0
unbiased_control_variate_escher,Unbiased Control-Variate ESCHER,,,2,40,39,780000,6569793.0,17249.333972452005,0.11619387361524536,-0.09004660499529349,0.004440180917293493,0.009532967582345009,0.06104452535510063,0.06071256101131439,0.01736400897304217,0.01736400897304217,outer_iteration,,False,False,experiment_7_new_run,-2.1610360145568848,90868.0,1.0040278346008888,0.08605893448841717,1.7956415964129764,0.05880004018500362,8.662507024586433e-05,0.108280131882096,0.10830919853750294,0.20520100055653923,8.681231732737798e-18,0.0817447813452262,39.0,39.0,39.0,0.11326280154418022,0.0951541901376114,0.11311553138183106,0.09970245592861271,0.11311553138183106,0.09970245592861271,0.09138719737529755,0.07384893298149109,0.10289501398801804,0.08681986480951309,333333.0,333333.0,333333.0
unbiased_control_variate_escher,Unbiased Control-Variate ESCHER,,,2,41,40,800000,6737274.0,17685.770578319003,0.10224244730436148,-0.08773438564128355,0.0021279615632835563,0.009859473444521427,0.07360771298408508,0.06289180368185043,0.01902647626896699,0.01902647626896699,outer_iteration,,False,False,experiment_7_new_run,-2.080712080001831,91842.0,0.9989590202876806,0.0,1.545500633308774,0.05747940436370361,8.583022730195819e-05,0.110338871610442,0.11054359286464695,0.21685555096103482,8.719164463106754e-18,0.0820750759837973,40.0,40.0,40.0,0.11311553138183106,0.09970245592861271,0.11235000501297021,0.10202085154024243,0.11235000501297021,0.10202085154024243,0.0921056792140007,0.08142275363206863,0.10299212485551834,0.09307938814163208,333333.0,333333.0,333333.0
unbiased_control_variate_escher,Unbiased Control-Variate ESCHER,,,2,42,41,820000,6906073.0,18129.34368486001,0.13949289197816842,-0.08669529994885244,0.0010888758708524487,0.009279708378016949,0.07035163789987564,0.06755679845809937,0.017773844301700592,0.017773844301700592,outer_iteration,,False,False,experiment_7_new_run,-2.1045093536376953,92905.0,1.0023779480212105,0.0,1.5968174534856057,0.054137430005793505,8.526297631222702e-05,0.11531163890969591,0.11523545820430015,0.2195294593057091,9.361048290905118e-18,0.08216687265695878,41.0,41.0,41.0,0.11235000501297021,0.10202085154024243,0.11370424913355459,0.10422430039356811,0.11370424913355459,0.10422430039356811,0.09008033573627472,0.08729954808950424,0.10300853848457336,0.09972614794969559,333333.0,333333.0,333333.0
unbiased_control_variate_escher,Unbiased Control-Variate ESCHER,,,2,43,42,840000,7073033.0,18571.82711164601,0.13874393929306045,-0.08949738686930997,0.0038909627913099737,0.009735258296132088,0.05877682939171791,0.06227661296725273,0.01680317645271619,0.01680317645271619,outer_iteration,,False,False,experiment_7_new_run,-2.0622262954711914,91522.0,1.0019133475169486,0.5969607246070934,1.3472387820942229,0.0547868743442215,7.686733163414232e-05,0.1138027276738867,0.1137713544378563,0.22520063549634878,9.542823516412112e-18,0.08167260816657362,42.0,42.0,42.0,0.11370424913355459,0.10422430039356811,0.11359035672727724,0.10743896715767465,0.11359035672727724,0.10743896715767465,0.08575017005205154,0.08248026669025421,0.09662304073572159,0.09572209417819977,333333.0,333333.0,333333.0
unbiased_control_variate_escher,Unbiased Control-Variate ESCHER,,,2,44,43,860000,7239582.0,19012.813867663994,0.12582208060462885,-0.08955045679575507,0.003944032717755078,0.010783410631120205,0.06166670843958855,0.05864737927913666,0.019651188204685848,0.019651188204685848,outer_iteration,,False,False,experiment_7_new_run,-2.1327366828918457,91220.0,1.0020938369168988,0.0,2.0,0.05679847101160696,9.218659151823317e-05,0.11110498967810996,0.11110048298498497,0.21033876020166825,8.953700584748121e-18,0.08010755454155039,43.0,43.0,43.0,0.11359035672727724,0.10743896715767465,0.11359863764596578,0.1110884696365938,0.11359863764596578,0.1110884696365938,0.090984046459198,0.07936114072799683,0.10265268385410309,0.09303218871355057,333333.0,333333.0,333333.0
unbiased_control_variate_escher,Unbiased Control-Variate ESCHER,,,2,45,44,880000,7406276.0,19449.39377815,0.12951503384954188,-0.08631925591698633,0.0007128318389863358,0.010852423496544361,0.06050613895058632,0.06819356977939606,0.017635356013973553,0.017635356013973553,outer_iteration,,False,False,experiment_7_new_run,-2.0866308212280273,91344.0,1.0004541447112067,0.24019230549227266,2.0,0.05236358965922102,8.176553524723526e-05,0.11141855192626761,0.11132628051207476,0.2112159926207591,9.199489636319629e-18,0.08265667215305902,44.0,44.0,44.0,0.11359863764596578,0.1110884696365938,0.1132643325166306,0.11390845684004891,0.1132643325166306,0.11390845684004891,0.0906258076429367,0.08192618936300278,0.10186223685741425,0.09534279257059097,333333.0,333333.0,333333.0
unbiased_control_variate_escher,Unbiased Control-Variate ESCHER,,,2,46,45,900000,7573141.0,19890.077643066994,0.10992664836149614,-0.08422128029658632,0.0013851437814136752,0.008520196191966534,0.06741674989461899,0.06065000966191292,0.017689958214759827,0.017689958214759827,outer_iteration,,False,False,experiment_7_new_run,-1.9914337396621704,91528.0,1.003203990569263,0.16036838494159866,1.745631233965381,0.058696714254414986,7.959938573604202e-05,0.11114828341459858,0.11130588797434922,0.21185042064992646,8.935116736926891e-18,0.08092646387718934,45.0,45.0,45.0,0.1132643325166306,0.11390845684004891,0.11384124195501932,0.11606270005618713,0.11384124195501932,0.11606270005618713,0.08867175877094269,0.08024521917104721,0.10065016895532608,0.09297895431518555,333333.0,333333.0,333333.0
unbiased_control_variate_escher,Unbiased Control-Variate ESCHER,,,2,47,46,920000,7740732.0,20331.190106154012,0.11875192311284236,-0.08299767791164869,0.002608746166351303,0.009148088283836842,0.059508293867111206,0.055234406143426895,0.01628403551876545,0.01628403551876545,outer_iteration,,False,False,experiment_7_new_run,-2.211472749710083,92105.0,1.0044086194424346,0.6280154764442745,1.7423668611802858,0.05168730188465018,8.186008887738732e-05,0.11036084562721263,0.11039784715644872,0.21038943743419422,9.365181783588835e-18,0.08250606197992065,46.0,46.0,46.0,0.11384124195501932,0.11606270005618713,0.11503198358269628,0.1172425299088431,0.11503198358269628,0.1172425299088431,0.08353684842586517,0.07666581124067307,0.09560929238796234,0.08804450184106827,333333.0,333333.0,333333.0
unbiased_control_variate_escher,Unbiased Control-Variate ESCHER,,,2,48,47,940000,7907390.0,20772.806864359998,0.10265549528030436,-0.08738120290624468,0.0017747788282446858,0.009963233023881912,0.06664112955331802,0.05774836614727974,0.016951269159714382,0.016951269159714382,outer_iteration,,False,False,experiment_7_new_run,-2.1631641387939453,91214.0,1.0011505405765317,0.09802222106857239,1.4162422514460173,0.04793415886635732,8.247988520262005e-05,0.11074899866313093,0.11076114129408673,0.21213970065335272,8.834616189488453e-18,0.08111851923592624,47.0,47.0,47.0,0.11503198358269628,0.1172425299088431,0.11793690602060314,0.11872045930653385,0.11793690602060314,0.11872045930653385,0.08830373734235764,0.07775480300188065,0.1030680313706398,0.08971340954303741,333333.0,333333.0,333333.0
unbiased_control_variate_escher,Unbiased Control-Variate ESCHER,,,2,49,48,960000,8075839.0,21210.052363413008,0.10387041575276704,-0.08784377085746198,0.0022373467794619822,0.009462995454668999,0.06982693821191788,0.06570953130722046,0.01671625953167677,0.01671625953167677,outer_iteration,,False,False,experiment_7_new_run,-2.1944096088409424,92690.0,1.0003956798760114,0.1978319344792704,1.5912392012296779,0.04999197175677777,8.033952102937973e-05,0.11785810947809312,0.11829611731225693,0.220343500407393,8.536562802335548e-18,0.08332100555658012,48.0,48.0,48.0,0.11793690602060314,0.11872045930653385,0.11857991831501435,0.11732674124627929,0.11857991831501435,0.11732674124627929,0.09865915030241013,0.08768532425165176,0.11258934438228607,0.09795566648244858,333333.0,333333.0,333333.0
unbiased_control_variate_escher,Unbiased Control-Variate ESCHER,,,2,50,49,980000,8243561.0,21649.74106514,0.09790732617025932,-0.08632324194212382,0.0007168178641238226,0.008600597269833088,0.06493691354990005,0.061754703521728516,0.016763299082716305,0.016763299082716305,outer_iteration,,False,False,experiment_7_new_run,-2.094913959503174,92139.0,1.00096545930604,0.40073868098860765,2.0,0.056154361777522345,8.00571866672447e-05,0.11357471890026168,0.11374555676141729,0.21364701278123563,8.65938347238669e-18,0.08147789561276518,49.0,49.0,49.0,0.11857991831501435,0.11732674124627929,0.11990446026635315,0.11762898440998493,0.11990446026635315,0.11762898440998493,0.0936415046453476,0.08233366906642914,0.10777216404676437,0.09361018240451813,333333.0,333333.0,333333.0
unbiased_control_variate_escher,Unbiased Control-Variate ESCHER,,,2,51,50,1000000,8411907.0,22086.589045250992,0.14049366904341132,-0.08690917900060913,0.0013027549226091312,0.009587220847606659,0.06908047944307327,0.07218047976493835,0.01833847165107727,0.01833847165107727,outer_iteration,,False,False,experiment_7_new_run,-2.141730546951294,92581.0,1.002263010636035,0.4153595680665155,2.0,0.05860991486809194,8.580319258897449e-05,0.11412211014220441,0.11415399009080532,0.21722475671357686,9.587020692929632e-18,0.08188420242809787,50.0,50.0,50.0,0.11990446026635315,0.11762898440998493,0.12111193142674159,0.11488839293319453,0.12111193142674159,0.11488839293319453,0.09329304844141006,0.09073104709386826,0.10741017013788223,0.09980162233114243,333333.0,333333.0,333333.0
unbiased_control_variate_escher,Unbiased Control-Variate ESCHER,,,2,52,51,1020000,8578856.0,22526.68434808799,0.12539208124784804,-0.0844915555249181,0.0011148685530818908,0.009772174060344696,0.05848284438252449,0.06400327384471893,0.01768590820332368,0.01768590820332368,outer_iteration,,False,False,experiment_7_new_run,-2.20937442779541,91435.0,1.00079233821647,0.4656138465100754,1.5485541596065389,0.05191770662957271,8.591274452625747e-05,0.11224925070737385,0.11236176856961899,0.2039981997144929,9.13451044347013e-18,0.08400626705957427,51.0,51.0,51.0,0.12111193142674159,0.11488839293319453,0.12068381153878993,0.11484186209671154,0.12068381153878993,0.11484186209671154,0.09252257645130157,0.0801297202706337,0.10477172583341599,0.09047980606555939,333333.0,333333.0,333333.0
unbiased_control_variate_escher,Unbiased Control-Variate ESCHER,,,2,53,52,1040000,8746772.0,22963.094185310998,0.1067367316790038,-0.08441425777380751,0.0011921663041924851,0.008800262585282326,0.06654556840658188,0.0679425597190857,0.018181862620015938,0.018181862620015938,outer_iteration,,False,False,experiment_7_new_run,-2.116724967956543,92137.0,1.0031064678447532,0.0,2.0,0.05637047361419859,9.41906606894598e-05,0.11363100053346188,0.11370104223379618,0.2171325265405085,9.546324342004839e-18,0.08140498316592691,52.0,52.0,52.0,0.12068381153878993,0.11484186209671154,0.11970960231312644,0.1145653293513259,0.11970960231312644,0.1145653293513259,0.09745512157678604,0.08977223187685013,0.10968436300754547,0.10111595690250397,333333.0,333333.0,333333.0
unbiased_control_variate_escher,Unbiased Control-Variate ESCHER,,,2,54,53,1060000,8913801.0,23404.256559233996,0.09015377339074002,-0.08295458789859533,0.0026518361794046624,0.009183600544929504,0.06495359539985657,0.06333356350660324,0.017539116243521374,0.017539116243521374,outer_iteration,,False,False,experiment_7_new_run,-2.0658345222473145,91459.0,0.9973289378721987,0.0,1.7805794065199256,0.06833048916085278,9.466587331647526e-05,0.1119797833585754,0.11209429761823876,0.21728199532222667,9.485625464292438e-18,0.07989552150752069,53.0,53.0,53.0,0.11970960231312644,0.1145653293513259,0.11925149426407677,0.1157797905075677,0.11925149426407677,0.1157797905075677,0.09009823948144913,0.0823047012090683,0.10181304812431335,0.09428244084119797,333333.0,333333.0,333333.0
unbiased_control_variate_escher,Unbiased Control-Variate ESCHER,,,2,55,54,1080000,9081277.0,23838.374366367992,0.09275641647640559,-0.08565277185681242,4.634777881241947e-05,0.008929493837058544,0.06285830587148666,0.06428565084934235,0.019734390700856846,0.019734390700856846,outer_iteration,,False,False,experiment_7_new_run,-2.0452773571014404,91929.0,1.0002201690369672,0.021901281766460667,1.886304722036505,0.056668220684402464,0.00011204000404719866,0.11014427692299815,0.11014584561236282,0.21780289701529745,8.956946476258273e-18,0.08198453921145793,54.0,54.0,54.0,0.11925149426407677,0.1157797905075677,0.11886834369550303,0.11794653071409444,0.11886834369550303,0.11794653071409444,0.08995108306407928,0.0795336440205574,0.10168161988258362,0.09230998158454895,333333.0,333333.0,333333.0
unbiased_control_variate_escher,Unbiased Control-Variate ESCHER,,,2,56,55,1100000,9248345.0,24273.847018767003,0.11312749255502536,-0.08421071081947654,0.0013957132585234594,0.009476679377257824,0.05472874641418457,0.05572310462594032,0.018262416124343872,0.018262416124343872,outer_iteration,,False,False,experiment_7_new_run,-2.122812032699585,91592.0,0.993483293107524,0.5752312112931329,1.8528770138578439,0.06095790204469144,0.00011016142365216912,0.10868877819537558,0.10910852551225135,0.20786896610473393,9.06956115875172e-18,0.08240931518198832,55.0,55.0,55.0,0.11886834369550303,0.11794653071409444,0.11854054917256962,0.11814669464941518,0.11854054917256962,0.11814669464941518,0.08480041474103928,0.07950381189584732,0.09585938602685928,0.09035229682922363,333333.0,333333.0,333333.0
unbiased_control_variate_escher,Unbiased Control-Variate ESCHER,,,2,57,56,1120000,9416103.0,24707.360424412997,0.1376153968880492,-0.08259684839546633,0.003009575682533669,0.009840191341936588,0.060285404324531555,0.05935312807559967,0.020846956719954807,0.020846956719954807,outer_iteration,,False,False,experiment_7_new_run,-2.0619821548461914,92099.0,0.998480992075838,0.05068564295765676,1.450698842256785,0.058528430980677046,9.03605655260296e-05,0.11016478946244652,0.11019122908617889,0.20598984522936492,9.123804966800003e-18,0.0832586094203626,56.0,56.0,56.0,0.11854054917256962,0.11814669464941518,0.11922221310825287,0.11825730207015006,0.11922221310825287,0.11825730207015006,0.08773799240589142,0.0790741965174675,0.1003275066614151,0.08978759497404099,333333.0,333333.0,333333.0
unbiased_control_variate_escher,Unbiased Control-Variate ESCHER,,,2,58,57,1140000,9584320.0,25141.481626319,0.08751751328111365,-0.08193268154935451,0.0036737425286454822,0.007538581732660532,0.055402908474206924,0.058935657143592834,0.01784200221300125,0.01784200221300125,outer_iteration,,False,False,experiment_7_new_run,-2.0228219032287598,92480.0,1.0003458403471206,0.4714798115692135,2.0,0.05970769205268439,8.708811828560653e-05,0.11070921691820665,0.11077103423578817,0.21108398088370126,9.310662199520997e-18,0.08326886143148275,57.0,57.0,57.0,0.11922221310825287,0.11825730207015006,0.11946240945201059,0.11808632878781278,0.11946240945201059,0.11808632878781278,0.08655720204114914,0.07984194904565811,0.09855130314826965,0.09036651998758316,333333.0,333333.0,333333.0
unbiased_control_variate_escher,Unbiased Control-Variate ESCHER,,,2,59,58,1160000,9752233.0,25570.31752499001,0.10516718764945852,-0.08479310705250692,0.0008133170254930738,0.010062824003398418,0.06535157561302185,0.06084218621253967,0.017090737198789913,0.017090737198789913,outer_iteration,,False,False,experiment_7_new_run,-2.194666862487793,92294.0,0.9963180673933705,0.5056610178560946,1.7818941698302289,0.051609153679844734,8.439189104453282e-05,0.11053150572981137,0.11070538415937836,0.20682412248325754,8.567690987587415e-18,0.08139479187623447,58.0,58.0,58.0,0.11946240945201059,0.11808632878781278,0.12019422784307032,0.11937445354583587,0.12019422784307032,0.11937445354583587,0.08335418999195099,0.08070110529661179,0.09550391137599945,0.09288749098777771,333333.0,333333.0,333333.0
unbiased_control_variate_escher,Unbiased Control-Variate ESCHER,,,2,60,59,1180000,9920297.0,26002.023705486004,0.0978440589289127,-0.088008941155505,0.002402517077505009,0.009170209057629108,0.05609230697154999,0.06725865602493286,0.018088739675780136,0.018088739675780136,outer_iteration,,False,False,experiment_7_new_run,-2.120412826538086,92037.0,0.9990694706749058,0.30923530657994747,2.0,0.04819796554984856,8.870698756464039e-05,0.10632388966695826,0.10637393815373528,0.2122535907151111,9.099639867612788e-18,0.08184457304891309,59.0,59.0,59.0,0.12019422784307032,0.11937445354583587,0.12035922292010481,0.11642634097661031,0.12035922292010481,0.11642634097661031,0.07862977683544159,0.08927879482507706,0.08955934643745422,0.09820423275232315,333333.0,333333.0,333333.0
unbiased_control_variate_escher,Unbiased Control-Variate ESCHER,,,2,61,60,1200000,10087487.0,26433.915950212016,0.08598521846295759,-0.08336480578090177,0.002241618297098222,0.008018049411475658,0.05936015769839287,0.06162266805768013,0.01727091707289219,0.01727091707289219,outer_iteration,,False,False,experiment_7_new_run,-1.918608546257019,91491.0,0.9991950395943534,0.35120706088656617,1.4143725625563248,0.05319274843271244,8.13411210504182e-05,0.10714228216692245,0.10720461620583226,0.20058000764590314,9.064645431954142e-18,0.08188344107853687,60.0,60.0,60.0,0.12035922292010481,0.11642634097661031,0.12001428224014898,0.11330471043147872,0.12001428224014898,0.11330471043147872,0.08164433389902115,0.08225173503160477,0.09242624789476395,0.08975537121295929,333333.0,333333.0,333333.0
unbiased_control_variate_escher,Unbiased Control-Variate ESCHER,,,2,62,61,1220000,10255817.0,26866.279995560006,0.08875446694157264,-0.08554059018139679,6.58338966032096e-05,0.008489668369293213,0.05281125381588936,0.0621153824031353,0.01571086949358384,0.01571086949358384,outer_iteration,,False,False,experiment_7_new_run,-2.1948516368865967,92384.0,1.0061188391308211,0.0,2.0,0.06375604767334733,0.00010521210053376775,0.10835749522045046,0.10843071840482742,0.2102080511397818,9.498127590566475e-18,0.0814654186516896,61.0,61.0,61.0,0.12001428224014898,0.11330471043147872,0.11962974850654906,0.11257481362359334,0.11962974850654906,0.11257481362359334,0.08340861648321152,0.08040545135736465,0.09435240179300308,0.08990667760372162,333333.0,333333.0,333333.0
unbiased_control_variate_escher,Unbiased Control-Variate ESCHER,,,2,63,62,1240000,10423684.0,27304.134578697005,0.13535804422100658,-0.08193014670640456,0.0036762773715954405,0.00830425601452589,0.05256837606430054,0.055085647851228714,0.017060358077287674,0.017060358077287674,outer_iteration,,False,False,experiment_7_new_run,-2.0717263221740723,92248.0,1.004030002012055,0.0,1.669243633719347,0.05464881670615534,0.00010455506810138977,0.10848637165513032,0.10856978092107152,0.21204886574644186,9.075716405426816e-18,0.08156238796316048,62.0,62.0,62.0,0.11962974850654906,0.11257481362359334,0.12092648724672161,0.11486031609902358,0.12092648724672161,0.11486031609902358,0.07604285329580307,0.0732172355055809,0.08781484514474869,0.08490119874477386,333333.0,333333.0,333333.0
unbiased_control_variate_escher,Unbiased Control-Variate ESCHER,,,2,64,63,1260000,10590755.0,27734.815178277,0.08667337155953002,-0.08355805035805142,0.002048373719948579,0.009320932440459728,0.05202086269855499,0.052133962512016296,0.016635805057982605,0.016635805057982605,outer_iteration,,False,False,experiment_7_new_run,-2.173544406890869,91506.0,1.0014780468041722,0.6882127722376101,1.3780122403961999,0.04981836621253436,9.27830615497106e-05,0.10635715091107212,0.10646958932859782,0.201346290527681,8.851083483806391e-18,0.08200258130953456,63.0,63.0,63.0,0.12092648724672161,0.11486031609902358,0.12180323832232542,0.11833798280595187,0.12180323832232542,0.11833798280595187,0.07932383567094803,0.07086523622274399,0.09120353311300278,0.08367947489023209,333333.0,333333.0,333333.0
unbiased_control_variate_escher,Unbiased Control-Variate ESCHER,,,2,65,64,1280000,10759053.0,28173.773755817994,0.06299769304495419,-0.08470036584385796,0.0009060582341420403,0.00835422333329916,0.057124942541122437,0.06177523359656334,0.015393543057143688,0.015393543057143688,outer_iteration,,False,False,experiment_7_new_run,-2.1163582801818848,92388.0,1.0013249312050385,0.0,2.0,0.05617577221717575,0.00010069702357989928,0.10760927151618582,0.10772137991391086,0.20323127213180606,9.095328786894404e-18,0.08248618565277255,64.0,64.0,64.0,0.12180323832232542,0.11833798280595187,0.12199887474192894,0.1175123837503892,0.12199887474192894,0.1175123837503892,0.07752568274736404,0.08284951746463776,0.08849252760410309,0.09310635924339294,333333.0,333333.0,333333.0
unbiased_control_variate_escher,Unbiased Control-Variate ESCHER,,,2,66,65,1300000,10927476.0,28613.29143841099,0.07546470514958742,-0.08215290034884012,0.0034535237291598714,0.009272176772356033,0.056521955877542496,0.05472609028220177,0.015256889164447784,0.015256889164447784,outer_iteration,,False,False,experiment_7_new_run,-2.21770977973938,92628.0,1.0015323246739671,0.0,2.0,0.04883074993770849,9.565480037213692e-05,0.1090965407247409,0.10914082677600907,0.20783707922690003,8.913633989156386e-18,0.08199076047201023,65.0,65.0,65.0,0.12199887474192894,0.1175123837503892,0.12258761835251364,0.117870233062214,0.12258761835251364,0.117870233062214,0.0735139548778534,0.07850918918848038,0.08436580002307892,0.08933620154857635,333333.0,333333.0,333333.0
unbiased_control_variate_escher,Unbiased Control-Variate ESCHER,,,2,67,66,1320000,11095305.0,29053.17303447501,0.10166218089712915,-0.08376166360000492,0.001844760477995075,0.008732261136174202,0.05738496407866478,0.059274401515722275,0.016381949186325073,0.016381949186325073,outer_iteration,,False,False,experiment_7_new_run,-2.209832191467285,92091.0,1.0036082913055389,0.0,2.0,0.052186238488463495,9.379583759814649e-05,0.10874811783235697,0.10865245718565374,0.20787837492234532,9.282203521507854e-18,0.08287952410544935,66.0,66.0,66.0,0.12258761835251364,0.117870233062214,0.12300821744840695,0.11903227453019027,0.12300821744840695,0.11903227453019027,0.07492925971746445,0.07712160795927048,0.08584900945425034,0.08863303810358047,333333.0,333333.0,333333.0
unbiased_control_variate_escher,Unbiased Control-Variate ESCHER,,,2,68,67,1340000,11262985.0,29484.856417881994,0.08976126929184189,-0.08442987891965897,0.001176545158341022,0.00865683238953352,0.06112351641058922,0.05609471723437309,0.01583923678845167,0.01583923678845167,outer_iteration,,False,False,experiment_7_new_run,-2.238115072250366,91834.0,0.9998679089223828,0.14694274355881365,1.846563219187651,0.04953866206034773,7.843071496031734e-05,0.10890420171543216,0.10889023640617361,0.20506678887509416,8.848452342973144e-18,0.08307549334694256,67.0,67.0,67.0,0.12300821744840695,0.11903227453019027,0.12346657539150219,0.12049630509859977,0.12346657539150219,0.12049630509859977,0.08009308576583862,0.07488009333610535,0.09181761741638184,0.08651108294725418,333333.0,333333.0,333333.0
unbiased_control_variate_escher,Unbiased Control-Variate ESCHER,,,2,69,68,1360000,11430004.0,29922.401697497,0.0851847182580946,-0.08466291309393009,0.0009435109840699035,0.0082273930311203,0.05368081107735634,0.05327383056282997,0.01636498235166073,0.01636498235166073,outer_iteration,,False,False,experiment_7_new_run,-2.1992757320404053,91440.0,1.0022301208900504,0.0,1.9381793148242208,0.053378795504010194,7.944815192256844e-05,0.10390535001668166,0.10396473974195163,0.1999264339570815,8.8250226128662e-18,0.08294103814817338,68.0,68.0,68.0,0.12346657539150219,0.12049630509859977,0.12347410973459216,0.12237261595264282,0.12347410973459216,0.12237261595264282,0.07470633089542389,0.07066870480775833,0.0852372944355011,0.08227487653493881,333333.0,333333.0,333333.0
unbiased_control_variate_escher,Unbiased Control-Variate ESCHER,,,2,70,69,1380000,11598279.0,30353.486270174995,0.0910477414783652,-0.083698474870154,0.0019079492078459964,0.008518586866557598,0.05106700584292412,0.05522869899868965,0.018900978068510692,0.018900978068510692,outer_iteration,,False,False,experiment_7_new_run,-2.1851677894592285,92311.0,0.9994818124909036,0.35425197337132497,2.0,0.054472340440836556,8.151883757741543e-05,0.10607386924525444,0.10608229873059191,0.20703364535734958,9.303877830717862e-18,0.08314941379645878,69.0,69.0,69.0,0.12347410973459216,0.12237261595264282,0.12310829609970597,0.12266448290381493,0.12310829609970597,0.12266448290381493,0.07707405835390091,0.075351782143116,0.08754545450210571,0.08615712821483612,333333.0,333333.0,333333.0
unbiased_control_variate_escher,Unbiased Control-Variate ESCHER,,,2,71,70,1400000,11765102.0,30796.95942463001,0.08127179337348087,-0.08338899887222978,0.0022174252057702154,0.009995633736252785,0.05664606764912605,0.05494703724980354,0.01757401041686535,0.01757401041686535,outer_iteration,,False,False,experiment_7_new_run,-2.1480319499969482,91245.0,0.9975501652497961,0.12527775829348553,2.0,0.04700748273012258,7.539290700011739e-05,0.10446099006913491,0.1045295404966213,0.19557327899173507,9.073361993093724e-18,0.08359855073015456,70.0,70.0,70.0,0.12310829609970597,0.12266448290381493,0.1219153070435457,0.12535040825627608,0.1219153070435457,0.12535040825627608,0.08028433471918106,0.07365982979536057,0.09030073136091232,0.0866980329155922,333333.0,333333.0,333333.0
unbiased_control_variate_escher,Unbiased Control-Variate ESCHER,,,2,72,71,1420000,11931832.0,31235.180201596988,0.07551105378044007,-0.08247395877296917,0.003132465305030821,0.007938495837152004,0.05764932557940483,0.05371071398258209,0.013427923123041788,0.013427923123041788,outer_iteration,,False,False,experiment_7_new_run,-2.28078031539917,91047.0,0.9997903967363155,0.0,1.8255737615478114,0.05081892974597272,7.34535818956018e-05,0.1030756645754144,0.10312380051282068,0.19573050881014448,8.446462932534127e-18,0.08418036857386624,71.0,71.0,71.0,0.1219153070435457,0.12535040825627608,0.1236471227973055,0.12801474744497865,0.1236471227973055,0.12801474744497865,0.0781019777059555,0.07126228511333466,0.09076207876205444,0.08418489992618561,333333.0,333333.0,333333.0
unbiased_control_variate_escher,Unbiased Control-Variate ESCHER,,,2,73,72,1440000,12098645.0,31678.521229597012,0.11320614180707701,-0.08415292921639486,0.001453494861605134,0.007007842417806387,0.05579829588532448,0.05497866868972778,0.015728977508842945,0.015728977508842945,outer_iteration,,False,False,experiment_7_new_run,-2.299492359161377,91110.0,1.0010214910560487,0.0,1.924156674093333,0.04464434078749621,8.478499096565546e-05,0.10503784824828265,0.10507413697764062,0.20475136414225764,8.645888270731725e-18,0.08405851385401998,72.0,72.0,72.0,0.1236471227973055,0.12801474744497865,0.12444722785917883,0.1291358763261592,0.12444722785917883,0.1291358763261592,0.08042481541633606,0.07535857707262039,0.09261342883110046,0.08756374567747116,333333.0,333333.0,333333.0
unbiased_control_variate_escher,Unbiased Control-Variate ESCHER,,,2,74,73,1460000,12265826.0,32111.432806913013,0.13098697893010006,-0.08373418157145929,0.0018722425065407083,0.00783516000956297,0.05238713324069977,0.052803996950387955,0.016015690751373768,0.016015690751373768,outer_iteration,,False,False,experiment_7_new_run,-2.1881966590881348,91559.0,1.0004613297932614,0.30061462593035293,1.9497970670912181,0.045665434546644124,8.190291064532121e-05,0.10718373986360813,0.10727942275380581,0.20463544807736747,8.99564335221953e-18,0.08451442627752868,73.0,73.0,73.0,0.12444722785917883,0.1291358763261592,0.12606996726713093,0.12869338891650361,0.12606996726713093,0.12869338891650361,0.0796523466706276,0.07341739535331726,0.09268252551555634,0.08385533094406128,333333.0,333333.0,333333.0
unbiased_control_variate_escher,Unbiased Control-Variate ESCHER,,,2,75,74,1480000,12432965.0,32548.28174583899,0.0758790711998671,-0.0828808234986032,0.002725600579396789,0.00808747485280037,0.05010392144322395,0.06533583998680115,0.015864987236758072,0.015864987236758072,outer_iteration,,False,False,experiment_7_new_run,-2.209097146987915,91447.0,0.9999249365770853,0.09752047028063371,1.9662824900481208,0.054951749665294716,7.353052051547184e-05,0.10561784423203435,0.10584305066610276,0.2049110329212144,9.028828005525664e-18,0.08314629330715154,74.0,74.0,74.0,0.12606996726713093,0.12869338891650361,0.1280015327389713,0.1268782881823297,0.1280015327389713,0.1268782881823297,0.07267416268587112,0.08173002302646637,0.08518008142709732,0.09195426851511002,333333.0,333333.0,333333.0
unbiased_control_variate_escher,Unbiased Control-Variate ESCHER,,,2,76,75,1500000,12599701.0,32976.821023656,0.07473509474823502,-0.08428648547642065,0.0013199386015793485,0.009157778695225716,0.051568541675806046,0.06031075492501259,0.0187394709015886,0.0187394709015886,outer_iteration,,False,False,experiment_7_new_run,-2.2483766078948975,91149.0,1.0012472922566262,0.4456213118315199,2.0,0.050873670003979014,7.52586520201464e-05,0.1062319582365616,0.10633808778093314,0.21033378121419022,9.475734034865375e-18,0.08273395692929761,75.0,75.0,75.0,0.1280015327389713,0.1268782881823297,0.12899949658561494,0.12839220978244437,0.12899949658561494,0.12839220978244437,0.07325820624828339,0.07581166923046112,0.08505158871412277,0.08836541324853897,333333.0,333333.0,333333.0
unbiased_control_variate_escher,Unbiased Control-Variate ESCHER,,,2,77,76,1520000,12768740.0,33412.16446220601,0.0988504547552326,-0.08382350154705473,0.0017829225309452662,0.007257493678480387,0.05899326130747795,0.05903518199920654,0.016255090944468975,0.016255090944468975,outer_iteration,,False,False,experiment_7_new_run,-2.21453595161438,92892.0,1.002632914199537,0.47532453865737123,2.0,0.0491014309314748,8.531423900496957e-05,0.10857040091269198,0.10860487776971643,0.20544269213350716,9.2771163387887e-18,0.08310831964273782,76.0,76.0,76.0,0.12899949658561494,0.12839220978244437,0.12868531275535589,0.12637934065675382,0.12868531275535589,0.12637934065675382,0.08120543509721756,0.08120910823345184,0.09290391206741333,0.09111865609884262,333333.0,333333.0,333333.0
unbiased_control_variate_escher,Unbiased Control-Variate ESCHER,,,2,78,77,1540000,12937622.0,33842.96983182701,0.0759625905801248,-0.08104646249822181,0.004559961579778185,0.00822189450263977,0.058935802429914474,0.06165953353047371,0.016513479873538017,0.016513479873538017,outer_iteration,,False,False,experiment_7_new_run,-2.18404221534729,92601.0,0.9984584328709516,0.25138093728051425,1.960658239680534,0.05000477521855652,0.00010445122576439704,0.11140304483963026,0.11156261119727875,0.21429074616554725,9.209397815449172e-18,0.08297926953586525,77.0,77.0,77.0,0.12868531275535589,0.12637934065675382,0.126044478900045,0.12314252700427653,0.126044478900045,0.12314252700427653,0.08563466370105743,0.08390658348798752,0.095508873462677,0.09273673593997955,333333.0,333333.0,333333.0
unbiased_control_variate_escher,Unbiased Control-Variate ESCHER,,,2,79,78,1560000,13106023.0,34286.10929114101,0.08625999545527663,-0.08523010516618496,0.0003763189118150406,0.007448009680956602,0.060298994183540344,0.06802621483802795,0.0177580788731575,0.0177580788731575,outer_iteration,,False,False,experiment_7_new_run,-2.1156680583953857,92264.0,1.0032428109531715,0.22436995316684305,2.0,0.05157026201301941,0.00010222646751616827,0.10752565853436412,0.10755941594825418,0.20228985351889864,8.882157434566404e-18,0.08321972484571057,78.0,78.0,78.0,0.126044478900045,0.12314252700427653,0.1267750567176381,0.12394359284130763,0.1267750567176381,0.12394359284130763,0.07736536115407944,0.08431427925825119,0.08928626775741577,0.09697772562503815,333333.0,333333.0,333333.0
unbiased_control_variate_escher,Unbiased Control-Variate ESCHER,,,2,80,79,1580000,13273712.0,34716.75048842101,0.07092846362414683,-0.08213010573151214,0.0034763183464878583,0.009237878955900669,0.05144955590367317,0.05608590319752693,0.01603676099330187,0.01603676099330187,outer_iteration,,False,False,experiment_7_new_run,-2.239232063293457,91848.0,1.0041002209501644,0.1792741105882708,1.9078788886875238,0.04942088161621513,0.00010538216685226401,0.10573690500340979,0.10565983308513843,0.20827340955936716,9.334576276291131e-18,0.08353177427682978,79.0,79.0,79.0,0.1267750567176381,0.12394359284130763,0.12651889578007236,0.12599577664673167,0.12651889578007236,0.12599577664673167,0.07724563777446747,0.07431543618440628,0.08819331973791122,0.08693166077136993,333333.0,333333.0,333333.0
unbiased_control_variate_escher,Unbiased Control-Variate ESCHER,,,2,81,80,1600000,13441078.0,35155.85015980099,0.07660434396566265,-0.08289464577159364,0.0027117783064063566,0.007373913656920195,0.056264251470565796,0.06102551892399788,0.01569100438306729,0.01569100438306729,outer_iteration,,False,False,experiment_7_new_run,-2.194809675216675,91406.0,1.001667300431381,0.0,2.0,0.04933580752903093,9.420819123070494e-05,0.10208726326361797,0.10208160271623906,0.19834756475290505,9.053888554902121e-18,0.08399860828234974,80.0,80.0,80.0,0.12651889578007236,0.12599577664673167,0.1277164261655669,0.1268908417046627,0.1277164261655669,0.1268908417046627,0.0743684321641922,0.07873205095529556,0.08638118952512741,0.09100230783224106,333333.0,333333.0,333333.0
unbiased_control_variate_escher,Unbiased Control-Variate ESCHER,,,2,82,81,1620000,13609262.0,35588.141290614,0.06688208659255328,-0.0833372127683607,0.0022692113096392935,0.00788840465247631,0.056507658213377,0.0707915797829628,0.015447530274589857,0.015447530274589857,outer_iteration,,False,False,experiment_7_new_run,-2.1994423866271973,92065.0,1.0039675787617648,0.42633768789080007,1.966432868575725,0.051993407411181275,8.928769819566948e-05,0.1037680894798537,0.10381106176792194,0.1985463223402205,8.78575876062263e-18,0.08341073460864902,81.0,81.0,81.0,0.1277164261655669,0.1268908417046627,0.12762355413670523,0.12733599137510965,0.12762355413670523,0.12733599137510965,0.07722511142492294,0.08150358498096466,0.08843597024679184,0.0938088595867157,333333.0,333333.0,333333.0
unbiased_control_variate_escher,Unbiased Control-Variate ESCHER,,,2,83,82,1640000,13776601.0,36021.47651523599,0.10742053903370866,-0.0815980067107549,0.004008417367245096,0.0074050347320735455,0.06285136193037033,0.0602237768471241,0.017360554387172062,0.017360554387172062,outer_iteration,,False,False,experiment_7_new_run,-2.23987078666687,91447.0,1.0018660707121458,0.23893655036349903,2.0,0.05198250959715785,9.282175747675675e-05,0.10361681015433469,0.1036603750560043,0.20126609333545203,9.143382086886411e-18,0.08460603937214747,82.0,82.0,82.0,0.12762355413670523,0.12733599137510965,0.1257247968624804,0.1283834595400105,0.1257247968624804,0.1283834595400105,0.085837721824646,0.0754641592502594,0.09641647338867188,0.08755576610565186,333333.0,333333.0,333333.0
unbiased_control_variate_escher,Unbiased Control-Variate ESCHER,,,2,84,83,1660000,13943279.0,36449.33696034399,0.07961808266397602,-0.08180427909106988,0.0038021449869301144,0.008359215222299099,0.06006248667836189,0.05745215713977814,0.017023122558991115,0.017023122558991115,outer_iteration,,False,False,experiment_7_new_run,-2.1584599018096924,90913.0,1.00516854230282,0.32887706392206784,2.0,0.049513674492860295,8.740356154966184e-05,0.10076471422553265,0.10066106623281833,0.19749991786290125,8.639925625085567e-18,0.08319012206320982,83.0,83.0,83.0,0.1257247968624804,0.1283834595400105,0.12468855485479169,0.12814023998464108,0.12468855485479169,0.12814023998464108,0.08290886878967285,0.07911251485347748,0.09375060349702835,0.09051401913166046,333333.0,333333.0,333333.0
unbiased_control_variate_escher,Unbiased Control-Variate ESCHER,,,2,85,84,1680000,14110775.0,36880.92364387799,0.0961810274292367,-0.08100320455281096,0.004603219525189037,0.008328485302627087,0.04972696304321289,0.06437192857265472,0.016793697141110897,0.016793697141110897,outer_iteration,,False,False,experiment_7_new_run,-2.164670467376709,91422.0,1.0050391587258913,0.0,1.9625364621774026,0.048594224169229074,9.052718061113185e-05,0.10286800906093796,0.10278583176640926,0.20463896350256677,9.029607949262815e-18,0.08432437157728646,84.0,84.0,84.0,0.12468855485479169,0.12814023998464108,0.12461227566774147,0.1283998602473072,0.12461227566774147,0.1283998602473072,0.07873708754777908,0.08277323842048645,0.08987386524677277,0.09520836919546127,333333.0,333333.0,333333.0
unbiased_control_variate_escher,Unbiased Control-Variate ESCHER,,,2,86,85,1700000,14278655.0,37310.60831789399,0.088802503612631,-0.08095976951797251,0.004646654560027483,0.00749380886554718,0.06409136205911636,0.06098075211048126,0.015648503166933853,0.015648503166933853,outer_iteration,,False,False,experiment_7_new_run,-2.187159776687622,91837.0,1.001351186112829,0.43276852498497365,2.0,0.04753716849028992,9.13365720806047e-05,0.10752092609033559,0.10750870196462746,0.20725632636527125,9.240298366617141e-18,0.08459601661350646,85.0,85.0,85.0,0.12461227566774147,0.1283998602473072,0.12547906753417326,0.13085046506196774,0.12547906753417326,0.13085046506196774,0.0814894363284111,0.08051809668540955,0.0939941555261612,0.09493809193372726,333333.0,333333.0,333333.0
unbiased_control_variate_escher,Unbiased Control-Variate ESCHER,,,2,87,86,1720000,14446595.0,37742.249598252994,0.10267429099734257,-0.08033750123557049,0.00526892284242951,0.007508490700274706,0.054821860045194626,0.05751650035381317,0.016355083013574283,0.016355083013574283,outer_iteration,,False,False,experiment_7_new_run,-2.1641807556152344,92037.0,1.000163748623964,0.46779955535316053,2.0,0.04754042017896794,0.00010471117707394236,0.10753822423225337,0.10773089291837228,0.21011773239441692,9.400789901920149e-18,0.08418840243228286,86.0,86.0,86.0,0.12547906753417326,0.13085046506196774,0.12513346394271874,0.1300356796403831,0.12513346394271874,0.1300356796403831,0.07899066805839539,0.07997726649045944,0.08996400982141495,0.09116464108228683,333333.0,333333.0,333333.0
unbiased_control_variate_escher,Unbiased Control-Variate ESCHER,,,2,88,87,1740000,14614198.0,38173.65412619201,0.07716453308553511,-0.08196119977632446,0.0036452243016755342,0.009106979705393314,0.06488388031721115,0.05643659830093384,0.017313234508037567,0.017313234508037567,outer_iteration,,False,False,experiment_7_new_run,-2.196413516998291,91685.0,0.9969576945951285,0.24300787935115498,2.0,0.047774621099228864,9.329381806568693e-05,0.105570768388004,0.10576797413800795,0.2013537799482955,8.945574903035101e-18,0.08428923255440743,87.0,87.0,87.0,0.12513346394271874,0.1300356796403831,0.12454981973458401,0.13117042156576997,0.12454981973458401,0.13117042156576997,0.08038310706615448,0.07496065646409988,0.09127184003591537,0.08734755963087082,333333.0,333333.0,333333.0
unbiased_control_variate_escher,Unbiased Control-Variate ESCHER,,,2,89,88,1760000,14782218.0,38612.897726005,0.07881507715539196,-0.08326586345836015,0.002340560619639845,0.007300138473510742,0.05221975967288017,0.056923359632492065,0.017229183887441952,0.017229183887441952,outer_iteration,,False,False,experiment_7_new_run,-2.1902990341186523,92100.0,0.9962421946043047,0.0,2.0,0.05681872687622988,8.322098132687429e-05,0.10816928772230652,0.10842820995236015,0.2062788653142233,9.01392360325365e-18,0.08368693016746297,88.0,88.0,88.0,0.12454981973458401,0.13117042156576997,0.12394363448671986,0.1293581052610746,0.12394363448671986,0.1293581052610746,0.08735604584217072,0.07799544185400009,0.09914699196815491,0.08788564056158066,333333.0,333333.0,333333.0
unbiased_control_variate_escher,Unbiased Control-Variate ESCHER,,,2,90,89,1780000,14951236.0,39044.81407516499,0.07244408558545164,-0.08265734060242796,0.0029490834755720313,0.008192346431314945,0.06182504817843437,0.05623944476246834,0.01676588940123717,0.01676588940123717,outer_iteration,,False,False,experiment_7_new_run,-2.2374699115753174,92941.0,0.997960426288507,0.3413783086166372,1.9942759611977148,0.05112279072315579,7.903398025695365e-05,0.10783907343881471,0.1080191573756058,0.2127850818929064,9.188612244009239e-18,0.08425715736836681,89.0,89.0,89.0,0.12394363448671986,0.1293581052610746,0.12485839842077762,0.1299440835826149,0.12485839842077762,0.1299440835826149,0.08043016493320465,0.07924951612949371,0.09277096390724182,0.09163331985473633,333333.0,333333.0,333333.0
unbiased_control_variate_escher,Unbiased Control-Variate ESCHER,,,2,91,90,1800000,15118479.0,39473.844010692,0.07255932678624462,-0.0842025870239693,0.0014038370540307016,0.007506055757403374,0.056894540786743164,0.06094084307551384,0.015822396303216617,0.015822396303216617,outer_iteration,,False,False,experiment_7_new_run,-2.232882022857666,91548.0,0.9952899418772284,0.4074426062088303,2.0,0.050009516505924154,7.13099765839535e-05,0.10707329149210758,0.10733043858036799,0.20317585900030796,9.484779270374959e-18,0.08490111023116495,90.0,90.0,90.0,0.12485839842077762,0.1299440835826149,0.12482895918076209,0.129964384571708,0.12482895918076209,0.129964384571708,0.08077535778284073,0.07810290157794952,0.09226877242326736,0.0897887796163559,333333.0,333333.0,333333.0
